#0 building with "desktop-linux" instance using docker driver

#1 [internal] load build definition from Dockerfile
#1 transferring dockerfile: 4.94kB done
#1 DONE 0.0s

#2 [internal] load metadata for docker.io/library/python:3.12-slim
#2 DONE 1.6s

#3 [internal] load .dockerignore
#3 transferring context: 352B done
#3 DONE 0.0s

#4 [frontend  1/13] FROM docker.io/library/python:3.12-slim@sha256:423ed6ab25b1921a477529254bfeeabf5855151dc2c3141699a1bfc852199fbf
#4 resolve docker.io/library/python:3.12-slim@sha256:423ed6ab25b1921a477529254bfeeabf5855151dc2c3141699a1bfc852199fbf done
#4 DONE 0.1s

#5 [internal] load build context
#5 transferring context: 74.22MB 1.0s done
#5 DONE 1.0s

#4 [frontend  1/13] FROM docker.io/library/python:3.12-slim@sha256:423ed6ab25b1921a477529254bfeeabf5855151dc2c3141699a1bfc852199fbf
#4 sha256:cffa4384564c01362ec4028304df9debd74692071dbe4dc24e4e0597b5fce5e8 2.10MB / 12.05MB 1.1s
#4 sha256:0f1b58ea93c802a468c35d692ba5c076833dfcdbe8a3c659bd88988cddb03058 250B / 250B 0.4s done
#4 sha256:7af48765385d1829dcd55a84e2bb1711e7ae9ed8c2a78cb1894ecccee67155fd 0B / 1.27MB 0.9s
#4 sha256:7af48765385d1829dcd55a84e2bb1711e7ae9ed8c2a78cb1894ecccee67155fd 1.05MB / 1.27MB 1.2s
#4 sha256:7af48765385d1829dcd55a84e2bb1711e7ae9ed8c2a78cb1894ecccee67155fd 1.27MB / 1.27MB 1.4s done
#4 extracting sha256:7af48765385d1829dcd55a84e2bb1711e7ae9ed8c2a78cb1894ecccee67155fd 0.1s done
#4 sha256:cffa4384564c01362ec4028304df9debd74692071dbe4dc24e4e0597b5fce5e8 3.15MB / 12.05MB 1.5s
#4 sha256:cffa4384564c01362ec4028304df9debd74692071dbe4dc24e4e0597b5fce5e8 4.19MB / 12.05MB 4.5s
#4 sha256:cffa4384564c01362ec4028304df9debd74692071dbe4dc24e4e0597b5fce5e8 5.24MB / 12.05MB 5.0s
#4 sha256:cffa4384564c01362ec4028304df9debd74692071dbe4dc24e4e0597b5fce5e8 6.29MB / 12.05MB 5.3s
#4 sha256:cffa4384564c01362ec4028304df9debd74692071dbe4dc24e4e0597b5fce5e8 7.34MB / 12.05MB 5.4s
#4 sha256:cffa4384564c01362ec4028304df9debd74692071dbe4dc24e4e0597b5fce5e8 8.39MB / 12.05MB 5.6s
#4 sha256:cffa4384564c01362ec4028304df9debd74692071dbe4dc24e4e0597b5fce5e8 9.44MB / 12.05MB 5.7s
#4 sha256:cffa4384564c01362ec4028304df9debd74692071dbe4dc24e4e0597b5fce5e8 10.49MB / 12.05MB 6.2s
#4 sha256:cffa4384564c01362ec4028304df9debd74692071dbe4dc24e4e0597b5fce5e8 11.53MB / 12.05MB 6.3s
#4 sha256:cffa4384564c01362ec4028304df9debd74692071dbe4dc24e4e0597b5fce5e8 12.05MB / 12.05MB 7.1s done
#4 extracting sha256:cffa4384564c01362ec4028304df9debd74692071dbe4dc24e4e0597b5fce5e8
#4 extracting sha256:cffa4384564c01362ec4028304df9debd74692071dbe4dc24e4e0597b5fce5e8 0.6s done
#4 extracting sha256:0f1b58ea93c802a468c35d692ba5c076833dfcdbe8a3c659bd88988cddb03058
#4 extracting sha256:0f1b58ea93c802a468c35d692ba5c076833dfcdbe8a3c659bd88988cddb03058 0.0s done
#4 DONE 7.9s

#6 [frontend  2/13] WORKDIR /app
#6 DONE 0.3s

#7 [frontend  3/13] RUN apt-get update     && apt-get install -y --no-install-recommends       ca-certificates       curl       nodejs       npm     && rm -rf /var/lib/apt/lists/*     && npm install -g n     && n 22
#7 0.467 Hit:1 http://deb.debian.org/debian trixie InRelease
#7 0.482 Get:2 http://deb.debian.org/debian trixie-updates InRelease [47.3 kB]
#7 0.491 Get:3 http://deb.debian.org/debian-security trixie-security InRelease [43.4 kB]
#7 0.512 Get:4 http://deb.debian.org/debian trixie/main arm64 Packages [9608 kB]
#7 ...

#8 [runtime  3/29] RUN apt-get update     && apt-get install -y --no-install-recommends       build-essential       ca-certificates       curl       git       nodejs       npm       ripgrep     && rm -rf /var/lib/apt/lists/*
#8 0.468 Hit:1 http://deb.debian.org/debian trixie InRelease
#8 0.482 Get:2 http://deb.debian.org/debian trixie-updates InRelease [47.3 kB]
#8 0.490 Get:3 http://deb.debian.org/debian-security trixie-security InRelease [43.4 kB]
#8 0.750 Get:4 http://deb.debian.org/debian trixie/main arm64 Packages [9608 kB]
#8 ...

#7 [frontend  3/13] RUN apt-get update     && apt-get install -y --no-install-recommends       ca-certificates       curl       nodejs       npm     && rm -rf /var/lib/apt/lists/*     && npm install -g n     && n 22
#7 15.68 Get:5 http://deb.debian.org/debian trixie-updates/main arm64 Packages [5404 B]
#7 15.69 Get:6 http://deb.debian.org/debian-security trixie-security/main arm64 Packages [226 kB]
#7 16.47 Fetched 9930 kB in 16s (618 kB/s)
#7 16.47 Reading package lists...
#7 16.89 Reading package lists...
#7 17.39 Building dependency tree...
#7 17.47 Reading state information...
#7 17.62 ca-certificates is already the newest version (20250419).
#7 17.62 The following additional packages will be installed:
#7 17.62   eslint gyp handlebars libbrotli1 libcares2 libcom-err2 libcurl4t64 libexpat1
#7 17.62   libgnutls30t64 libgssapi-krb5-2 libicu76 libidn2-0 libjs-events
#7 17.62   libjs-inherits libjs-is-typedarray libjs-prettify libjs-regenerate
#7 17.62   libjs-source-map libjs-sprintf-js libjs-typedarray-to-buffer libjs-util
#7 17.62   libk5crypto3 libkeyutils1 libkrb5-3 libkrb5support0 libldap2 libnghttp2-14
#7 17.62   libnghttp3-9 libnode-dev libnode115 libp11-kit0 libpsl5t64 libpython3-stdlib
#7 17.62   libpython3.13-minimal libpython3.13-stdlib librtmp1 libsasl2-2
#7 17.62   libsasl2-modules-db libssh2-1t64 libssl-dev libtasn1-6 libunistring5
#7 17.62   libuv1-dev libuv1t64 media-types node-abbrev node-acorn node-agent-base
#7 17.62   node-ajv node-ajv-keywords node-ampproject-remapping node-ansi-escapes
#7 17.62   node-ansi-regex node-ansi-styles node-anymatch node-aproba node-archy
#7 17.62   node-are-we-there-yet node-argparse node-arrify node-assert node-async
#7 17.62   node-async-each node-babel-helper-define-polyfill-provider
#7 17.62   node-babel-plugin-add-module-exports node-babel-plugin-lodash
#7 17.62   node-babel-plugin-polyfill-corejs2 node-babel-plugin-polyfill-corejs3
#7 17.62   node-babel-plugin-polyfill-regenerator node-babel7 node-babel7-runtime
#7 17.62   node-balanced-match node-base64-js node-binary-extensions
#7 17.62   node-brace-expansion node-braces node-browserslist node-builtins
#7 17.62   node-cacache node-camelcase node-caniuse-lite node-chalk node-chokidar
#7 17.62   node-chownr node-chrome-trace-event node-ci-info node-cjs-module-lexer
#7 17.62   node-cli-table node-cliui node-clone node-clone-deep node-color-convert
#7 17.62   node-color-name node-colors node-columnify node-commander node-commondir
#7 17.62   node-concat-stream node-console-control-strings node-convert-source-map
#7 17.62   node-copy-concurrently node-core-js node-core-js-compat node-core-js-pure
#7 17.62   node-core-util-is node-corepack node-css-loader node-css-selector-tokenizer
#7 17.62   node-data-uri-to-buffer node-debbundle-es-to-primitive node-debug
#7 17.62   node-decamelize node-decompress-response node-deep-equal node-deep-is
#7 17.62   node-defaults node-define-properties node-define-property node-defined
#7 17.62   node-del node-delegates node-depd node-diff node-doctrine
#7 17.62   node-electron-to-chromium node-encoding node-enhanced-resolve node-envinfo
#7 17.62   node-err-code node-errno node-error-ex node-es-abstract node-es-module-lexer
#7 17.62   node-es6-error node-escape-string-regexp node-escodegen node-eslint-scope
#7 17.62   node-eslint-utils node-eslint-visitor-keys node-espree node-esprima
#7 17.62   node-esquery node-esrecurse node-estraverse node-esutils node-events
#7 17.62   node-execa node-fancy-log node-fast-deep-equal node-fast-levenshtein
#7 17.62   node-fetch node-file-entry-cache node-fill-range node-find-cache-dir
#7 17.62   node-find-up node-flat-cache node-flatted node-for-in node-for-own
#7 17.62   node-foreground-child node-fs-readdir-recursive node-fs-write-stream-atomic
#7 17.62   node-fs.realpath node-function-bind node-functional-red-black-tree
#7 17.62   node-gauge node-get-caller-file node-get-stream node-glob node-glob-parent
#7 17.62   node-globals node-globby node-got node-graceful-fs node-gyp node-has-flag
#7 17.62   node-has-unicode node-hosted-git-info node-http-proxy-agent
#7 17.62   node-https-proxy-agent node-iconv-lite node-icss-utils node-ieee754
#7 17.62   node-iferr node-ignore node-imurmurhash node-indent-string node-inflight
#7 17.62   node-inherits node-ini node-interpret node-ip node-ip-regex node-is-arrayish
#7 17.62   node-is-binary-path node-is-buffer node-is-descriptor node-is-extendable
#7 17.62   node-is-extglob node-is-glob node-is-number node-is-path-cwd
#7 17.62   node-is-path-inside node-is-plain-obj node-is-plain-object node-is-stream
#7 17.62   node-is-typedarray node-is-windows node-isarray node-isexe node-isobject
#7 17.62   node-istanbul node-jest-debbundle node-jest-worker node-js-tokens
#7 17.62   node-js-yaml node-jsesc node-json-buffer node-json-parse-better-errors
#7 17.62   node-json-schema node-json-schema-traverse node-json-stable-stringify
#7 17.62   node-json5 node-jsonify node-jsonparse node-kind-of node-levn
#7 17.62   node-loader-runner node-locate-path node-lodash node-lodash-packages
#7 17.62   node-lowercase-keys node-lru-cache node-make-dir node-memfs node-memory-fs
#7 17.62   node-merge-stream node-micromatch node-mime node-mime-types node-mimic-fn
#7 17.62   node-mimic-response node-minimatch node-minimist node-minipass node-mkdirp
#7 17.62   node-move-concurrently node-ms node-mute-stream node-n3 node-negotiator
#7 17.62   node-neo-async node-nopt node-normalize-package-data node-normalize-path
#7 17.62   node-npm-bundled node-npm-package-arg node-npm-run-path node-npmlog
#7 17.62   node-object-assign node-object-inspect node-once node-optimist
#7 17.62   node-optionator node-osenv node-p-cancelable node-p-limit node-p-locate
#7 17.62   node-p-map node-parse-json node-path-dirname node-path-exists
#7 17.62   node-path-is-absolute node-path-is-inside node-path-type node-picocolors
#7 17.62   node-pify node-pkg-dir node-postcss node-postcss-modules-extract-imports
#7 17.62   node-postcss-modules-values node-postcss-value-parser node-prelude-ls
#7 17.62   node-process-nextick-args node-progress node-promise-inflight
#7 17.62   node-promise-retry node-promzard node-prr node-punycode node-quick-lru
#7 17.62   node-randombytes node-read node-read-package-json node-read-pkg
#7 17.62   node-readable-stream node-readdirp node-rechoir node-regenerate
#7 17.62   node-regenerate-unicode-properties node-regenerator-runtime
#7 17.62   node-regenerator-transform node-regexpp node-regexpu-core node-regjsgen
#7 17.62   node-regjsparser node-repeat-string node-require-directory node-resolve
#7 17.62   node-resolve-cwd node-resolve-from node-resumer node-retry node-rimraf
#7 17.62   node-run-queue node-safe-buffer node-schema-utils node-semver
#7 17.62   node-serialize-javascript node-set-blocking node-set-immediate-shim
#7 17.62   node-shebang-command node-shebang-regex node-signal-exit node-slash
#7 17.62   node-slice-ansi node-source-list-map node-source-map node-source-map-support
#7 17.62   node-spdx-correct node-spdx-exceptions node-spdx-expression-parse
#7 17.62   node-spdx-license-ids node-sprintf-js node-ssri node-string-decoder
#7 17.62   node-string-width node-strip-ansi node-strip-bom node-strip-eof
#7 17.62   node-strip-json-comments node-supports-color node-tapable node-tape node-tar
#7 17.62   node-terser node-text-table node-through node-time-stamp
#7 17.62   node-to-fast-properties node-to-regex-range node-tslib node-type-check
#7 17.62   node-typedarray node-typedarray-to-buffer node-undici
#7 17.62   node-unicode-canonical-property-names-ecmascript
#7 17.62   node-unicode-match-property-ecmascript
#7 17.62   node-unicode-match-property-value-ecmascript
#7 17.62   node-unicode-property-aliases-ecmascript node-unique-filename node-uri-js
#7 17.62   node-util node-util-deprecate node-uuid node-v8-compile-cache node-v8flags
#7 17.62   node-validate-npm-package-license node-validate-npm-package-name
#7 17.62   node-watchpack node-wcwidth.js node-webassemblyjs node-webpack-sources
#7 17.62   node-which node-wide-align node-wordwrap node-wrap-ansi node-wrappy
#7 17.62   node-write node-write-file-atomic node-xtend node-y18n node-yallist
#7 17.62   node-yargs node-yargs-parser python3 python3-minimal python3-packaging
#7 17.62   python3.13 python3.13-minimal terser webpack
#7 17.62 Suggested packages:
#7 17.62   node-babel-eslint node-esprima-fb node-inquirer gnutls-bin krb5-doc
#7 17.62   krb5-user libjs-angularjs libssl-doc libuv1-doc
#7 17.62   node-babel-plugin-polyfill-es-shims node-babel7-debug javascript-common
#7 17.62   livescript chai node-jest-diff node-opener python3-doc python3-tk
#7 17.62   python3-venv python3.13-venv python3.13-doc binutils binfmt-support
#7 17.62 Recommended packages:
#7 17.62   bash-completion javascript-common krb5-locales libldap-common publicsuffix
#7 17.62   libsasl2-modules node-re2 node-require-from-string build-essential
#7 17.62   nodejs-doc git node-tap
#7 18.77 The following NEW packages will be installed:
#7 18.77   curl eslint gyp handlebars libbrotli1 libcares2 libcom-err2 libcurl4t64
#7 18.77   libexpat1 libgnutls30t64 libgssapi-krb5-2 libicu76 libidn2-0 libjs-events
#7 18.77   libjs-inherits libjs-is-typedarray libjs-prettify libjs-regenerate
#7 18.77   libjs-source-map libjs-sprintf-js libjs-typedarray-to-buffer libjs-util
#7 18.77   libk5crypto3 libkeyutils1 libkrb5-3 libkrb5support0 libldap2 libnghttp2-14
#7 18.77   libnghttp3-9 libnode-dev libnode115 libp11-kit0 libpsl5t64 libpython3-stdlib
#7 18.77   libpython3.13-minimal libpython3.13-stdlib librtmp1 libsasl2-2
#7 18.77   libsasl2-modules-db libssh2-1t64 libssl-dev libtasn1-6 libunistring5
#7 18.77   libuv1-dev libuv1t64 media-types node-abbrev node-acorn node-agent-base
#7 18.77   node-ajv node-ajv-keywords node-ampproject-remapping node-ansi-escapes
#7 18.77   node-ansi-regex node-ansi-styles node-anymatch node-aproba node-archy
#7 18.77   node-are-we-there-yet node-argparse node-arrify node-assert node-async
#7 18.77   node-async-each node-babel-helper-define-polyfill-provider
#7 18.77   node-babel-plugin-add-module-exports node-babel-plugin-lodash
#7 18.77   node-babel-plugin-polyfill-corejs2 node-babel-plugin-polyfill-corejs3
#7 18.77   node-babel-plugin-polyfill-regenerator node-babel7 node-babel7-runtime
#7 18.77   node-balanced-match node-base64-js node-binary-extensions
#7 18.77   node-brace-expansion node-braces node-browserslist node-builtins
#7 18.77   node-cacache node-camelcase node-caniuse-lite node-chalk node-chokidar
#7 18.77   node-chownr node-chrome-trace-event node-ci-info node-cjs-module-lexer
#7 18.77   node-cli-table node-cliui node-clone node-clone-deep node-color-convert
#7 18.77   node-color-name node-colors node-columnify node-commander node-commondir
#7 18.77   node-concat-stream node-console-control-strings node-convert-source-map
#7 18.77   node-copy-concurrently node-core-js node-core-js-compat node-core-js-pure
#7 18.77   node-core-util-is node-corepack node-css-loader node-css-selector-tokenizer
#7 18.77   node-data-uri-to-buffer node-debbundle-es-to-primitive node-debug
#7 18.77   node-decamelize node-decompress-response node-deep-equal node-deep-is
#7 18.77   node-defaults node-define-properties node-define-property node-defined
#7 18.77   node-del node-delegates node-depd node-diff node-doctrine
#7 18.77   node-electron-to-chromium node-encoding node-enhanced-resolve node-envinfo
#7 18.77   node-err-code node-errno node-error-ex node-es-abstract node-es-module-lexer
#7 18.77   node-es6-error node-escape-string-regexp node-escodegen node-eslint-scope
#7 18.77   node-eslint-utils node-eslint-visitor-keys node-espree node-esprima
#7 18.77   node-esquery node-esrecurse node-estraverse node-esutils node-events
#7 18.77   node-execa node-fancy-log node-fast-deep-equal node-fast-levenshtein
#7 18.77   node-fetch node-file-entry-cache node-fill-range node-find-cache-dir
#7 18.77   node-find-up node-flat-cache node-flatted node-for-in node-for-own
#7 18.77   node-foreground-child node-fs-readdir-recursive node-fs-write-stream-atomic
#7 18.77   node-fs.realpath node-function-bind node-functional-red-black-tree
#7 18.77   node-gauge node-get-caller-file node-get-stream node-glob node-glob-parent
#7 18.77   node-globals node-globby node-got node-graceful-fs node-gyp node-has-flag
#7 18.77   node-has-unicode node-hosted-git-info node-http-proxy-agent
#7 18.77   node-https-proxy-agent node-iconv-lite node-icss-utils node-ieee754
#7 18.77   node-iferr node-ignore node-imurmurhash node-indent-string node-inflight
#7 18.77   node-inherits node-ini node-interpret node-ip node-ip-regex node-is-arrayish
#7 18.77   node-is-binary-path node-is-buffer node-is-descriptor node-is-extendable
#7 18.77   node-is-extglob node-is-glob node-is-number node-is-path-cwd
#7 18.77   node-is-path-inside node-is-plain-obj node-is-plain-object node-is-stream
#7 18.77   node-is-typedarray node-is-windows node-isarray node-isexe node-isobject
#7 18.77   node-istanbul node-jest-debbundle node-jest-worker node-js-tokens
#7 18.77   node-js-yaml node-jsesc node-json-buffer node-json-parse-better-errors
#7 18.77   node-json-schema node-json-schema-traverse node-json-stable-stringify
#7 18.77   node-json5 node-jsonify node-jsonparse node-kind-of node-levn
#7 18.77   node-loader-runner node-locate-path node-lodash node-lodash-packages
#7 18.77   node-lowercase-keys node-lru-cache node-make-dir node-memfs node-memory-fs
#7 18.77   node-merge-stream node-micromatch node-mime node-mime-types node-mimic-fn
#7 18.77   node-mimic-response node-minimatch node-minimist node-minipass node-mkdirp
#7 18.77   node-move-concurrently node-ms node-mute-stream node-n3 node-negotiator
#7 18.77   node-neo-async node-nopt node-normalize-package-data node-normalize-path
#7 18.77   node-npm-bundled node-npm-package-arg node-npm-run-path node-npmlog
#7 18.77   node-object-assign node-object-inspect node-once node-optimist
#7 18.77   node-optionator node-osenv node-p-cancelable node-p-limit node-p-locate
#7 18.77   node-p-map node-parse-json node-path-dirname node-path-exists
#7 18.77   node-path-is-absolute node-path-is-inside node-path-type node-picocolors
#7 18.77   node-pify node-pkg-dir node-postcss node-postcss-modules-extract-imports
#7 18.77   node-postcss-modules-values node-postcss-value-parser node-prelude-ls
#7 18.77   node-process-nextick-args node-progress node-promise-inflight
#7 18.77   node-promise-retry node-promzard node-prr node-punycode node-quick-lru
#7 18.77   node-randombytes node-read node-read-package-json node-read-pkg
#7 18.77   node-readable-stream node-readdirp node-rechoir node-regenerate
#7 18.77   node-regenerate-unicode-properties node-regenerator-runtime
#7 18.77   node-regenerator-transform node-regexpp node-regexpu-core node-regjsgen
#7 18.77   node-regjsparser node-repeat-string node-require-directory node-resolve
#7 18.77   node-resolve-cwd node-resolve-from node-resumer node-retry node-rimraf
#7 18.77   node-run-queue node-safe-buffer node-schema-utils node-semver
#7 18.77   node-serialize-javascript node-set-blocking node-set-immediate-shim
#7 18.77   node-shebang-command node-shebang-regex node-signal-exit node-slash
#7 18.77   node-slice-ansi node-source-list-map node-source-map node-source-map-support
#7 18.77   node-spdx-correct node-spdx-exceptions node-spdx-expression-parse
#7 18.77   node-spdx-license-ids node-sprintf-js node-ssri node-string-decoder
#7 18.77   node-string-width node-strip-ansi node-strip-bom node-strip-eof
#7 18.77   node-strip-json-comments node-supports-color node-tapable node-tape node-tar
#7 18.77   node-terser node-text-table node-through node-time-stamp
#7 18.77   node-to-fast-properties node-to-regex-range node-tslib node-type-check
#7 18.77   node-typedarray node-typedarray-to-buffer node-undici
#7 18.77   node-unicode-canonical-property-names-ecmascript
#7 18.77   node-unicode-match-property-ecmascript
#7 18.77   node-unicode-match-property-value-ecmascript
#7 18.77   node-unicode-property-aliases-ecmascript node-unique-filename node-uri-js
#7 18.77   node-util node-util-deprecate node-uuid node-v8-compile-cache node-v8flags
#7 18.77   node-validate-npm-package-license node-validate-npm-package-name
#7 18.77   node-watchpack node-wcwidth.js node-webassemblyjs node-webpack-sources
#7 18.77   node-which node-wide-align node-wordwrap node-wrap-ansi node-wrappy
#7 18.77   node-write node-write-file-atomic node-xtend node-y18n node-yallist
#7 18.77   node-yargs node-yargs-parser nodejs npm python3 python3-minimal
#7 18.77   python3-packaging python3.13 python3.13-minimal terser webpack
#7 18.83 0 upgraded, 395 newly installed, 0 to remove and 0 not upgraded.
#7 18.83 Need to get 48.4 MB of archives.
#7 18.83 After this operation, 257 MB of additional disk space will be used.
#7 18.83 Get:1 http://deb.debian.org/debian trixie/main arm64 libexpat1 arm64 2.7.1-2 [93.3 kB]
#7 18.84 Get:2 http://deb.debian.org/debian trixie/main arm64 libpython3.13-minimal arm64 3.13.5-2+deb13u2 [856 kB]
#7 18.92 Get:3 http://deb.debian.org/debian trixie/main arm64 python3.13-minimal arm64 3.13.5-2+deb13u2 [2002 kB]
#7 19.19 Get:4 http://deb.debian.org/debian trixie/main arm64 python3-minimal arm64 3.13.5-1 [27.2 kB]
#7 19.20 Get:5 http://deb.debian.org/debian trixie/main arm64 media-types all 13.0.0 [29.3 kB]
#7 19.21 Get:6 http://deb.debian.org/debian trixie/main arm64 libpython3.13-stdlib arm64 3.13.5-2+deb13u2 [1894 kB]
#7 20.81 Get:7 http://deb.debian.org/debian trixie/main arm64 python3.13 arm64 3.13.5-2+deb13u2 [757 kB]
#7 21.60 Get:8 http://deb.debian.org/debian trixie/main arm64 libpython3-stdlib arm64 3.13.5-1 [10.2 kB]
#7 21.61 Get:9 http://deb.debian.org/debian trixie/main arm64 python3 arm64 3.13.5-1 [28.2 kB]
#7 21.86 Get:10 http://deb.debian.org/debian trixie/main arm64 libbrotli1 arm64 1.1.0-2+b7 [308 kB]
#7 22.37 Get:11 http://deb.debian.org/debian-security trixie-security/main arm64 libkrb5support0 arm64 1.21.3-5+deb13u1 [32.5 kB]
#7 22.39 Get:12 http://deb.debian.org/debian trixie/main arm64 libcom-err2 arm64 1.47.2-3+b11 [24.9 kB]
#7 22.40 Get:13 http://deb.debian.org/debian-security trixie-security/main arm64 libk5crypto3 arm64 1.21.3-5+deb13u1 [81.4 kB]
#7 22.43 Get:14 http://deb.debian.org/debian trixie/main arm64 libkeyutils1 arm64 1.6.3-6 [9716 B]
#7 22.44 Get:15 http://deb.debian.org/debian-security trixie-security/main arm64 libkrb5-3 arm64 1.21.3-5+deb13u1 [308 kB]
#7 22.62 Get:16 http://deb.debian.org/debian-security trixie-security/main arm64 libgssapi-krb5-2 arm64 1.21.3-5+deb13u1 [128 kB]
#7 22.69 Get:17 http://deb.debian.org/debian trixie/main arm64 libunistring5 arm64 1.3-2 [453 kB]
#7 22.81 Get:18 http://deb.debian.org/debian trixie/main arm64 libidn2-0 arm64 2.3.8-2 [107 kB]
#7 22.86 Get:19 http://deb.debian.org/debian trixie/main arm64 libsasl2-modules-db arm64 2.1.28+dfsg1-9 [20.1 kB]
#7 22.86 Get:20 http://deb.debian.org/debian trixie/main arm64 libsasl2-2 arm64 2.1.28+dfsg1-9 [55.6 kB]
#7 22.91 Get:21 http://deb.debian.org/debian trixie/main arm64 libldap2 arm64 2.6.10+dfsg-1 [179 kB]
#7 22.95 Get:22 http://deb.debian.org/debian-security trixie-security/main arm64 libnghttp2-14 arm64 1.64.0-1.1+deb13u1 [71.6 kB]
#7 22.96 Get:23 http://deb.debian.org/debian trixie/main arm64 libnghttp3-9 arm64 1.8.0-1 [63.2 kB]
#7 22.98 Get:24 http://deb.debian.org/debian trixie/main arm64 libpsl5t64 arm64 0.21.2-1.1+b1 [57.1 kB]
#7 22.98 Get:25 http://deb.debian.org/debian trixie/main arm64 libp11-kit0 arm64 0.25.5-3 [409 kB]
#7 23.14 Get:26 http://deb.debian.org/debian trixie/main arm64 libtasn1-6 arm64 4.20.0-2 [47.3 kB]
#7 23.19 Get:27 http://deb.debian.org/debian-security trixie-security/main arm64 libgnutls30t64 arm64 3.8.9-3+deb13u4 [1379 kB]
#7 24.00 Get:28 http://deb.debian.org/debian trixie/main arm64 librtmp1 arm64 2.4+20151223.gitfa8646d.1-2+b5 [56.8 kB]
#7 24.04 Get:29 http://deb.debian.org/debian-security trixie-security/main arm64 libssh2-1t64 arm64 1.11.1-1+deb13u1 [236 kB]
#7 24.18 Get:30 http://deb.debian.org/debian trixie/main arm64 libcurl4t64 arm64 8.14.1-2+deb13u3 [359 kB]
#7 24.30 Get:31 http://deb.debian.org/debian trixie/main arm64 curl arm64 8.14.1-2+deb13u3 [262 kB]
#7 24.36 Get:32 http://deb.debian.org/debian trixie/main arm64 node-fast-deep-equal all 3.1.3-3 [5768 B]
#7 24.36 Get:33 http://deb.debian.org/debian trixie/main arm64 node-json-schema-traverse all 1.0.0-3 [6308 B]
#7 24.37 Get:34 http://deb.debian.org/debian trixie/main arm64 node-jsonify all 0.0.1-1 [8704 B]
#7 24.38 Get:35 http://deb.debian.org/debian trixie/main arm64 node-json-stable-stringify all 1.0.2+repack1+~cs1.0.34-2 [9496 B]
#7 24.38 Get:36 http://deb.debian.org/debian trixie/main arm64 node-punycode all 2.3.1+~2.1.4-1 [10.8 kB]
#7 24.38 Get:37 http://deb.debian.org/debian trixie/main arm64 node-uri-js all 4.4.0+dfsg-8 [47.3 kB]
#7 24.39 Get:38 http://deb.debian.org/debian trixie/main arm64 libcares2 arm64 1.34.5-1+deb13u1 [92.4 kB]
#7 24.43 Get:39 http://deb.debian.org/debian trixie/main arm64 libicu76 arm64 76.1-4 [9524 kB]
#7 ...

#8 [runtime  3/29] RUN apt-get update     && apt-get install -y --no-install-recommends       build-essential       ca-certificates       curl       git       nodejs       npm       ripgrep     && rm -rf /var/lib/apt/lists/*
#8 17.25 Get:5 http://deb.debian.org/debian trixie-updates/main arm64 Packages [5404 B]
#8 17.26 Get:6 http://deb.debian.org/debian-security trixie-security/main arm64 Packages [226 kB]
#8 18.02 Fetched 9930 kB in 18s (564 kB/s)
#8 18.02 Reading package lists...
#8 18.45 Reading package lists...
#8 18.88 Building dependency tree...
#8 18.95 Reading state information...
#8 19.08 ca-certificates is already the newest version (20250419).
#8 19.08 The following additional packages will be installed:
#8 19.08   binutils binutils-aarch64-linux-gnu binutils-common bzip2 cpp cpp-14
#8 19.08   cpp-14-aarch64-linux-gnu cpp-aarch64-linux-gnu dpkg-dev eslint g++ g++-14
#8 19.08   g++-14-aarch64-linux-gnu g++-aarch64-linux-gnu gcc gcc-14
#8 19.08   gcc-14-aarch64-linux-gnu gcc-aarch64-linux-gnu git-man gyp handlebars
#8 19.08   libasan8 libatomic1 libbinutils libbrotli1 libc-dev-bin libc6-dev libcares2
#8 19.08   libcc1-0 libcom-err2 libcrypt-dev libctf-nobfd0 libctf0 libcurl3t64-gnutls
#8 19.08   libcurl4t64 libdpkg-perl liberror-perl libexpat1 libgcc-14-dev
#8 19.08   libgdbm-compat4t64 libgnutls30t64 libgomp1 libgprofng0 libgssapi-krb5-2
#8 19.08   libhwasan0 libicu76 libidn2-0 libisl23 libitm1 libjansson4 libjs-events
#8 19.08   libjs-inherits libjs-is-typedarray libjs-prettify libjs-regenerate
#8 19.08   libjs-source-map libjs-sprintf-js libjs-typedarray-to-buffer libjs-util
#8 19.08   libk5crypto3 libkeyutils1 libkrb5-3 libkrb5support0 libldap2 liblsan0
#8 19.08   libmpc3 libmpfr6 libnghttp2-14 libnghttp3-9 libngtcp2-16
#8 19.08   libngtcp2-crypto-gnutls8 libnode-dev libnode115 libp11-kit0 libperl5.40
#8 19.08   libpsl5t64 libpython3-stdlib libpython3.13-minimal libpython3.13-stdlib
#8 19.08   librtmp1 libsasl2-2 libsasl2-modules-db libsframe1 libssh2-1t64 libssl-dev
#8 19.08   libstdc++-14-dev libtasn1-6 libtsan2 libubsan1 libunistring5 libuv1-dev
#8 19.08   libuv1t64 linux-libc-dev make media-types node-abbrev node-acorn
#8 19.08   node-agent-base node-ajv node-ajv-keywords node-ampproject-remapping
#8 19.08   node-ansi-escapes node-ansi-regex node-ansi-styles node-anymatch node-aproba
#8 19.08   node-archy node-are-we-there-yet node-argparse node-arrify node-assert
#8 19.08   node-async node-async-each node-babel-helper-define-polyfill-provider
#8 19.08   node-babel-plugin-add-module-exports node-babel-plugin-lodash
#8 19.08   node-babel-plugin-polyfill-corejs2 node-babel-plugin-polyfill-corejs3
#8 19.08   node-babel-plugin-polyfill-regenerator node-babel7 node-babel7-runtime
#8 19.08   node-balanced-match node-base64-js node-binary-extensions
#8 19.08   node-brace-expansion node-braces node-browserslist node-builtins
#8 19.08   node-cacache node-camelcase node-caniuse-lite node-chalk node-chokidar
#8 19.08   node-chownr node-chrome-trace-event node-ci-info node-cjs-module-lexer
#8 19.08   node-cli-table node-cliui node-clone node-clone-deep node-color-convert
#8 19.08   node-color-name node-colors node-columnify node-commander node-commondir
#8 19.08   node-concat-stream node-console-control-strings node-convert-source-map
#8 19.08   node-copy-concurrently node-core-js node-core-js-compat node-core-js-pure
#8 19.08   node-core-util-is node-corepack node-css-loader node-css-selector-tokenizer
#8 19.08   node-data-uri-to-buffer node-debbundle-es-to-primitive node-debug
#8 19.08   node-decamelize node-decompress-response node-deep-equal node-deep-is
#8 19.08   node-defaults node-define-properties node-define-property node-defined
#8 19.08   node-del node-delegates node-depd node-diff node-doctrine
#8 19.08   node-electron-to-chromium node-encoding node-enhanced-resolve node-envinfo
#8 19.08   node-err-code node-errno node-error-ex node-es-abstract node-es-module-lexer
#8 19.08   node-es6-error node-escape-string-regexp node-escodegen node-eslint-scope
#8 19.08   node-eslint-utils node-eslint-visitor-keys node-espree node-esprima
#8 19.08   node-esquery node-esrecurse node-estraverse node-esutils node-events
#8 19.08   node-execa node-fancy-log node-fast-deep-equal node-fast-levenshtein
#8 19.08   node-fetch node-file-entry-cache node-fill-range node-find-cache-dir
#8 19.08   node-find-up node-flat-cache node-flatted node-for-in node-for-own
#8 19.08   node-foreground-child node-fs-readdir-recursive node-fs-write-stream-atomic
#8 19.08   node-fs.realpath node-function-bind node-functional-red-black-tree
#8 19.08   node-gauge node-get-caller-file node-get-stream node-glob node-glob-parent
#8 19.08   node-globals node-globby node-got node-graceful-fs node-gyp node-has-flag
#8 19.08   node-has-unicode node-hosted-git-info node-http-proxy-agent
#8 19.08   node-https-proxy-agent node-iconv-lite node-icss-utils node-ieee754
#8 19.08   node-iferr node-ignore node-imurmurhash node-indent-string node-inflight
#8 19.08   node-inherits node-ini node-interpret node-ip node-ip-regex node-is-arrayish
#8 19.08   node-is-binary-path node-is-buffer node-is-descriptor node-is-extendable
#8 19.08   node-is-extglob node-is-glob node-is-number node-is-path-cwd
#8 19.08   node-is-path-inside node-is-plain-obj node-is-plain-object node-is-stream
#8 19.08   node-is-typedarray node-is-windows node-isarray node-isexe node-isobject
#8 19.08   node-istanbul node-jest-debbundle node-jest-worker node-js-tokens
#8 19.08   node-js-yaml node-jsesc node-json-buffer node-json-parse-better-errors
#8 19.08   node-json-schema node-json-schema-traverse node-json-stable-stringify
#8 19.08   node-json5 node-jsonify node-jsonparse node-kind-of node-levn
#8 19.08   node-loader-runner node-locate-path node-lodash node-lodash-packages
#8 19.08   node-lowercase-keys node-lru-cache node-make-dir node-memfs node-memory-fs
#8 19.08   node-merge-stream node-micromatch node-mime node-mime-types node-mimic-fn
#8 19.08   node-mimic-response node-minimatch node-minimist node-minipass node-mkdirp
#8 19.08   node-move-concurrently node-ms node-mute-stream node-n3 node-negotiator
#8 19.08   node-neo-async node-nopt node-normalize-package-data node-normalize-path
#8 19.08   node-npm-bundled node-npm-package-arg node-npm-run-path node-npmlog
#8 19.08   node-object-assign node-object-inspect node-once node-optimist
#8 19.08   node-optionator node-osenv node-p-cancelable node-p-limit node-p-locate
#8 19.08   node-p-map node-parse-json node-path-dirname node-path-exists
#8 19.08   node-path-is-absolute node-path-is-inside node-path-type node-picocolors
#8 19.08   node-pify node-pkg-dir node-postcss node-postcss-modules-extract-imports
#8 19.08   node-postcss-modules-values node-postcss-value-parser node-prelude-ls
#8 19.08   node-process-nextick-args node-progress node-promise-inflight
#8 19.08   node-promise-retry node-promzard node-prr node-punycode node-quick-lru
#8 19.08   node-randombytes node-read node-read-package-json node-read-pkg
#8 19.08   node-readable-stream node-readdirp node-rechoir node-regenerate
#8 19.08   node-regenerate-unicode-properties node-regenerator-runtime
#8 19.08   node-regenerator-transform node-regexpp node-regexpu-core node-regjsgen
#8 19.08   node-regjsparser node-repeat-string node-require-directory node-resolve
#8 19.08   node-resolve-cwd node-resolve-from node-resumer node-retry node-rimraf
#8 19.08   node-run-queue node-safe-buffer node-schema-utils node-semver
#8 19.08   node-serialize-javascript node-set-blocking node-set-immediate-shim
#8 19.08   node-shebang-command node-shebang-regex node-signal-exit node-slash
#8 19.08   node-slice-ansi node-source-list-map node-source-map node-source-map-support
#8 19.08   node-spdx-correct node-spdx-exceptions node-spdx-expression-parse
#8 19.08   node-spdx-license-ids node-sprintf-js node-ssri node-string-decoder
#8 19.08   node-string-width node-strip-ansi node-strip-bom node-strip-eof
#8 19.08   node-strip-json-comments node-supports-color node-tapable node-tape node-tar
#8 19.08   node-terser node-text-table node-through node-time-stamp
#8 19.08   node-to-fast-properties node-to-regex-range node-tslib node-type-check
#8 19.08   node-typedarray node-typedarray-to-buffer node-undici
#8 19.08   node-unicode-canonical-property-names-ecmascript
#8 19.08   node-unicode-match-property-ecmascript
#8 19.08   node-unicode-match-property-value-ecmascript
#8 19.08   node-unicode-property-aliases-ecmascript node-unique-filename node-uri-js
#8 19.08   node-util node-util-deprecate node-uuid node-v8-compile-cache node-v8flags
#8 19.08   node-validate-npm-package-license node-validate-npm-package-name
#8 19.08   node-watchpack node-wcwidth.js node-webassemblyjs node-webpack-sources
#8 19.08   node-which node-wide-align node-wordwrap node-wrap-ansi node-wrappy
#8 19.08   node-write node-write-file-atomic node-xtend node-y18n node-yallist
#8 19.08   node-yargs node-yargs-parser patch perl perl-modules-5.40 python3
#8 19.08   python3-minimal python3-packaging python3.13 python3.13-minimal rpcsvc-proto
#8 19.08   terser webpack xz-utils
#8 19.08 Suggested packages:
#8 19.08   binutils-doc gprofng-gui binutils-gold bzip2-doc cpp-doc gcc-14-locales
#8 19.08   cpp-14-doc debian-keyring debian-tag2upload-keyring node-babel-eslint
#8 19.08   node-esprima-fb node-inquirer gcc-14-doc gcc-multilib manpages-dev autoconf
#8 19.08   automake libtool flex bison gdb gcc-doc gdb-aarch64-linux-gnu gettext-base
#8 19.08   git-doc git-email git-gui gitk gitweb git-cvs git-mediawiki git-svn
#8 19.08   libc-devtools glibc-doc sq | sqop | rsop | gosop | pgpainless-cli | gpg-sq
#8 19.08   | gnupg sensible-utils bzr gnutls-bin krb5-doc krb5-user libjs-angularjs
#8 19.08   libssl-doc libstdc++-14-doc libuv1-doc make-doc
#8 19.08   node-babel-plugin-polyfill-es-shims node-babel7-debug javascript-common
#8 19.08   livescript chai node-jest-diff node-opener ed diffutils-doc perl-doc
#8 19.08   libterm-readline-gnu-perl | libterm-readline-perl-perl
#8 19.08   libtap-harness-archive-perl python3-doc python3-tk python3-venv
#8 19.08   python3.13-venv python3.13-doc binfmt-support
#8 19.08 Recommended packages:
#8 19.08   bash-completion fakeroot sq | sqop | rsop | gosop | pgpainless-cli | gpg-sq
#8 19.08   | gnupg libalgorithm-merge-perl less ssh-client manpages manpages-dev
#8 19.08   libfile-fcntllock-perl liblocale-gettext-perl javascript-common krb5-locales
#8 19.08   libldap-common publicsuffix libsasl2-modules node-re2
#8 19.08   node-require-from-string nodejs-doc node-tap
#8 20.32 The following NEW packages will be installed:
#8 20.32   binutils binutils-aarch64-linux-gnu binutils-common build-essential bzip2
#8 20.32   cpp cpp-14 cpp-14-aarch64-linux-gnu cpp-aarch64-linux-gnu curl dpkg-dev
#8 20.32   eslint g++ g++-14 g++-14-aarch64-linux-gnu g++-aarch64-linux-gnu gcc gcc-14
#8 20.32   gcc-14-aarch64-linux-gnu gcc-aarch64-linux-gnu git git-man gyp handlebars
#8 20.32   libasan8 libatomic1 libbinutils libbrotli1 libc-dev-bin libc6-dev libcares2
#8 20.32   libcc1-0 libcom-err2 libcrypt-dev libctf-nobfd0 libctf0 libcurl3t64-gnutls
#8 20.32   libcurl4t64 libdpkg-perl liberror-perl libexpat1 libgcc-14-dev
#8 20.32   libgdbm-compat4t64 libgnutls30t64 libgomp1 libgprofng0 libgssapi-krb5-2
#8 20.32   libhwasan0 libicu76 libidn2-0 libisl23 libitm1 libjansson4 libjs-events
#8 20.32   libjs-inherits libjs-is-typedarray libjs-prettify libjs-regenerate
#8 20.32   libjs-source-map libjs-sprintf-js libjs-typedarray-to-buffer libjs-util
#8 20.32   libk5crypto3 libkeyutils1 libkrb5-3 libkrb5support0 libldap2 liblsan0
#8 20.32   libmpc3 libmpfr6 libnghttp2-14 libnghttp3-9 libngtcp2-16
#8 20.32   libngtcp2-crypto-gnutls8 libnode-dev libnode115 libp11-kit0 libperl5.40
#8 20.32   libpsl5t64 libpython3-stdlib libpython3.13-minimal libpython3.13-stdlib
#8 20.32   librtmp1 libsasl2-2 libsasl2-modules-db libsframe1 libssh2-1t64 libssl-dev
#8 20.32   libstdc++-14-dev libtasn1-6 libtsan2 libubsan1 libunistring5 libuv1-dev
#8 20.32   libuv1t64 linux-libc-dev make media-types node-abbrev node-acorn
#8 20.32   node-agent-base node-ajv node-ajv-keywords node-ampproject-remapping
#8 20.32   node-ansi-escapes node-ansi-regex node-ansi-styles node-anymatch node-aproba
#8 20.32   node-archy node-are-we-there-yet node-argparse node-arrify node-assert
#8 20.32   node-async node-async-each node-babel-helper-define-polyfill-provider
#8 20.32   node-babel-plugin-add-module-exports node-babel-plugin-lodash
#8 20.32   node-babel-plugin-polyfill-corejs2 node-babel-plugin-polyfill-corejs3
#8 20.32   node-babel-plugin-polyfill-regenerator node-babel7 node-babel7-runtime
#8 20.32   node-balanced-match node-base64-js node-binary-extensions
#8 20.32   node-brace-expansion node-braces node-browserslist node-builtins
#8 20.32   node-cacache node-camelcase node-caniuse-lite node-chalk node-chokidar
#8 20.32   node-chownr node-chrome-trace-event node-ci-info node-cjs-module-lexer
#8 20.32   node-cli-table node-cliui node-clone node-clone-deep node-color-convert
#8 20.32   node-color-name node-colors node-columnify node-commander node-commondir
#8 20.32   node-concat-stream node-console-control-strings node-convert-source-map
#8 20.32   node-copy-concurrently node-core-js node-core-js-compat node-core-js-pure
#8 20.32   node-core-util-is node-corepack node-css-loader node-css-selector-tokenizer
#8 20.32   node-data-uri-to-buffer node-debbundle-es-to-primitive node-debug
#8 20.32   node-decamelize node-decompress-response node-deep-equal node-deep-is
#8 20.32   node-defaults node-define-properties node-define-property node-defined
#8 20.32   node-del node-delegates node-depd node-diff node-doctrine
#8 20.32   node-electron-to-chromium node-encoding node-enhanced-resolve node-envinfo
#8 20.32   node-err-code node-errno node-error-ex node-es-abstract node-es-module-lexer
#8 20.32   node-es6-error node-escape-string-regexp node-escodegen node-eslint-scope
#8 20.32   node-eslint-utils node-eslint-visitor-keys node-espree node-esprima
#8 20.32   node-esquery node-esrecurse node-estraverse node-esutils node-events
#8 20.32   node-execa node-fancy-log node-fast-deep-equal node-fast-levenshtein
#8 20.32   node-fetch node-file-entry-cache node-fill-range node-find-cache-dir
#8 20.32   node-find-up node-flat-cache node-flatted node-for-in node-for-own
#8 20.32   node-foreground-child node-fs-readdir-recursive node-fs-write-stream-atomic
#8 20.32   node-fs.realpath node-function-bind node-functional-red-black-tree
#8 20.32   node-gauge node-get-caller-file node-get-stream node-glob node-glob-parent
#8 20.32   node-globals node-globby node-got node-graceful-fs node-gyp node-has-flag
#8 20.32   node-has-unicode node-hosted-git-info node-http-proxy-agent
#8 20.32   node-https-proxy-agent node-iconv-lite node-icss-utils node-ieee754
#8 20.32   node-iferr node-ignore node-imurmurhash node-indent-string node-inflight
#8 20.32   node-inherits node-ini node-interpret node-ip node-ip-regex node-is-arrayish
#8 20.32   node-is-binary-path node-is-buffer node-is-descriptor node-is-extendable
#8 20.32   node-is-extglob node-is-glob node-is-number node-is-path-cwd
#8 20.32   node-is-path-inside node-is-plain-obj node-is-plain-object node-is-stream
#8 20.32   node-is-typedarray node-is-windows node-isarray node-isexe node-isobject
#8 20.32   node-istanbul node-jest-debbundle node-jest-worker node-js-tokens
#8 20.32   node-js-yaml node-jsesc node-json-buffer node-json-parse-better-errors
#8 20.32   node-json-schema node-json-schema-traverse node-json-stable-stringify
#8 20.32   node-json5 node-jsonify node-jsonparse node-kind-of node-levn
#8 20.32   node-loader-runner node-locate-path node-lodash node-lodash-packages
#8 20.32   node-lowercase-keys node-lru-cache node-make-dir node-memfs node-memory-fs
#8 20.32   node-merge-stream node-micromatch node-mime node-mime-types node-mimic-fn
#8 20.32   node-mimic-response node-minimatch node-minimist node-minipass node-mkdirp
#8 20.32   node-move-concurrently node-ms node-mute-stream node-n3 node-negotiator
#8 20.32   node-neo-async node-nopt node-normalize-package-data node-normalize-path
#8 20.32   node-npm-bundled node-npm-package-arg node-npm-run-path node-npmlog
#8 20.32   node-object-assign node-object-inspect node-once node-optimist
#8 20.32   node-optionator node-osenv node-p-cancelable node-p-limit node-p-locate
#8 20.32   node-p-map node-parse-json node-path-dirname node-path-exists
#8 20.32   node-path-is-absolute node-path-is-inside node-path-type node-picocolors
#8 20.32   node-pify node-pkg-dir node-postcss node-postcss-modules-extract-imports
#8 20.32   node-postcss-modules-values node-postcss-value-parser node-prelude-ls
#8 20.32   node-process-nextick-args node-progress node-promise-inflight
#8 20.32   node-promise-retry node-promzard node-prr node-punycode node-quick-lru
#8 20.32   node-randombytes node-read node-read-package-json node-read-pkg
#8 20.32   node-readable-stream node-readdirp node-rechoir node-regenerate
#8 20.32   node-regenerate-unicode-properties node-regenerator-runtime
#8 20.32   node-regenerator-transform node-regexpp node-regexpu-core node-regjsgen
#8 20.32   node-regjsparser node-repeat-string node-require-directory node-resolve
#8 20.32   node-resolve-cwd node-resolve-from node-resumer node-retry node-rimraf
#8 20.32   node-run-queue node-safe-buffer node-schema-utils node-semver
#8 20.32   node-serialize-javascript node-set-blocking node-set-immediate-shim
#8 20.32   node-shebang-command node-shebang-regex node-signal-exit node-slash
#8 20.32   node-slice-ansi node-source-list-map node-source-map node-source-map-support
#8 20.32   node-spdx-correct node-spdx-exceptions node-spdx-expression-parse
#8 20.32   node-spdx-license-ids node-sprintf-js node-ssri node-string-decoder
#8 20.32   node-string-width node-strip-ansi node-strip-bom node-strip-eof
#8 20.32   node-strip-json-comments node-supports-color node-tapable node-tape node-tar
#8 20.32   node-terser node-text-table node-through node-time-stamp
#8 20.32   node-to-fast-properties node-to-regex-range node-tslib node-type-check
#8 20.32   node-typedarray node-typedarray-to-buffer node-undici
#8 20.32   node-unicode-canonical-property-names-ecmascript
#8 20.32   node-unicode-match-property-ecmascript
#8 20.32   node-unicode-match-property-value-ecmascript
#8 20.32   node-unicode-property-aliases-ecmascript node-unique-filename node-uri-js
#8 20.32   node-util node-util-deprecate node-uuid node-v8-compile-cache node-v8flags
#8 20.32   node-validate-npm-package-license node-validate-npm-package-name
#8 20.32   node-watchpack node-wcwidth.js node-webassemblyjs node-webpack-sources
#8 20.32   node-which node-wide-align node-wordwrap node-wrap-ansi node-wrappy
#8 20.32   node-write node-write-file-atomic node-xtend node-y18n node-yallist
#8 20.32   node-yargs node-yargs-parser nodejs npm patch perl perl-modules-5.40 python3
#8 20.32   python3-minimal python3-packaging python3.13 python3.13-minimal ripgrep
#8 20.32   rpcsvc-proto terser webpack xz-utils
#8 20.36 0 upgraded, 453 newly installed, 0 to remove and 0 not upgraded.
#8 20.36 Need to get 134 MB of archives.
#8 20.36 After this operation, 640 MB of additional disk space will be used.
#8 20.36 Get:1 http://deb.debian.org/debian trixie/main arm64 libexpat1 arm64 2.7.1-2 [93.3 kB]
#8 20.62 Get:2 http://deb.debian.org/debian trixie/main arm64 libpython3.13-minimal arm64 3.13.5-2+deb13u2 [856 kB]
#8 21.36 Get:3 http://deb.debian.org/debian trixie/main arm64 python3.13-minimal arm64 3.13.5-2+deb13u2 [2002 kB]
#8 22.49 Get:4 http://deb.debian.org/debian trixie/main arm64 python3-minimal arm64 3.13.5-1 [27.2 kB]
#8 22.52 Get:5 http://deb.debian.org/debian trixie/main arm64 media-types all 13.0.0 [29.3 kB]
#8 22.60 Get:6 http://deb.debian.org/debian trixie/main arm64 libpython3.13-stdlib arm64 3.13.5-2+deb13u2 [1894 kB]
#8 24.19 Get:7 http://deb.debian.org/debian trixie/main arm64 python3.13 arm64 3.13.5-2+deb13u2 [757 kB]
#8 25.03 Get:8 http://deb.debian.org/debian trixie/main arm64 libpython3-stdlib arm64 3.13.5-1 [10.2 kB]
#8 25.03 Get:9 http://deb.debian.org/debian trixie/main arm64 python3 arm64 3.13.5-1 [28.2 kB]
#8 25.06 Get:10 http://deb.debian.org/debian trixie/main arm64 bzip2 arm64 1.0.8-6 [39.5 kB]
#8 25.11 Get:11 http://deb.debian.org/debian trixie/main arm64 perl-modules-5.40 all 5.40.1-6 [3019 kB]
#8 27.28 Get:12 http://deb.debian.org/debian trixie/main arm64 libgdbm-compat4t64 arm64 1.24-2 [50.3 kB]
#8 27.31 Get:13 http://deb.debian.org/debian trixie/main arm64 libperl5.40 arm64 5.40.1-6 [4142 kB]
#8 30.36 Get:14 http://deb.debian.org/debian trixie/main arm64 perl arm64 5.40.1-6 [267 kB]
#8 30.54 Get:15 http://deb.debian.org/debian trixie/main arm64 xz-utils arm64 5.8.1-1 [657 kB]
#8 30.72 Get:16 http://deb.debian.org/debian trixie/main arm64 libsframe1 arm64 2.44-3 [77.8 kB]
#8 30.74 Get:17 http://deb.debian.org/debian trixie/main arm64 binutils-common arm64 2.44-3 [2509 kB]
#8 ...

#7 [frontend  3/13] RUN apt-get update     && apt-get install -y --no-install-recommends       ca-certificates       curl       nodejs       npm     && rm -rf /var/lib/apt/lists/*     && npm install -g n     && n 22
#7 35.34 Get:40 http://deb.debian.org/debian trixie/main arm64 libuv1t64 arm64 1.50.0-2 [148 kB]
#7 35.54 Get:41 http://deb.debian.org/debian trixie/main arm64 node-xtend all 4.0.2-3 [3932 B]
#7 35.55 Get:42 http://deb.debian.org/debian trixie/main arm64 node-acorn all 8.8.1+ds+~cs25.17.7-2 [128 kB]
#7 35.87 Get:43 http://deb.debian.org/debian trixie/main arm64 node-cjs-module-lexer all 1.2.3+dfsg-1 [30.6 kB]
#7 35.89 Get:44 http://deb.debian.org/debian trixie/main arm64 node-balanced-match all 2.0.0-1 [4872 B]
#7 35.98 Get:45 http://deb.debian.org/debian trixie/main arm64 node-brace-expansion all 2.0.1+~1.1.0-2 [8012 B]
#7 35.98 Get:46 http://deb.debian.org/debian trixie/main arm64 node-minimatch all 9.0.3-6 [76.8 kB]
#7 36.13 Get:47 http://deb.debian.org/debian trixie/main arm64 node-undici all 7.3.0+dfsg1+~cs24.12.11-1 [333 kB]
#7 36.83 Get:48 http://deb.debian.org/debian trixie/main arm64 libnode115 arm64 20.19.2+dfsg-1+deb13u2 [10.9 MB]
#7 ...

#8 [runtime  3/29] RUN apt-get update     && apt-get install -y --no-install-recommends       build-essential       ca-certificates       curl       git       nodejs       npm       ripgrep     && rm -rf /var/lib/apt/lists/*
#8 38.62 Get:18 http://deb.debian.org/debian trixie/main arm64 libbinutils arm64 2.44-3 [660 kB]
#8 39.52 Get:19 http://deb.debian.org/debian trixie/main arm64 libgprofng0 arm64 2.44-3 [668 kB]
#8 41.02 Get:20 http://deb.debian.org/debian trixie/main arm64 libctf-nobfd0 arm64 2.44-3 [152 kB]
#8 41.90 Get:21 http://deb.debian.org/debian trixie/main arm64 libctf0 arm64 2.44-3 [84.2 kB]
#8 42.00 Get:22 http://deb.debian.org/debian trixie/main arm64 libjansson4 arm64 2.14-2+b3 [39.2 kB]
#8 42.04 Get:23 http://deb.debian.org/debian trixie/main arm64 binutils-aarch64-linux-gnu arm64 2.44-3 [820 kB]
#8 42.92 Get:24 http://deb.debian.org/debian trixie/main arm64 binutils arm64 2.44-3 [262 kB]
#8 43.13 Get:25 http://deb.debian.org/debian trixie/main arm64 libc-dev-bin arm64 2.41-12+deb13u3 [59.0 kB]
#8 43.23 Get:26 http://deb.debian.org/debian-security trixie-security/main arm64 linux-libc-dev all 6.12.95-1 [2852 kB]
#8 50.35 Get:27 http://deb.debian.org/debian trixie/main arm64 libcrypt-dev arm64 1:4.4.38-1 [123 kB]
#8 50.40 Get:28 http://deb.debian.org/debian trixie/main arm64 rpcsvc-proto arm64 1.4.3-1+b1 [60.5 kB]
#8 50.44 Get:29 http://deb.debian.org/debian trixie/main arm64 libc6-dev arm64 2.41-12+deb13u3 [1626 kB]
#8 52.49 Get:30 http://deb.debian.org/debian trixie/main arm64 libisl23 arm64 0.27-1 [601 kB]
#8 52.78 Get:31 http://deb.debian.org/debian trixie/main arm64 libmpfr6 arm64 4.2.2-1 [685 kB]
#8 53.54 Get:32 http://deb.debian.org/debian trixie/main arm64 libmpc3 arm64 1.3.1-1+b3 [50.5 kB]
#8 53.60 Get:33 http://deb.debian.org/debian trixie/main arm64 cpp-14-aarch64-linux-gnu arm64 14.2.0-19 [9169 kB]
#8 ...

#7 [frontend  3/13] RUN apt-get update     && apt-get install -y --no-install-recommends       ca-certificates       curl       nodejs       npm     && rm -rf /var/lib/apt/lists/*     && npm install -g n     && n 22
#7 54.30 Get:49 http://deb.debian.org/debian trixie/main arm64 node-corepack all 0.24.0-5 [712 kB]
#7 54.88 Get:50 http://deb.debian.org/debian trixie/main arm64 nodejs arm64 20.19.2+dfsg-1+deb13u2 [354 kB]
#7 55.23 Get:51 http://deb.debian.org/debian trixie/main arm64 node-ajv all 8.12.0~ds+~2.1.1-5 [182 kB]
#7 55.52 Get:52 http://deb.debian.org/debian trixie/main arm64 libjs-inherits all 2.0.4-6 [3548 B]
#7 55.52 Get:53 http://deb.debian.org/debian trixie/main arm64 node-inherits all 2.0.4-6 [4548 B]
#7 55.53 Get:54 http://deb.debian.org/debian trixie/main arm64 node-core-util-is all 1.0.3-1 [4072 B]
#7 55.53 Get:55 http://deb.debian.org/debian trixie/main arm64 node-safe-buffer all 5.2.1+~cs2.1.2-3 [15.5 kB]
#7 55.55 Get:56 http://deb.debian.org/debian trixie/main arm64 node-string-decoder all 1.3.0-6 [7180 B]
#7 55.56 Get:57 http://deb.debian.org/debian trixie/main arm64 node-process-nextick-args all 2.0.1-3 [3816 B]
#7 55.56 Get:58 http://deb.debian.org/debian trixie/main arm64 node-util-deprecate all 1.0.2-3 [4436 B]
#7 55.57 Get:59 http://deb.debian.org/debian trixie/main arm64 node-isarray all 2.0.5-4 [4040 B]
#7 55.57 Get:60 http://deb.debian.org/debian trixie/main arm64 node-readable-stream all 3.6.0+~cs3.0.0-4 [32.0 kB]
#7 55.60 Get:61 http://deb.debian.org/debian trixie/main arm64 node-typedarray all 0.0.7-1 [11.4 kB]
#7 55.60 Get:62 http://deb.debian.org/debian trixie/main arm64 node-concat-stream all 2.0.0+~2.0.0-2 [6388 B]
#7 55.62 Get:63 http://deb.debian.org/debian trixie/main arm64 node-ms all 2.1.3+~cs0.7.31-3 [5648 B]
#7 55.62 Get:64 http://deb.debian.org/debian trixie/main arm64 node-debug all 4.3.4+~cs4.1.7-1 [18.1 kB]
#7 55.64 Get:65 http://deb.debian.org/debian trixie/main arm64 node-esutils all 2.0.3+~2.0.0-1 [12.4 kB]
#7 55.66 Get:66 http://deb.debian.org/debian trixie/main arm64 node-doctrine all 3.0.0-4 [19.9 kB]
#7 55.68 Get:67 http://deb.debian.org/debian trixie/main arm64 node-eslint-visitor-keys all 3.3.0+~1.0.0-1 [17.1 kB]
#7 55.71 Get:68 http://deb.debian.org/debian trixie/main arm64 node-estraverse all 5.3.0+ds+~5.1.1-1 [11.6 kB]
#7 55.72 Get:69 http://deb.debian.org/debian trixie/main arm64 node-object-assign all 4.1.1-7 [4684 B]
#7 55.73 Get:70 http://deb.debian.org/debian trixie/main arm64 node-esrecurse all 4.3.0-2 [6048 B]
#7 55.74 Get:71 http://deb.debian.org/debian trixie/main arm64 node-eslint-scope all 7.1.1+~3.7.4-1 [35.6 kB]
#7 55.79 Get:72 http://deb.debian.org/debian trixie/main arm64 node-espree all 9.4.1~dfsg-2 [41.1 kB]
#7 55.84 Get:73 http://deb.debian.org/debian trixie/main arm64 node-esquery all 1.4.2~ds-1 [24.9 kB]
#7 55.86 Get:74 http://deb.debian.org/debian trixie/main arm64 node-eslint-utils all 3.0.0-3 [15.5 kB]
#7 55.87 Get:75 http://deb.debian.org/debian trixie/main arm64 node-flatted all 3.2.7~ds-1+deb13u1 [10.3 kB]
#7 55.88 Get:76 http://deb.debian.org/debian trixie/main arm64 node-fs.realpath all 1.0.0-3 [6172 B]
#7 55.88 Get:77 http://deb.debian.org/debian trixie/main arm64 node-wrappy all 1.0.2-3 [3776 B]
#7 55.89 Get:78 http://deb.debian.org/debian trixie/main arm64 node-once all 1.4.1-1 [4624 B]
#7 55.89 Get:79 http://deb.debian.org/debian trixie/main arm64 node-inflight all 1.0.6-2 [3952 B]
#7 55.90 Get:80 http://deb.debian.org/debian trixie/main arm64 node-glob all 8.1.0+~cs8.5.15-1 [134 kB]
#7 55.99 Get:81 http://deb.debian.org/debian trixie/main arm64 node-rimraf all 3.0.2-2 [11.1 kB]
#7 56.05 Get:82 http://deb.debian.org/debian trixie/main arm64 node-write all 2.0.0~6.0.1+~3.0.4+~2.0.0+~1.0.0+~2.0.1-1 [17.9 kB]
#7 56.06 Get:83 http://deb.debian.org/debian trixie/main arm64 node-flat-cache all 3.0.4~6.0.1+~3.0.4+~2.0.0+~1.0.0+~2.0.1-1 [20.2 kB]
#7 56.09 Get:84 http://deb.debian.org/debian trixie/main arm64 node-file-entry-cache all 6.0.1+~3.0.4+~2.0.0+~1.0.0+~2.0.1-1 [15.3 kB]
#7 56.11 Get:85 http://deb.debian.org/debian trixie/main arm64 node-functional-red-black-tree all 1.0.1+20181105-7 [14.1 kB]
#7 56.16 Get:86 http://deb.debian.org/debian trixie/main arm64 node-is-extglob all 2.1.1-5 [4612 B]
#7 56.18 Get:87 http://deb.debian.org/debian trixie/main arm64 node-is-glob all 4.0.3-2 [6620 B]
#7 56.18 Get:88 http://deb.debian.org/debian trixie/main arm64 node-path-dirname all 1.0.2-2 [4312 B]
#7 56.19 Get:89 http://deb.debian.org/debian trixie/main arm64 node-glob-parent all 6.0.2+~5.1.1-2 [8784 B]
#7 56.21 Get:90 http://deb.debian.org/debian trixie/main arm64 node-globals all 13.23.0-1 [11.3 kB]
#7 56.22 Get:91 http://deb.debian.org/debian trixie/main arm64 node-resolve-from all 5.0.0+~3.1.0+~3.3.0+~2.0.0-1 [7292 B]
#7 56.26 Get:92 http://deb.debian.org/debian trixie/main arm64 node-imurmurhash all 0.1.4+dfsg+~0.1.1-2 [8412 B]
#7 56.31 Get:93 http://deb.debian.org/debian trixie/main arm64 node-ignore all 5.2.1-1 [26.4 kB]
#7 56.32 Get:94 http://deb.debian.org/debian trixie/main arm64 node-prelude-ls all 1.2.1+dfsg-3 [11.3 kB]
#7 56.34 Get:95 http://deb.debian.org/debian trixie/main arm64 node-type-check all 0.4.0+dfsg-3 [9184 B]
#7 56.35 Get:96 http://deb.debian.org/debian trixie/main arm64 node-levn all 0.4.1+dfsg-2 [10.2 kB]
#7 56.38 Get:97 http://deb.debian.org/debian trixie/main arm64 node-lodash all 4.17.21+dfsg+~cs8.31.198.20210220-9 [462 kB]
#7 57.27 Get:98 http://deb.debian.org/debian trixie/main arm64 node-memfs all 3.4.12+~cs1.0.3-1 [46.8 kB]
#7 57.30 Get:99 http://deb.debian.org/debian trixie/main arm64 node-mkdirp all 2.1.6+~cs5.2.1-2 [24.1 kB]
#7 57.32 Get:100 http://deb.debian.org/debian trixie/main arm64 node-deep-is all 0.1.4-1 [5136 B]
#7 57.32 Get:101 http://deb.debian.org/debian trixie/main arm64 node-fast-levenshtein all 2.0.6+ds-3 [6040 B]
#7 57.32 Get:102 http://deb.debian.org/debian trixie/main arm64 node-optionator all 0.9.1+dfsg+~cs1.2.3-1 [17.6 kB]
#7 57.36 Get:103 http://deb.debian.org/debian trixie/main arm64 node-progress all 2.0.3-2 [8256 B]
#7 57.36 Get:104 http://deb.debian.org/debian trixie/main arm64 libjs-regenerate all 1.4.2-3 [14.3 kB]
#7 57.38 Get:105 http://deb.debian.org/debian trixie/main arm64 node-regenerate all 1.4.2-3 [7388 B]
#7 57.39 Get:106 http://deb.debian.org/debian trixie/main arm64 node-regenerate-unicode-properties all 10.1.0+ds-1 [50.7 kB]
#7 57.43 Get:107 http://deb.debian.org/debian trixie/main arm64 node-regexpp all 3.2.0-5 [27.0 kB]
#7 57.45 Get:108 http://deb.debian.org/debian trixie/main arm64 node-lru-cache all 10.0.1-3 [62.6 kB]
#7 57.50 Get:109 http://deb.debian.org/debian trixie/main arm64 node-semver all 7.6.1+~7.5.8-2 [49.5 kB]
#7 57.54 Get:110 http://deb.debian.org/debian trixie/main arm64 node-strip-json-comments all 4.0.0-4 [5668 B]
#7 57.54 Get:111 http://deb.debian.org/debian trixie/main arm64 node-json-schema all 0.4.0+~7.0.11-1 [13.1 kB]
#7 57.59 Get:112 http://deb.debian.org/debian trixie/main arm64 node-v8-compile-cache all 2.4.0-2 [8544 B]
#7 57.61 Get:113 http://deb.debian.org/debian trixie/main arm64 eslint all 6.4.0~dfsg+~6.1.9-12 [606 kB]
#7 57.96 Get:114 http://deb.debian.org/debian trixie/main arm64 python3-packaging all 25.0-1 [56.6 kB]
#7 58.34 Get:115 http://deb.debian.org/debian trixie/main arm64 gyp all 0.16.2-2 [255 kB]
#7 58.55 Get:116 http://deb.debian.org/debian trixie/main arm64 node-neo-async all 2.6.2+~cs3.0.0-3 [41.8 kB]
#7 58.57 Get:117 http://deb.debian.org/debian trixie/main arm64 node-arrify all 2.0.1-3 [3700 B]
#7 58.58 Get:118 http://deb.debian.org/debian trixie/main arm64 node-is-plain-obj all 3.0.0-2 [3972 B]
#7 58.59 Get:119 http://deb.debian.org/debian trixie/main arm64 node-is-buffer all 2.0.5-2 [4112 B]
#7 58.59 Get:120 http://deb.debian.org/debian trixie/main arm64 node-kind-of all 6.0.3+dfsg-2 [10.2 kB]
#7 58.59 Get:121 http://deb.debian.org/debian trixie/main arm64 node-minimist all 1.2.8+~cs5.3.5-1 [15.9 kB]
#7 58.63 Get:122 http://deb.debian.org/debian trixie/main arm64 node-wordwrap all 1.0.0-4 [4628 B]
#7 58.64 Get:123 http://deb.debian.org/debian trixie/main arm64 node-optimist all 0.6.1+~0.0.30-2 [13.5 kB]
#7 58.68 Get:124 http://deb.debian.org/debian trixie/main arm64 libjs-source-map all 0.7.0++dfsg2+really.0.6.1-15 [29.6 kB]
#7 58.72 Get:125 http://deb.debian.org/debian trixie/main arm64 node-source-map all 0.7.0++dfsg2+really.0.6.1-15 [41.7 kB]
#7 58.79 Get:126 http://deb.debian.org/debian trixie/main arm64 handlebars all 3:4.7.7+~4.1.0-1 [199 kB]
#7 58.98 Get:127 http://deb.debian.org/debian trixie/main arm64 libjs-events all 3.3.0+~3.0.0-3 [11.3 kB]
#7 58.99 Get:128 http://deb.debian.org/debian trixie/main arm64 libjs-is-typedarray all 1.0.0-4 [3816 B]
#7 59.00 Get:129 http://deb.debian.org/debian trixie/main arm64 libjs-prettify all 2015.12.04+dfsg-1.1 [41.7 kB]
#7 59.04 Get:130 http://deb.debian.org/debian trixie/main arm64 libjs-sprintf-js all 1.1.2+ds1+~1.1.2-1 [12.8 kB]
#7 59.04 Get:131 http://deb.debian.org/debian trixie/main arm64 libjs-typedarray-to-buffer all 4.0.0-2 [4668 B]
#7 59.05 Get:132 http://deb.debian.org/debian trixie/main arm64 node-lodash-packages all 4.17.21+dfsg+~cs8.31.198.20210220-9 [179 kB]
#7 59.14 Get:133 http://deb.debian.org/debian trixie/main arm64 node-function-bind all 1.1.2+~cs2.1.14-1 [24.6 kB]
#7 59.16 Get:134 http://deb.debian.org/debian trixie/main arm64 node-object-inspect all 1.12.2+~cs1.8.1-1 [20.8 kB]
#7 59.18 Get:135 http://deb.debian.org/debian trixie/main arm64 node-es-abstract all 1.20.4+~cs26.27.47-2 [137 kB]
#7 59.30 Get:136 http://deb.debian.org/debian trixie/main arm64 node-resolve all 1.22.8+~cs5.34.15-2 [29.8 kB]
#7 59.33 Get:137 http://deb.debian.org/debian trixie/main arm64 node-define-properties all 1.2.1+~cs2.2.3-1 [9080 B]
#7 59.33 Get:138 http://deb.debian.org/debian trixie/main arm64 node-debbundle-es-to-primitive all 1.2.1+~cs9.7.25-2 [39.9 kB]
#7 59.36 Get:139 http://deb.debian.org/debian trixie/main arm64 node-isobject all 4.0.0-2 [5332 B]
#7 59.36 Get:140 http://deb.debian.org/debian trixie/main arm64 node-is-descriptor all 3.0.0-2 [5556 B]
#7 59.37 Get:141 http://deb.debian.org/debian trixie/main arm64 node-define-property all 2.0.2+really+2.0.2-3 [6820 B]
#7 59.37 Get:142 http://deb.debian.org/debian trixie/main arm64 node-defined all 1.0.1+~1.0.0-1 [6776 B]
#7 59.37 Get:143 http://deb.debian.org/debian trixie/main arm64 node-abbrev all 1.1.1+~1.1.2-1 [5692 B]
#7 59.37 Get:144 http://deb.debian.org/debian trixie/main arm64 node-archy all 1.0.0-6 [4556 B]
#7 59.38 Get:145 http://deb.debian.org/debian trixie/main arm64 node-async all 3.2.6+dfsg-2 [96.4 kB]
#7 59.42 Get:146 http://deb.debian.org/debian trixie/main arm64 node-convert-source-map all 1.9.0+~1.5.2-1 [8176 B]
#7 59.43 Get:147 http://deb.debian.org/debian trixie/main arm64 node-decamelize all 4.0.0-2 [4080 B]
#7 59.43 Get:148 http://deb.debian.org/debian trixie/main arm64 node-es6-error all 4.1.1-5 [6148 B]
#7 59.43 Get:149 http://deb.debian.org/debian trixie/main arm64 node-esprima all 4.0.1+ds+~4.0.3-2 [69.3 kB]
#7 59.46 Get:150 http://deb.debian.org/debian trixie/main arm64 node-escodegen all 2.1.0+dfsg+~0.0.8-1 [23.0 kB]
#7 59.47 Get:151 http://deb.debian.org/debian trixie/main arm64 node-commondir all 1.0.1+~1.0.0-1 [4388 B]
#7 59.47 Get:152 http://deb.debian.org/debian trixie/main arm64 node-is-number all 7.0.0-4 [6020 B]
#7 59.48 Get:153 http://deb.debian.org/debian trixie/main arm64 node-repeat-string all 1.6.1+repack-1 [5600 B]
#7 59.48 Get:154 http://deb.debian.org/debian trixie/main arm64 node-to-regex-range all 5.0.1-4 [10.5 kB]
#7 59.49 Get:155 http://deb.debian.org/debian trixie/main arm64 node-fill-range all 7.1.1+~7.0.3-1 [8768 B]
#7 59.50 Get:156 http://deb.debian.org/debian trixie/main arm64 node-braces all 3.0.3+~3.0.5-1 [20.6 kB]
#7 59.51 Get:157 http://deb.debian.org/debian trixie/main arm64 node-normalize-path all 3.0.0+~3.0.0-1 [6608 B]
#7 59.51 Get:158 http://deb.debian.org/debian trixie/main arm64 node-anymatch all 3.1.3+~cs4.6.1-2 [33.4 kB]
#7 59.52 Get:159 http://deb.debian.org/debian trixie/main arm64 node-micromatch all 4.0.7+~4.0.9-1 [26.0 kB]
#7 59.53 Get:160 http://deb.debian.org/debian trixie/main arm64 node-pify all 5.0.0+~cs5.0.1-1 [7072 B]
#7 59.53 Get:161 http://deb.debian.org/debian trixie/main arm64 node-path-type all 4.0.0-3 [3944 B]
#7 59.54 Get:162 http://deb.debian.org/debian trixie/main arm64 node-n3 all 1.16.3+~1.2.3+~1.10.4-1 [37.0 kB]
#7 59.56 Get:163 http://deb.debian.org/debian trixie/main arm64 node-slash all 4.0.0-3 [4292 B]
#7 59.58 Get:164 http://deb.debian.org/debian trixie/main arm64 node-globby all 13.1.3+~cs16.25.40-3 [40.5 kB]
#7 59.59 Get:165 http://deb.debian.org/debian trixie/main arm64 node-graceful-fs all 4.2.10-1 [14.4 kB]
#7 59.59 Get:166 http://deb.debian.org/debian trixie/main arm64 node-is-path-cwd all 2.2.0-2 [3672 B]
#7 59.60 Get:167 http://deb.debian.org/debian trixie/main arm64 node-path-is-inside all 1.0.2+~1.0.0-1 [5072 B]
#7 59.60 Get:168 http://deb.debian.org/debian trixie/main arm64 node-is-path-inside all 3.0.3-2 [3980 B]
#7 59.60 Get:169 http://deb.debian.org/debian trixie/main arm64 node-escape-string-regexp all 4.0.0-2 [4296 B]
#7 59.60 Get:170 http://deb.debian.org/debian trixie/main arm64 node-indent-string all 4.0.0-2 [4144 B]
#7 59.60 Get:171 http://deb.debian.org/debian trixie/main arm64 node-p-map all 4.0.0+~3.1.0+~3.0.1-2 [7904 B]
#7 59.61 Get:172 http://deb.debian.org/debian trixie/main arm64 node-del all 7.1.0-1 [8020 B]
#7 59.61 Get:173 http://deb.debian.org/debian trixie/main arm64 node-make-dir all 3.1.0-3 [6040 B]
#7 59.61 Get:174 http://deb.debian.org/debian trixie/main arm64 node-p-limit all 4.0.0+~cs4.0.0-5 [7576 B]
#7 59.62 Get:175 http://deb.debian.org/debian trixie/main arm64 node-p-locate all 6.0.0-12 [5752 B]
#7 59.62 Get:176 http://deb.debian.org/debian trixie/main arm64 node-locate-path all 7.1.1-2 [5584 B]
#7 59.62 Get:177 http://deb.debian.org/debian trixie/main arm64 node-path-exists all 5.0.0-8 [4732 B]
#7 59.62 Get:178 http://deb.debian.org/debian trixie/main arm64 node-find-up all 6.3.0-7 [9388 B]
#7 59.63 Get:179 http://deb.debian.org/debian trixie/main arm64 node-pkg-dir all 5.0.0-2 [4260 B]
#7 59.63 Get:180 http://deb.debian.org/debian trixie/main arm64 node-find-cache-dir all 3.3.2+~3.2.1-1 [6152 B]
#7 59.63 Get:181 http://deb.debian.org/debian trixie/main arm64 node-signal-exit all 4.1.0-7 [14.4 kB]
#7 59.65 Get:182 http://deb.debian.org/debian trixie/main arm64 node-foreground-child all 3.1.1-2 [13.3 kB]
#7 59.65 Get:183 http://deb.debian.org/debian trixie/main arm64 node-is-stream all 3.0.0-4 [5076 B]
#7 59.65 Get:184 http://deb.debian.org/debian trixie/main arm64 node-is-windows all 1.0.2+~cs1.0.0-1 [5936 B]
#7 59.65 Get:185 http://deb.debian.org/debian trixie/main arm64 node-ampproject-remapping all 2.2.0+~cs5.15.37-1 [59.4 kB]
#7 59.72 Get:186 http://deb.debian.org/debian trixie/main arm64 node-sprintf-js all 1.1.2+ds1+~1.1.2-1 [4024 B]
#7 59.72 Get:187 http://deb.debian.org/debian trixie/main arm64 node-argparse all 2.0.1-2 [34.6 kB]
#7 59.76 Get:188 http://deb.debian.org/debian trixie/main arm64 node-js-yaml all 4.1.0+dfsg+~4.0.5-7 [66.6 kB]
#7 59.84 Get:189 http://deb.debian.org/debian trixie/main arm64 node-nopt all 5.0.0-4 [12.1 kB]
#7 59.84 Get:190 http://deb.debian.org/debian trixie/main arm64 node-npm-run-path all 5.1.0+~4.0.0-8 [6276 B]
#7 59.86 Get:191 http://deb.debian.org/debian trixie/main arm64 node-shebang-regex all 3.0.0-2 [3528 B]
#7 59.86 Get:192 http://deb.debian.org/debian trixie/main arm64 node-shebang-command all 2.0.0-1 [3500 B]
#7 59.88 Get:193 http://deb.debian.org/debian trixie/main arm64 node-strip-bom all 4.0.0-2 [4144 B]
#7 59.88 Get:194 http://deb.debian.org/debian trixie/main arm64 node-has-flag all 5.0.1-1 [4404 B]
#7 59.88 Get:195 http://deb.debian.org/debian trixie/main arm64 node-supports-color all 8.1.1+~8.1.1-1 [6920 B]
#7 59.89 Get:196 http://deb.debian.org/debian trixie/main arm64 node-util all 0.12.5+~1.0.10-1 [5700 B]
#7 59.90 Get:197 http://deb.debian.org/debian trixie/main arm64 node-assert all 2.0.0+~cs3.9.8-2 [26.8 kB]
#7 59.92 Get:198 http://deb.debian.org/debian trixie/main arm64 node-babel-plugin-add-module-exports all 1.0.4+dfsg1~cs5.8.0-4 [8672 B]
#7 59.92 Get:199 http://deb.debian.org/debian trixie/main arm64 node-regenerator-runtime all 0.15.2+~0.10.8-1 [10.7 kB]
#7 59.95 Get:200 http://deb.debian.org/debian trixie/main arm64 node-babel7-runtime all 7.20.15+ds1+~cs214.269.168-8 [116 kB]
#7 60.02 Get:201 http://deb.debian.org/debian trixie/main arm64 node-babel-helper-define-polyfill-provider all 0.3.3~0~20220913+ds1-1 [27.4 kB]
#7 60.05 Get:202 http://deb.debian.org/debian trixie/main arm64 node-babel-plugin-polyfill-corejs2 all 0.3.3~0~20220913+ds1-1 [17.1 kB]
#7 60.06 Get:203 http://deb.debian.org/debian trixie/main arm64 node-caniuse-lite all 1.0.30001723+dfsg+~1.0.5-1 [255 kB]
#7 60.40 Get:204 http://deb.debian.org/debian trixie/main arm64 node-electron-to-chromium all 1.5.166-1 [20.9 kB]
#7 60.43 Get:205 http://deb.debian.org/debian trixie/main arm64 node-picocolors all 1.0.0-4 [6652 B]
#7 60.43 Get:206 http://deb.debian.org/debian trixie/main arm64 node-browserslist all 4.25.0+~cs6.3.22-1 [72.3 kB]
#7 60.50 Get:207 http://deb.debian.org/debian trixie/main arm64 node-core-js-compat all 3.33.2-1 [78.5 kB]
#7 60.57 Get:208 http://deb.debian.org/debian trixie/main arm64 node-babel-plugin-polyfill-corejs3 all 0.6.0~0~20220913+ds1-1 [29.5 kB]
#7 60.60 Get:209 http://deb.debian.org/debian trixie/main arm64 node-babel-plugin-polyfill-regenerator all 0.4.1~0~20220913+ds1-1 [5036 B]
#7 60.60 Get:210 http://deb.debian.org/debian trixie/main arm64 node-color-name all 1.1.4+~1.1.1-2 [5920 B]
#7 60.60 Get:211 http://deb.debian.org/debian trixie/main arm64 node-color-convert all 2.0.1+~cs2.0.0-2 [13.1 kB]
#7 60.61 Get:212 http://deb.debian.org/debian trixie/main arm64 node-ansi-styles all 6.2.1-3 [8716 B]
#7 60.62 Get:213 http://deb.debian.org/debian trixie/main arm64 node-chalk all 5.3.0-1 [18.2 kB]
#7 60.65 Get:214 http://deb.debian.org/debian trixie/main arm64 node-for-in all 1.0.2-4 [4840 B]
#7 60.65 Get:215 http://deb.debian.org/debian trixie/main arm64 node-for-own all 1.0.0-3 [4800 B]
#7 60.66 Get:216 http://deb.debian.org/debian trixie/main arm64 node-is-plain-object all 5.0.0-7 [6108 B]
#7 60.67 Get:217 http://deb.debian.org/debian trixie/main arm64 node-is-extendable all 1.0.1-3 [5228 B]
#7 60.67 Get:218 http://deb.debian.org/debian trixie/main arm64 node-clone-deep all 4.0.1+~cs7.0.2-1 [6720 B]
#7 60.67 Get:219 http://deb.debian.org/debian trixie/main arm64 node-commander all 9.4.1-1 [65.3 kB]
#7 60.71 Get:220 http://deb.debian.org/debian trixie/main arm64 node-core-js all 3.33.2-1 [301 kB]
#7 60.87 Get:221 http://deb.debian.org/debian trixie/main arm64 node-core-js-pure all 3.33.2-1 [282 kB]
#7 61.04 Get:222 http://deb.debian.org/debian trixie/main arm64 node-fs-readdir-recursive all 1.1.0+~1.1.0-1 [4540 B]
#7 61.04 Get:223 http://deb.debian.org/debian trixie/main arm64 node-js-tokens all 8.0.0-2 [14.9 kB]
#7 61.05 Get:224 http://deb.debian.org/debian trixie/main arm64 node-jsesc all 3.0.2+~3.0.1-1 [17.6 kB]
#7 61.05 Get:225 http://deb.debian.org/debian trixie/main arm64 node-json5 all 2.2.3+dfsg-1 [25.6 kB]
#7 61.07 Get:226 http://deb.debian.org/debian trixie/main arm64 node-quick-lru all 6.1.1-4 [8076 B]
#7 61.07 Get:227 http://deb.debian.org/debian trixie/main arm64 node-regenerator-transform all 0.15.2+~0.10.8-1 [24.9 kB]
#7 61.08 Get:228 http://deb.debian.org/debian trixie/main arm64 node-regjsgen all 0.7.1+ds-1 [6968 B]
#7 61.08 Get:229 http://deb.debian.org/debian trixie/main arm64 node-regjsparser all 0.9.1+ds-2 [22.1 kB]
#7 61.09 Get:230 http://deb.debian.org/debian trixie/main arm64 node-unicode-canonical-property-names-ecmascript all 2.0.0-2 [4540 B]
#7 61.09 Get:231 http://deb.debian.org/debian trixie/main arm64 node-unicode-property-aliases-ecmascript all 2.1.0+ds-1 [5256 B]
#7 61.09 Get:232 http://deb.debian.org/debian trixie/main arm64 node-unicode-match-property-ecmascript all 2.0.0-2 [4440 B]
#7 61.09 Get:233 http://deb.debian.org/debian trixie/main arm64 node-unicode-match-property-value-ecmascript all 2.1.0+ds-1 [7272 B]
#7 61.11 Get:234 http://deb.debian.org/debian trixie/main arm64 node-regexpu-core all 5.2.2-3 [13.9 kB]
#7 61.11 Get:235 http://deb.debian.org/debian trixie/main arm64 node-source-map-support all 0.5.21+ds+~0.5.10-1 [15.3 kB]
#7 61.11 Get:236 http://deb.debian.org/debian trixie/main arm64 node-to-fast-properties all 3.0.1-3 [4332 B]
#7 61.11 Get:237 http://deb.debian.org/debian trixie/main arm64 node-v8flags all 3.2.0+~3.1.1-1 [7612 B]
#7 61.12 Get:238 http://deb.debian.org/debian trixie/main arm64 node-babel7 all 7.20.15+ds1+~cs214.269.168-8 [709 kB]
#7 ...

#8 [runtime  3/29] RUN apt-get update     && apt-get install -y --no-install-recommends       build-essential       ca-certificates       curl       git       nodejs       npm       ripgrep     && rm -rf /var/lib/apt/lists/*
#8 61.07 Get:34 http://deb.debian.org/debian trixie/main arm64 cpp-14 arm64 14.2.0-19 [1276 B]
#8 61.07 Get:35 http://deb.debian.org/debian trixie/main arm64 cpp-aarch64-linux-gnu arm64 4:14.2.0-1 [4832 B]
#8 61.07 Get:36 http://deb.debian.org/debian trixie/main arm64 cpp arm64 4:14.2.0-1 [1568 B]
#8 61.07 Get:37 http://deb.debian.org/debian trixie/main arm64 libcc1-0 arm64 14.2.0-19 [42.2 kB]
#8 61.09 Get:38 http://deb.debian.org/debian trixie/main arm64 libgomp1 arm64 14.2.0-19 [124 kB]
#8 61.15 Get:39 http://deb.debian.org/debian trixie/main arm64 libitm1 arm64 14.2.0-19 [24.2 kB]
#8 61.17 Get:40 http://deb.debian.org/debian trixie/main arm64 libatomic1 arm64 14.2.0-19 [10.1 kB]
#8 61.17 Get:41 http://deb.debian.org/debian trixie/main arm64 libasan8 arm64 14.2.0-19 [2578 kB]
#8 62.67 Get:42 http://deb.debian.org/debian trixie/main arm64 liblsan0 arm64 14.2.0-19 [1161 kB]
#8 63.37 Get:43 http://deb.debian.org/debian trixie/main arm64 libtsan2 arm64 14.2.0-19 [2383 kB]
#8 66.28 Get:44 http://deb.debian.org/debian trixie/main arm64 libubsan1 arm64 14.2.0-19 [1039 kB]
#8 67.29 Get:45 http://deb.debian.org/debian trixie/main arm64 libhwasan0 arm64 14.2.0-19 [1442 kB]
#8 ...

#7 [frontend  3/13] RUN apt-get update     && apt-get install -y --no-install-recommends       ca-certificates       curl       nodejs       npm     && rm -rf /var/lib/apt/lists/*     && npm install -g n     && n 22
#7 61.43 Get:239 http://deb.debian.org/debian trixie/main arm64 node-is-arrayish all 0.3.2-3 [3960 B]
#7 61.43 Get:240 http://deb.debian.org/debian trixie/main arm64 node-error-ex all 1.3.2-4 [5656 B]
#7 61.43 Get:241 http://deb.debian.org/debian trixie/main arm64 node-json-parse-better-errors all 1.0.2+~cs3.3.1-3 [7724 B]
#7 61.43 Get:242 http://deb.debian.org/debian trixie/main arm64 node-parse-json all 5.2.0+~cs5.1.7-2 [7304 B]
#7 61.45 Get:243 http://deb.debian.org/debian trixie/main arm64 node-hosted-git-info all 6.1.1-2 [12.6 kB]
#7 61.45 Get:244 http://deb.debian.org/debian trixie/main arm64 node-spdx-license-ids all 3.0.12-1 [6276 B]
#7 61.46 Get:245 http://deb.debian.org/debian trixie/main arm64 node-spdx-exceptions all 2.3.0-2 [3992 B]
#7 61.47 Get:246 http://deb.debian.org/debian trixie/main arm64 node-spdx-expression-parse all 3.0.1+~3.0.1-1 [7532 B]
#7 61.47 Get:247 http://deb.debian.org/debian trixie/main arm64 node-spdx-correct all 3.1.1-2 [5464 B]
#7 61.48 Get:248 http://deb.debian.org/debian trixie/main arm64 node-validate-npm-package-license all 3.0.4-2 [4280 B]
#7 61.49 Get:249 http://deb.debian.org/debian trixie/main arm64 node-normalize-package-data all 4.0.1+~2.4.1-1 [13.6 kB]
#7 61.50 Get:250 http://deb.debian.org/debian trixie/main arm64 node-read-pkg all 5.2.0-2 [24.0 kB]
#7 61.52 Get:251 http://deb.debian.org/debian trixie/main arm64 node-uuid all 8.3.2+~8.3.4-1 [44.5 kB]
#7 61.57 Get:252 http://deb.debian.org/debian trixie/main arm64 node-isexe all 2.0.0+~2.0.1-5 [6084 B]
#7 61.58 Get:253 http://deb.debian.org/debian trixie/main arm64 node-which all 2.0.2+~cs1.3.2-3 [8368 B]
#7 61.59 Get:254 http://deb.debian.org/debian trixie/main arm64 node-is-typedarray all 1.0.0-4 [3292 B]
#7 61.59 Get:255 http://deb.debian.org/debian trixie/main arm64 node-typedarray-to-buffer all 4.0.0-2 [3380 B]
#7 61.60 Get:256 http://deb.debian.org/debian trixie/main arm64 node-write-file-atomic all 4.0.2+~4.0.0-2 [9308 B]
#7 61.60 Get:257 http://deb.debian.org/debian trixie/main arm64 node-slice-ansi all 5.0.0+~cs9.0.0-5 [8788 B]
#7 61.84 Get:258 http://deb.debian.org/debian trixie/main arm64 node-ansi-regex all 5.0.1-1 [4912 B]
#7 61.85 Get:259 http://deb.debian.org/debian trixie/main arm64 node-strip-ansi all 6.0.1-2 [4120 B]
#7 61.86 Get:260 http://deb.debian.org/debian trixie/main arm64 node-clone all 2.1.2+~2.1.2-1 [9140 B]
#7 61.89 Get:261 http://deb.debian.org/debian trixie/main arm64 node-defaults all 1.0.4+~1.0.3-1 [4400 B]
#7 61.90 Get:262 http://deb.debian.org/debian trixie/main arm64 node-wcwidth.js all 1.0.2-2 [7088 B]
#7 61.90 Get:263 http://deb.debian.org/debian trixie/main arm64 node-string-width all 4.2.3+~cs13.2.3-1 [10.7 kB]
#7 61.90 Get:264 http://deb.debian.org/debian trixie/main arm64 node-wrap-ansi all 8.0.1+~8.0.1-3 [11.8 kB]
#7 61.93 Get:265 http://deb.debian.org/debian trixie/main arm64 node-cliui all 7.0.4+repack+1+~cs1.4.2-2 [21.6 kB]
#7 61.96 Get:266 http://deb.debian.org/debian trixie/main arm64 node-get-caller-file all 2.0.5+~cs1.1.1-4 [5728 B]
#7 62.01 Get:267 http://deb.debian.org/debian trixie/main arm64 node-require-directory all 2.1.1+~2.1.2-1 [7092 B]
#7 62.03 Get:268 http://deb.debian.org/debian trixie/main arm64 node-y18n all 5.0.8+~5.0.0-3 [10.2 kB]
#7 62.05 Get:269 http://deb.debian.org/debian trixie/main arm64 node-camelcase all 7.0.0-3 [6032 B]
#7 62.07 Get:270 http://deb.debian.org/debian trixie/main arm64 node-yargs-parser all 21.1.1+~21.0.0-4 [28.4 kB]
#7 62.16 Get:271 http://deb.debian.org/debian trixie/main arm64 node-yargs all 16.2.0+~16.0.4-7 [128 kB]
#7 62.39 Get:272 http://deb.debian.org/debian trixie/main arm64 node-istanbul all 0.4.5+repack10+~cs98.25.59-3 [211 kB]
#7 62.49 Get:273 http://deb.debian.org/debian trixie/main arm64 node-through all 2.3.8+~cs0.0.30-1 [5452 B]
#7 62.49 Get:274 http://deb.debian.org/debian trixie/main arm64 node-resumer all 0.0.0-6 [4144 B]
#7 62.49 Get:275 http://deb.debian.org/debian trixie/main arm64 node-tape all 5.6.1+~cs8.20.19-3 [71.0 kB]
#7 62.52 Get:276 http://deb.debian.org/debian trixie/main arm64 node-deep-equal all 2.2.3+~cs43.15.94-1 [131 kB]
#7 62.56 Get:277 http://deb.debian.org/debian trixie/main arm64 libjs-util all 0.12.5+~1.0.10-1 [16.0 kB]
#7 62.57 Get:278 http://deb.debian.org/debian-security trixie-security/main arm64 libssl-dev arm64 3.5.6-1~deb13u2 [3393 kB]
#7 67.13 Get:279 http://deb.debian.org/debian trixie/main arm64 libuv1-dev arm64 1.50.0-2 [186 kB]
#7 67.27 Get:280 http://deb.debian.org/debian trixie/main arm64 libnode-dev arm64 20.19.2+dfsg-1+deb13u2 [537 kB]
#7 67.60 Get:281 http://deb.debian.org/debian trixie/main arm64 node-agent-base all 7.1.1~0~2024040606-6+deb13u1 [11.6 kB]
#7 67.64 Get:282 http://deb.debian.org/debian trixie/main arm64 node-ajv-keywords all 5.1.0-4 [32.3 kB]
#7 67.67 Get:283 http://deb.debian.org/debian trixie/main arm64 node-ansi-escapes all 5.0.0+really.4.3.1-1 [8896 B]
#7 67.68 Get:284 http://deb.debian.org/debian trixie/main arm64 node-aproba all 2.0.0-3 [5844 B]
#7 67.68 Get:285 http://deb.debian.org/debian trixie/main arm64 node-delegates all 1.0.0-3 [4528 B]
#7 67.69 Get:286 http://deb.debian.org/debian trixie/main arm64 node-are-we-there-yet all 3.0.1+~1.1.0-1 [10.0 kB]
#7 67.69 Get:287 http://deb.debian.org/debian trixie/main arm64 node-async-each all 1.0.3-3 [4292 B]
#7 67.69 Get:288 http://deb.debian.org/debian trixie/main arm64 node-babel-plugin-lodash all 3.3.4+~cs2.0.1-7 [11.0 kB]
#7 67.70 Get:289 http://deb.debian.org/debian trixie/main arm64 node-base64-js all 1.5.1+dfsg+~1.3.0-2 [7140 B]
#7 67.71 Get:290 http://deb.debian.org/debian trixie/main arm64 node-binary-extensions all 2.2.0-2 [4408 B]
#7 67.71 Get:291 http://deb.debian.org/debian trixie/main arm64 node-builtins all 5.0.1-1 [4072 B]
#7 67.72 Get:292 http://deb.debian.org/debian trixie/main arm64 node-chownr all 2.0.0-3 [4312 B]
#7 67.73 Get:293 http://deb.debian.org/debian trixie/main arm64 node-iconv-lite all 0.6.3-3 [115 kB]
#7 67.84 Get:294 http://deb.debian.org/debian trixie/main arm64 node-encoding all 0.1.13-2 [4400 B]
#7 67.84 Get:295 http://deb.debian.org/debian trixie/main arm64 node-jsonparse all 1.3.1-10 [8020 B]
#7 67.86 Get:296 http://deb.debian.org/debian trixie/main arm64 node-yallist all 4.0.0+~4.0.1-1 [8172 B]
#7 67.86 Get:297 http://deb.debian.org/debian trixie/main arm64 node-minipass all 5.0.0+~cs10.3.21-3 [46.9 kB]
#7 67.90 Get:298 http://deb.debian.org/debian trixie/main arm64 node-iferr all 1.0.2+~1.0.2-1 [4588 B]
#7 67.92 Get:299 http://deb.debian.org/debian trixie/main arm64 node-fs-write-stream-atomic all 1.0.10-6 [5316 B]
#7 67.92 Get:300 http://deb.debian.org/debian trixie/main arm64 node-run-queue all 2.0.0-3 [5156 B]
#7 67.93 Get:301 http://deb.debian.org/debian trixie/main arm64 node-copy-concurrently all 1.0.5-9 [7100 B]
#7 67.93 Get:302 http://deb.debian.org/debian trixie/main arm64 node-move-concurrently all 1.0.1-5 [5152 B]
#7 67.94 Get:303 http://deb.debian.org/debian trixie/main arm64 node-promise-inflight all 1.0.1+~1.0.0-1 [4864 B]
#7 67.94 Get:304 http://deb.debian.org/debian trixie/main arm64 node-ssri all 9.0.1-3 [18.1 kB]
#7 67.96 Get:305 http://deb.debian.org/debian trixie/main arm64 node-unique-filename all 1.1.1+ds-2 [4032 B]
#7 67.97 Get:306 http://deb.debian.org/debian trixie/main arm64 node-cacache all 17.0.3+~cs10.3.7-2 [45.2 kB]
#7 68.00 Get:307 http://deb.debian.org/debian trixie/main arm64 node-is-binary-path all 2.1.0-5 [3684 B]
#7 68.00 Get:308 http://deb.debian.org/debian trixie/main arm64 node-path-is-absolute all 2.0.0-2 [4068 B]
#7 68.00 Get:309 http://deb.debian.org/debian trixie/main arm64 node-set-immediate-shim all 2.0.0-2 [3740 B]
#7 68.01 Get:310 http://deb.debian.org/debian trixie/main arm64 node-readdirp all 3.6.0-1 [11.5 kB]
#7 68.02 Get:311 http://deb.debian.org/debian trixie/main arm64 node-chokidar all 3.6.0-3 [32.4 kB]
#7 68.07 Get:312 http://deb.debian.org/debian trixie/main arm64 node-tslib all 2.4.1-1 [19.5 kB]
#7 68.09 Get:313 http://deb.debian.org/debian trixie/main arm64 node-chrome-trace-event all 1.0.3-2 [6984 B]
#7 68.10 Get:314 http://deb.debian.org/debian trixie/main arm64 node-ci-info all 4.0.0+~cs1.1.0-1 [12.5 kB]
#7 68.11 Get:315 http://deb.debian.org/debian trixie/main arm64 node-colors all 1.4.0-4 [11.9 kB]
#7 68.12 Get:316 http://deb.debian.org/debian trixie/main arm64 node-cli-table all 0.3.11+~cs0.13.4-3 [23.6 kB]
#7 68.14 Get:317 http://deb.debian.org/debian trixie/main arm64 node-columnify all 1.6.0+~1.5.1-1 [12.4 kB]
#7 68.14 Get:318 http://deb.debian.org/debian trixie/main arm64 node-console-control-strings all 1.1.0-3 [5564 B]
#7 68.16 Get:319 http://deb.debian.org/debian trixie/main arm64 node-css-selector-tokenizer all 0.8.0+~cs4.8.3-1 [13.0 kB]
#7 68.19 Get:320 http://deb.debian.org/debian trixie/main arm64 node-postcss all 8.4.49+~cs9.2.32-1 [189 kB]
#7 68.40 Get:321 http://deb.debian.org/debian trixie/main arm64 node-icss-utils all 5.1.0+~5.1.0-1 [7564 B]
#7 68.41 Get:322 http://deb.debian.org/debian trixie/main arm64 node-postcss-modules-extract-imports all 3.0.0-2 [6584 B]
#7 68.41 Get:323 http://deb.debian.org/debian trixie/main arm64 node-postcss-modules-values all 4.0.0+~4.0.0-1 [7180 B]
#7 68.42 Get:324 http://deb.debian.org/debian trixie/main arm64 node-postcss-value-parser all 4.2.0-1 [10.4 kB]
#7 68.43 Get:325 http://deb.debian.org/debian trixie/main arm64 node-prr all 1.0.1-3 [4352 B]
#7 68.43 Get:326 http://deb.debian.org/debian trixie/main arm64 node-errno all 1.0.0-3 [7736 B]
#7 68.44 Get:327 http://deb.debian.org/debian trixie/main arm64 node-memory-fs all 0.5.0+~0.3.3-2 [7676 B]
#7 68.44 Get:328 http://deb.debian.org/debian trixie/main arm64 node-tapable all 2.2.1-3 [13.5 kB]
#7 68.46 Get:329 http://deb.debian.org/debian trixie/main arm64 node-enhanced-resolve all 5.15.0-1 [36.4 kB]
#7 68.49 Get:330 http://deb.debian.org/debian trixie/main arm64 node-es-module-lexer all 1.1.0+dfsg-3 [19.8 kB]
#7 68.51 Get:331 http://deb.debian.org/debian trixie/main arm64 node-events all 3.3.0+~3.0.0-3 [5888 B]
#7 68.52 Get:332 http://deb.debian.org/debian trixie/main arm64 node-resolve-cwd all 3.0.0-2 [4212 B]
#7 68.53 Get:333 http://deb.debian.org/debian trixie/main arm64 node-jest-debbundle all 29.6.2~ds1+~cs73.45.28-5 [135 kB]
#7 ...

#8 [runtime  3/29] RUN apt-get update     && apt-get install -y --no-install-recommends       build-essential       ca-certificates       curl       git       nodejs       npm       ripgrep     && rm -rf /var/lib/apt/lists/*
#8 68.76 Get:46 http://deb.debian.org/debian trixie/main arm64 libgcc-14-dev arm64 14.2.0-19 [2359 kB]
#8 70.56 Get:47 http://deb.debian.org/debian trixie/main arm64 gcc-14-aarch64-linux-gnu arm64 14.2.0-19 [17.7 MB]
#8 ...

#7 [frontend  3/13] RUN apt-get update     && apt-get install -y --no-install-recommends       ca-certificates       curl       nodejs       npm     && rm -rf /var/lib/apt/lists/*     && npm install -g n     && n 22
#7 68.84 Get:334 http://deb.debian.org/debian trixie/main arm64 node-interpret all 2.2.0-3 [7660 B]
#7 68.85 Get:335 http://deb.debian.org/debian trixie/main arm64 node-merge-stream all 2.0.0+~1.1.2-2 [5124 B]
#7 68.86 Get:336 http://deb.debian.org/debian trixie/main arm64 node-jest-worker all 29.6.2~ds1+~cs73.45.28-5 [116 kB]
#7 68.98 Get:337 http://deb.debian.org/debian trixie/main arm64 node-loader-runner all 4.3.0-1 [7644 B]
#7 68.99 Get:338 http://deb.debian.org/debian trixie/main arm64 node-mime all 3.0.0+dfsg+~cs6.97.2-2 [40.3 kB]
#7 69.02 Get:339 http://deb.debian.org/debian trixie/main arm64 node-mime-types all 2.1.35-2 [8752 B]
#7 69.03 Get:340 http://deb.debian.org/debian trixie/main arm64 node-rechoir all 0.8.0+~0.6.1-2 [6628 B]
#7 69.03 Get:341 http://deb.debian.org/debian trixie/main arm64 node-schema-utils all 4.2.0~ds-3 [22.0 kB]
#7 69.06 Get:342 http://deb.debian.org/debian trixie/main arm64 node-randombytes all 2.1.0+~2.0.0-2 [4852 B]
#7 69.06 Get:343 http://deb.debian.org/debian trixie/main arm64 node-serialize-javascript all 6.0.2-1 [13.0 kB]
#7 69.08 Get:344 http://deb.debian.org/debian trixie/main arm64 node-watchpack all 2.4.0+~cs2.8.1-1 [20.2 kB]
#7 69.10 Get:345 http://deb.debian.org/debian trixie/main arm64 node-webassemblyjs all 1.11.4+dfsg+~cs10.11.17-2 [139 kB]
#7 69.23 Get:346 http://deb.debian.org/debian trixie/main arm64 node-source-list-map all 2.0.1+dfsg+~0.1.2-1 [10.1 kB]
#7 69.23 Get:347 http://deb.debian.org/debian trixie/main arm64 node-webpack-sources all 3.2.3+~3.2.0-2 [23.2 kB]
#7 69.27 Get:348 http://deb.debian.org/debian trixie/main arm64 node-terser all 5.38.0-1 [220 kB]
#7 69.52 Get:349 http://deb.debian.org/debian trixie/main arm64 terser all 5.38.0-1 [19.4 kB]
#7 69.54 Get:350 http://deb.debian.org/debian trixie/main arm64 node-get-stream all 8.0.1-11 [11.6 kB]
#7 69.55 Get:351 http://deb.debian.org/debian trixie/main arm64 node-mimic-fn all 4.0.0-5 [5492 B]
#7 69.55 Get:352 http://deb.debian.org/debian trixie/main arm64 node-strip-eof all 3.0.0-5 [4656 B]
#7 69.57 Get:353 http://deb.debian.org/debian trixie/main arm64 node-execa all 8.0.1+dfsg1+~cs12.0.0-1 [43.9 kB]
#7 69.61 Get:354 http://deb.debian.org/debian trixie/main arm64 node-envinfo all 7.11.0+~cs14.3.0-3 [32.6 kB]
#7 69.64 Get:355 http://deb.debian.org/debian trixie/main arm64 webpack all 5.97.1+dfsg1+~cs11.18.27-3 [810 kB]
#7 70.27 Get:356 http://deb.debian.org/debian trixie/main arm64 node-css-loader all 6.8.1+~cs14.0.17-1 [74.5 kB]
#7 70.34 Get:357 http://deb.debian.org/debian trixie/main arm64 node-data-uri-to-buffer all 6.0.2~0~2024040606-6+deb13u1 [9180 B]
#7 70.34 Get:358 http://deb.debian.org/debian trixie/main arm64 node-mimic-response all 3.1.0-9 [5424 B]
#7 70.35 Get:359 http://deb.debian.org/debian trixie/main arm64 node-decompress-response all 6.0.0-3 [4656 B]
#7 70.36 Get:360 http://deb.debian.org/debian trixie/main arm64 node-depd all 2.0.0-2 [11.2 kB]
#7 70.37 Get:361 http://deb.debian.org/debian trixie/main arm64 node-diff all 5.0.0~dfsg+~5.0.1-4 [69.7 kB]
#7 70.45 Get:362 http://deb.debian.org/debian trixie/main arm64 node-err-code all 2.0.3+dfsg-3 [4884 B]
#7 70.45 Get:363 http://deb.debian.org/debian trixie/main arm64 node-time-stamp all 2.2.0-2 [6016 B]
#7 70.46 Get:364 http://deb.debian.org/debian trixie/main arm64 node-fancy-log all 1.3.3+~cs1.3.1-2 [7940 B]
#7 70.48 Get:365 http://deb.debian.org/debian trixie/main arm64 node-fetch all 3.3.2+~cs11.4.11-3 [213 kB]
#7 70.73 Get:366 http://deb.debian.org/debian trixie/main arm64 node-has-unicode all 2.0.1-5 [3992 B]
#7 70.74 Get:367 http://deb.debian.org/debian trixie/main arm64 node-wide-align all 1.1.3-4 [4244 B]
#7 70.74 Get:368 http://deb.debian.org/debian trixie/main arm64 node-gauge all 4.0.4-2 [19.7 kB]
#7 70.76 Get:369 http://deb.debian.org/debian trixie/main arm64 node-lowercase-keys all 2.0.0-2 [3768 B]
#7 70.76 Get:370 http://deb.debian.org/debian trixie/main arm64 node-json-buffer all 3.0.1+~3.0.0-1 [4536 B]
#7 70.77 Get:371 http://deb.debian.org/debian trixie/main arm64 node-p-cancelable all 2.1.1-1 [7272 B]
#7 70.77 Get:372 http://deb.debian.org/debian trixie/main arm64 node-got all 11.8.5+~cs58.13.36-5 [121 kB]
#7 70.89 Get:373 http://deb.debian.org/debian trixie/main arm64 node-https-proxy-agent all 7.0.4~0~2024040606-6+deb13u1 [13.7 kB]
#7 70.90 Get:374 http://deb.debian.org/debian trixie/main arm64 node-set-blocking all 2.0.0-2 [4248 B]
#7 70.90 Get:375 http://deb.debian.org/debian trixie/main arm64 node-npmlog all 7.0.1+~4.1.4-1 [11.4 kB]
#7 70.91 Get:376 http://deb.debian.org/debian trixie/main arm64 node-osenv all 0.1.5+~0.1.1-1 [5884 B]
#7 70.92 Get:377 http://deb.debian.org/debian trixie/main arm64 node-tar all 6.2.1+~cs7.0.8-1+deb13u1 [52.7 kB]
#7 70.95 Get:378 http://deb.debian.org/debian trixie/main arm64 node-gyp all 11.1.0+~5.0.0-1 [67.6 kB]
#7 70.98 Get:379 http://deb.debian.org/debian trixie/main arm64 node-http-proxy-agent all 7.0.2~0~2024040606-6+deb13u1 [10.8 kB]
#7 70.99 Get:380 http://deb.debian.org/debian trixie/main arm64 node-ieee754 all 1.2.1-3 [5268 B]
#7 70.99 Get:381 http://deb.debian.org/debian trixie/main arm64 node-ini all 3.0.1-2 [6928 B]
#7 70.99 Get:382 http://deb.debian.org/debian trixie/main arm64 node-ip all 2.0.1+~1.1.3-3 [8616 B]
#7 70.99 Get:383 http://deb.debian.org/debian trixie/main arm64 node-ip-regex all 4.3.0+~4.1.1-1 [5188 B]
#7 71.00 Get:384 http://deb.debian.org/debian trixie/main arm64 node-mute-stream all 0.0.8+~0.0.1-3 [6232 B]
#7 71.00 Get:385 http://deb.debian.org/debian trixie/main arm64 node-negotiator all 0.6.3+~0.6.1-1 [10.8 kB]
#7 71.00 Get:386 http://deb.debian.org/debian trixie/main arm64 node-read-package-json all 5.0.2+~2.0.0-2 [11.6 kB]
#7 71.01 Get:387 http://deb.debian.org/debian trixie/main arm64 node-npm-bundled all 2.0.1-2 [6408 B]
#7 71.01 Get:388 http://deb.debian.org/debian trixie/main arm64 node-validate-npm-package-name all 5.0.0+~4.0.0-1 [7444 B]
#7 71.02 Get:389 http://deb.debian.org/debian trixie/main arm64 node-npm-package-arg all 10.0.0+~3.0.0-2 [11.4 kB]
#7 71.02 Get:390 http://deb.debian.org/debian trixie/main arm64 node-retry all 0.13.1.+~cs2.19.16-1 [14.2 kB]
#7 71.03 Get:391 http://deb.debian.org/debian trixie/main arm64 node-promise-retry all 2.0.1-4 [5016 B]
#7 71.03 Get:392 http://deb.debian.org/debian trixie/main arm64 node-read all 1.0.7-5 [5388 B]
#7 71.03 Get:393 http://deb.debian.org/debian trixie/main arm64 node-promzard all 0.3.0-2 [6788 B]
#7 71.03 Get:394 http://deb.debian.org/debian trixie/main arm64 node-text-table all 0.2.0-4 [4736 B]
#7 71.04 Get:395 http://deb.debian.org/debian trixie/main arm64 npm all 9.2.0~ds1-3 [669 kB]
#7 71.60 debconf: unable to initialize frontend: Dialog
#7 71.60 debconf: (TERM is not set, so the dialog frontend is not usable.)
#7 71.60 debconf: falling back to frontend: Readline
#7 71.60 debconf: unable to initialize frontend: Readline
#7 71.60 debconf: (Can't locate Term/ReadLine.pm in @INC (you may need to install the Term::ReadLine module) (@INC entries checked: /etc/perl /usr/local/lib/aarch64-linux-gnu/perl/5.40.1 /usr/local/share/perl/5.40.1 /usr/lib/aarch64-linux-gnu/perl5/5.40 /usr/share/perl5 /usr/lib/aarch64-linux-gnu/perl-base /usr/lib/aarch64-linux-gnu/perl/5.40 /usr/share/perl/5.40 /usr/local/lib/site_perl) at /usr/share/perl5/Debconf/FrontEnd/Readline.pm line 8, <STDIN> line 395.)
#7 71.60 debconf: falling back to frontend: Teletype
#7 71.60 debconf: unable to initialize frontend: Teletype
#7 71.60 debconf: (This frontend requires a controlling tty.)
#7 71.60 debconf: falling back to frontend: Noninteractive
#7 76.22 Fetched 48.4 MB in 53s (921 kB/s)
#7 76.25 Selecting previously unselected package libexpat1:arm64.
#7 76.25 (Reading database ... 
(Reading database ... 5%
(Reading database ... 10%
(Reading database ... 15%
(Reading database ... 20%
(Reading database ... 25%
(Reading database ... 30%
(Reading database ... 35%
(Reading database ... 40%
(Reading database ... 45%
(Reading database ... 50%
(Reading database ... 55%
(Reading database ... 60%
(Reading database ... 65%
(Reading database ... 70%
(Reading database ... 75%
(Reading database ... 80%
(Reading database ... 85%
(Reading database ... 90%
(Reading database ... 95%
(Reading database ... 100%
(Reading database ... 5642 files and directories currently installed.)
#7 76.28 Preparing to unpack .../libexpat1_2.7.1-2_arm64.deb ...
#7 76.28 Unpacking libexpat1:arm64 (2.7.1-2) ...
#7 76.30 Selecting previously unselected package libpython3.13-minimal:arm64.
#7 76.30 Preparing to unpack .../libpython3.13-minimal_3.13.5-2+deb13u2_arm64.deb ...
#7 76.31 Unpacking libpython3.13-minimal:arm64 (3.13.5-2+deb13u2) ...
#7 76.36 Selecting previously unselected package python3.13-minimal.
#7 76.36 Preparing to unpack .../python3.13-minimal_3.13.5-2+deb13u2_arm64.deb ...
#7 76.37 Unpacking python3.13-minimal (3.13.5-2+deb13u2) ...
#7 76.46 Setting up libpython3.13-minimal:arm64 (3.13.5-2+deb13u2) ...
#7 76.46 Setting up libexpat1:arm64 (2.7.1-2) ...
#7 76.47 Setting up python3.13-minimal (3.13.5-2+deb13u2) ...
#7 76.84 Selecting previously unselected package python3-minimal.
#7 76.84 (Reading database ... 
(Reading database ... 5%
(Reading database ... 10%
(Reading database ... 15%
(Reading database ... 20%
(Reading database ... 25%
(Reading database ... 30%
(Reading database ... 35%
(Reading database ... 40%
(Reading database ... 45%
(Reading database ... 50%
(Reading database ... 55%
(Reading database ... 60%
(Reading database ... 65%
(Reading database ... 70%
(Reading database ... 75%
(Reading database ... 80%
(Reading database ... 85%
(Reading database ... 90%
(Reading database ... 95%
(Reading database ... 100%
(Reading database ... 5976 files and directories currently installed.)
#7 76.84 Preparing to unpack .../python3-minimal_3.13.5-1_arm64.deb ...
#7 76.84 Unpacking python3-minimal (3.13.5-1) ...
#7 76.85 Selecting previously unselected package media-types.
#7 76.85 Preparing to unpack .../media-types_13.0.0_all.deb ...
#7 76.85 Unpacking media-types (13.0.0) ...
#7 76.86 Selecting previously unselected package libpython3.13-stdlib:arm64.
#7 76.86 Preparing to unpack .../libpython3.13-stdlib_3.13.5-2+deb13u2_arm64.deb ...
#7 76.87 Unpacking libpython3.13-stdlib:arm64 (3.13.5-2+deb13u2) ...
#7 76.97 Selecting previously unselected package python3.13.
#7 76.97 Preparing to unpack .../python3.13_3.13.5-2+deb13u2_arm64.deb ...
#7 76.97 Unpacking python3.13 (3.13.5-2+deb13u2) ...
#7 76.99 Selecting previously unselected package libpython3-stdlib:arm64.
#7 76.99 Preparing to unpack .../libpython3-stdlib_3.13.5-1_arm64.deb ...
#7 76.99 Unpacking libpython3-stdlib:arm64 (3.13.5-1) ...
#7 77.00 Setting up python3-minimal (3.13.5-1) ...
#7 77.08 Selecting previously unselected package python3.
#7 77.08 (Reading database ... 
(Reading database ... 5%
(Reading database ... 10%
(Reading database ... 15%
(Reading database ... 20%
(Reading database ... 25%
(Reading database ... 30%
(Reading database ... 35%
(Reading database ... 40%
(Reading database ... 45%
(Reading database ... 50%
(Reading database ... 55%
(Reading database ... 60%
(Reading database ... 65%
(Reading database ... 70%
(Reading database ... 75%
(Reading database ... 80%
(Reading database ... 85%
(Reading database ... 90%
(Reading database ... 95%
(Reading database ... 100%
(Reading database ... 6430 files and directories currently installed.)
#7 77.08 Preparing to unpack .../000-python3_3.13.5-1_arm64.deb ...
#7 77.08 Unpacking python3 (3.13.5-1) ...
#7 77.10 Selecting previously unselected package libbrotli1:arm64.
#7 77.10 Preparing to unpack .../001-libbrotli1_1.1.0-2+b7_arm64.deb ...
#7 77.10 Unpacking libbrotli1:arm64 (1.1.0-2+b7) ...
#7 77.12 Selecting previously unselected package libkrb5support0:arm64.
#7 77.12 Preparing to unpack .../002-libkrb5support0_1.21.3-5+deb13u1_arm64.deb ...
#7 77.13 Unpacking libkrb5support0:arm64 (1.21.3-5+deb13u1) ...
#7 77.14 Selecting previously unselected package libcom-err2:arm64.
#7 77.14 Preparing to unpack .../003-libcom-err2_1.47.2-3+b11_arm64.deb ...
#7 77.14 Unpacking libcom-err2:arm64 (1.47.2-3+b11) ...
#7 77.15 Selecting previously unselected package libk5crypto3:arm64.
#7 77.15 Preparing to unpack .../004-libk5crypto3_1.21.3-5+deb13u1_arm64.deb ...
#7 77.15 Unpacking libk5crypto3:arm64 (1.21.3-5+deb13u1) ...
#7 77.17 Selecting previously unselected package libkeyutils1:arm64.
#7 77.17 Preparing to unpack .../005-libkeyutils1_1.6.3-6_arm64.deb ...
#7 77.17 Unpacking libkeyutils1:arm64 (1.6.3-6) ...
#7 77.19 Selecting previously unselected package libkrb5-3:arm64.
#7 77.19 Preparing to unpack .../006-libkrb5-3_1.21.3-5+deb13u1_arm64.deb ...
#7 77.19 Unpacking libkrb5-3:arm64 (1.21.3-5+deb13u1) ...
#7 77.21 Selecting previously unselected package libgssapi-krb5-2:arm64.
#7 77.21 Preparing to unpack .../007-libgssapi-krb5-2_1.21.3-5+deb13u1_arm64.deb ...
#7 77.22 Unpacking libgssapi-krb5-2:arm64 (1.21.3-5+deb13u1) ...
#7 77.23 Selecting previously unselected package libunistring5:arm64.
#7 77.23 Preparing to unpack .../008-libunistring5_1.3-2_arm64.deb ...
#7 77.23 Unpacking libunistring5:arm64 (1.3-2) ...
#7 77.26 Selecting previously unselected package libidn2-0:arm64.
#7 77.26 Preparing to unpack .../009-libidn2-0_2.3.8-2_arm64.deb ...
#7 77.26 Unpacking libidn2-0:arm64 (2.3.8-2) ...
#7 77.27 Selecting previously unselected package libsasl2-modules-db:arm64.
#7 77.28 Preparing to unpack .../010-libsasl2-modules-db_2.1.28+dfsg1-9_arm64.deb ...
#7 77.28 Unpacking libsasl2-modules-db:arm64 (2.1.28+dfsg1-9) ...
#7 77.29 Selecting previously unselected package libsasl2-2:arm64.
#7 77.29 Preparing to unpack .../011-libsasl2-2_2.1.28+dfsg1-9_arm64.deb ...
#7 77.29 Unpacking libsasl2-2:arm64 (2.1.28+dfsg1-9) ...
#7 77.30 Selecting previously unselected package libldap2:arm64.
#7 77.30 Preparing to unpack .../012-libldap2_2.6.10+dfsg-1_arm64.deb ...
#7 77.30 Unpacking libldap2:arm64 (2.6.10+dfsg-1) ...
#7 77.32 Selecting previously unselected package libnghttp2-14:arm64.
#7 77.32 Preparing to unpack .../013-libnghttp2-14_1.64.0-1.1+deb13u1_arm64.deb ...
#7 77.32 Unpacking libnghttp2-14:arm64 (1.64.0-1.1+deb13u1) ...
#7 77.33 Selecting previously unselected package libnghttp3-9:arm64.
#7 77.33 Preparing to unpack .../014-libnghttp3-9_1.8.0-1_arm64.deb ...
#7 77.34 Unpacking libnghttp3-9:arm64 (1.8.0-1) ...
#7 77.35 Selecting previously unselected package libpsl5t64:arm64.
#7 77.35 Preparing to unpack .../015-libpsl5t64_0.21.2-1.1+b1_arm64.deb ...
#7 77.35 Unpacking libpsl5t64:arm64 (0.21.2-1.1+b1) ...
#7 77.36 Selecting previously unselected package libp11-kit0:arm64.
#7 77.36 Preparing to unpack .../016-libp11-kit0_0.25.5-3_arm64.deb ...
#7 77.36 Unpacking libp11-kit0:arm64 (0.25.5-3) ...
#7 77.39 Selecting previously unselected package libtasn1-6:arm64.
#7 77.39 Preparing to unpack .../017-libtasn1-6_4.20.0-2_arm64.deb ...
#7 77.39 Unpacking libtasn1-6:arm64 (4.20.0-2) ...
#7 77.40 Selecting previously unselected package libgnutls30t64:arm64.
#7 77.40 Preparing to unpack .../018-libgnutls30t64_3.8.9-3+deb13u4_arm64.deb ...
#7 77.40 Unpacking libgnutls30t64:arm64 (3.8.9-3+deb13u4) ...
#7 77.45 Selecting previously unselected package librtmp1:arm64.
#7 77.45 Preparing to unpack .../019-librtmp1_2.4+20151223.gitfa8646d.1-2+b5_arm64.deb ...
#7 77.45 Unpacking librtmp1:arm64 (2.4+20151223.gitfa8646d.1-2+b5) ...
#7 77.47 Selecting previously unselected package libssh2-1t64:arm64.
#7 77.47 Preparing to unpack .../020-libssh2-1t64_1.11.1-1+deb13u1_arm64.deb ...
#7 77.47 Unpacking libssh2-1t64:arm64 (1.11.1-1+deb13u1) ...
#7 77.49 Selecting previously unselected package libcurl4t64:arm64.
#7 77.49 Preparing to unpack .../021-libcurl4t64_8.14.1-2+deb13u3_arm64.deb ...
#7 77.49 Unpacking libcurl4t64:arm64 (8.14.1-2+deb13u3) ...
#7 77.51 Selecting previously unselected package curl.
#7 77.51 Preparing to unpack .../022-curl_8.14.1-2+deb13u3_arm64.deb ...
#7 77.51 Unpacking curl (8.14.1-2+deb13u3) ...
#7 77.53 Selecting previously unselected package node-fast-deep-equal.
#7 77.53 Preparing to unpack .../023-node-fast-deep-equal_3.1.3-3_all.deb ...
#7 77.53 Unpacking node-fast-deep-equal (3.1.3-3) ...
#7 77.54 Selecting previously unselected package node-json-schema-traverse.
#7 77.54 Preparing to unpack .../024-node-json-schema-traverse_1.0.0-3_all.deb ...
#7 77.54 Unpacking node-json-schema-traverse (1.0.0-3) ...
#7 77.55 Selecting previously unselected package node-jsonify.
#7 77.55 Preparing to unpack .../025-node-jsonify_0.0.1-1_all.deb ...
#7 77.55 Unpacking node-jsonify (0.0.1-1) ...
#7 77.56 Selecting previously unselected package node-json-stable-stringify.
#7 77.56 Preparing to unpack .../026-node-json-stable-stringify_1.0.2+repack1+~cs1.0.34-2_all.deb ...
#7 77.56 Unpacking node-json-stable-stringify (1.0.2+repack1+~cs1.0.34-2) ...
#7 77.57 Selecting previously unselected package node-punycode.
#7 77.57 Preparing to unpack .../027-node-punycode_2.3.1+~2.1.4-1_all.deb ...
#7 77.57 Unpacking node-punycode (2.3.1+~2.1.4-1) ...
#7 77.58 Selecting previously unselected package node-uri-js.
#7 77.58 Preparing to unpack .../028-node-uri-js_4.4.0+dfsg-8_all.deb ...
#7 77.59 Unpacking node-uri-js (4.4.0+dfsg-8) ...
#7 77.60 Selecting previously unselected package libcares2:arm64.
#7 77.60 Preparing to unpack .../029-libcares2_1.34.5-1+deb13u1_arm64.deb ...
#7 77.60 Unpacking libcares2:arm64 (1.34.5-1+deb13u1) ...
#7 77.61 Selecting previously unselected package libicu76:arm64.
#7 77.61 Preparing to unpack .../030-libicu76_76.1-4_arm64.deb ...
#7 77.61 Unpacking libicu76:arm64 (76.1-4) ...
#7 77.95 Selecting previously unselected package libuv1t64:arm64.
#7 77.95 Preparing to unpack .../031-libuv1t64_1.50.0-2_arm64.deb ...
#7 77.96 Unpacking libuv1t64:arm64 (1.50.0-2) ...
#7 77.97 Selecting previously unselected package node-xtend.
#7 77.97 Preparing to unpack .../032-node-xtend_4.0.2-3_all.deb ...
#7 77.97 Unpacking node-xtend (4.0.2-3) ...
#7 77.98 Selecting previously unselected package node-acorn.
#7 77.98 Preparing to unpack .../033-node-acorn_8.8.1+ds+~cs25.17.7-2_all.deb ...
#7 77.98 Unpacking node-acorn (8.8.1+ds+~cs25.17.7-2) ...
#7 78.01 Selecting previously unselected package node-cjs-module-lexer.
#7 78.01 Preparing to unpack .../034-node-cjs-module-lexer_1.2.3+dfsg-1_all.deb ...
#7 78.01 Unpacking node-cjs-module-lexer (1.2.3+dfsg-1) ...
#7 78.02 Selecting previously unselected package node-balanced-match.
#7 78.02 Preparing to unpack .../035-node-balanced-match_2.0.0-1_all.deb ...
#7 78.03 Unpacking node-balanced-match (2.0.0-1) ...
#7 78.04 Selecting previously unselected package node-brace-expansion.
#7 78.04 Preparing to unpack .../036-node-brace-expansion_2.0.1+~1.1.0-2_all.deb ...
#7 78.04 Unpacking node-brace-expansion (2.0.1+~1.1.0-2) ...
#7 78.05 Selecting previously unselected package node-minimatch.
#7 78.05 Preparing to unpack .../037-node-minimatch_9.0.3-6_all.deb ...
#7 78.05 Unpacking node-minimatch (9.0.3-6) ...
#7 78.06 Selecting previously unselected package node-undici.
#7 78.06 Preparing to unpack .../038-node-undici_7.3.0+dfsg1+~cs24.12.11-1_all.deb ...
#7 78.07 Unpacking node-undici (7.3.0+dfsg1+~cs24.12.11-1) ...
#7 78.10 Selecting previously unselected package libnode115:arm64.
#7 78.10 Preparing to unpack .../039-libnode115_20.19.2+dfsg-1+deb13u2_arm64.deb ...
#7 78.10 Unpacking libnode115:arm64 (20.19.2+dfsg-1+deb13u2) ...
#7 78.52 Selecting previously unselected package node-corepack.
#7 78.52 Preparing to unpack .../040-node-corepack_0.24.0-5_all.deb ...
#7 78.52 Unpacking node-corepack (0.24.0-5) ...
#7 78.56 Selecting previously unselected package nodejs.
#7 78.57 Preparing to unpack .../041-nodejs_20.19.2+dfsg-1+deb13u2_arm64.deb ...
#7 78.57 Unpacking nodejs (20.19.2+dfsg-1+deb13u2) ...
#7 78.59 Selecting previously unselected package node-ajv.
#7 78.59 Preparing to unpack .../042-node-ajv_8.12.0~ds+~2.1.1-5_all.deb ...
#7 78.59 Unpacking node-ajv (8.12.0~ds+~2.1.1-5) ...
#7 78.64 Selecting previously unselected package libjs-inherits.
#7 78.64 Preparing to unpack .../043-libjs-inherits_2.0.4-6_all.deb ...
#7 78.64 Unpacking libjs-inherits (2.0.4-6) ...
#7 78.65 Selecting previously unselected package node-inherits.
#7 78.65 Preparing to unpack .../044-node-inherits_2.0.4-6_all.deb ...
#7 78.65 Unpacking node-inherits (2.0.4-6) ...
#7 78.66 Selecting previously unselected package node-core-util-is.
#7 78.66 Preparing to unpack .../045-node-core-util-is_1.0.3-1_all.deb ...
#7 78.66 Unpacking node-core-util-is (1.0.3-1) ...
#7 78.67 Selecting previously unselected package node-safe-buffer.
#7 78.67 Preparing to unpack .../046-node-safe-buffer_5.2.1+~cs2.1.2-3_all.deb ...
#7 78.67 Unpacking node-safe-buffer (5.2.1+~cs2.1.2-3) ...
#7 78.68 Selecting previously unselected package node-string-decoder.
#7 78.69 Preparing to unpack .../047-node-string-decoder_1.3.0-6_all.deb ...
#7 78.69 Unpacking node-string-decoder (1.3.0-6) ...
#7 78.69 Selecting previously unselected package node-process-nextick-args.
#7 78.70 Preparing to unpack .../048-node-process-nextick-args_2.0.1-3_all.deb ...
#7 78.70 Unpacking node-process-nextick-args (2.0.1-3) ...
#7 78.71 Selecting previously unselected package node-util-deprecate.
#7 78.71 Preparing to unpack .../049-node-util-deprecate_1.0.2-3_all.deb ...
#7 78.71 Unpacking node-util-deprecate (1.0.2-3) ...
#7 78.71 Selecting previously unselected package node-isarray.
#7 78.72 Preparing to unpack .../050-node-isarray_2.0.5-4_all.deb ...
#7 78.72 Unpacking node-isarray (2.0.5-4) ...
#7 78.72 Selecting previously unselected package node-readable-stream.
#7 78.73 Preparing to unpack .../051-node-readable-stream_3.6.0+~cs3.0.0-4_all.deb ...
#7 78.73 Unpacking node-readable-stream (3.6.0+~cs3.0.0-4) ...
#7 78.74 Selecting previously unselected package node-typedarray.
#7 78.74 Preparing to unpack .../052-node-typedarray_0.0.7-1_all.deb ...
#7 78.74 Unpacking node-typedarray (0.0.7-1) ...
#7 78.75 Selecting previously unselected package node-concat-stream.
#7 78.75 Preparing to unpack .../053-node-concat-stream_2.0.0+~2.0.0-2_all.deb ...
#7 78.75 Unpacking node-concat-stream (2.0.0+~2.0.0-2) ...
#7 78.76 Selecting previously unselected package node-ms.
#7 78.76 Preparing to unpack .../054-node-ms_2.1.3+~cs0.7.31-3_all.deb ...
#7 78.76 Unpacking node-ms (2.1.3+~cs0.7.31-3) ...
#7 78.77 Selecting previously unselected package node-debug.
#7 78.77 Preparing to unpack .../055-node-debug_4.3.4+~cs4.1.7-1_all.deb ...
#7 78.77 Unpacking node-debug (4.3.4+~cs4.1.7-1) ...
#7 78.78 Selecting previously unselected package node-esutils.
#7 78.78 Preparing to unpack .../056-node-esutils_2.0.3+~2.0.0-1_all.deb ...
#7 78.78 Unpacking node-esutils (2.0.3+~2.0.0-1) ...
#7 78.79 Selecting previously unselected package node-doctrine.
#7 78.79 Preparing to unpack .../057-node-doctrine_3.0.0-4_all.deb ...
#7 78.79 Unpacking node-doctrine (3.0.0-4) ...
#7 78.80 Selecting previously unselected package node-eslint-visitor-keys.
#7 78.80 Preparing to unpack .../058-node-eslint-visitor-keys_3.3.0+~1.0.0-1_all.deb ...
#7 78.80 Unpacking node-eslint-visitor-keys (3.3.0+~1.0.0-1) ...
#7 78.81 Selecting previously unselected package node-estraverse.
#7 78.81 Preparing to unpack .../059-node-estraverse_5.3.0+ds+~5.1.1-1_all.deb ...
#7 78.81 Unpacking node-estraverse (5.3.0+ds+~5.1.1-1) ...
#7 78.82 Selecting previously unselected package node-object-assign.
#7 78.82 Preparing to unpack .../060-node-object-assign_4.1.1-7_all.deb ...
#7 78.82 Unpacking node-object-assign (4.1.1-7) ...
#7 78.83 Selecting previously unselected package node-esrecurse.
#7 78.83 Preparing to unpack .../061-node-esrecurse_4.3.0-2_all.deb ...
#7 78.83 Unpacking node-esrecurse (4.3.0-2) ...
#7 78.84 Selecting previously unselected package node-eslint-scope.
#7 78.84 Preparing to unpack .../062-node-eslint-scope_7.1.1+~3.7.4-1_all.deb ...
#7 78.84 Unpacking node-eslint-scope (7.1.1+~3.7.4-1) ...
#7 78.85 Selecting previously unselected package node-espree.
#7 78.85 Preparing to unpack .../063-node-espree_9.4.1~dfsg-2_all.deb ...
#7 78.85 Unpacking node-espree (9.4.1~dfsg-2) ...
#7 78.86 Selecting previously unselected package node-esquery.
#7 78.86 Preparing to unpack .../064-node-esquery_1.4.2~ds-1_all.deb ...
#7 78.87 Unpacking node-esquery (1.4.2~ds-1) ...
#7 78.87 Selecting previously unselected package node-eslint-utils.
#7 78.88 Preparing to unpack .../065-node-eslint-utils_3.0.0-3_all.deb ...
#7 78.88 Unpacking node-eslint-utils (3.0.0-3) ...
#7 78.88 Selecting previously unselected package node-flatted.
#7 78.88 Preparing to unpack .../066-node-flatted_3.2.7~ds-1+deb13u1_all.deb ...
#7 78.89 Unpacking node-flatted (3.2.7~ds-1+deb13u1) ...
#7 78.89 Selecting previously unselected package node-fs.realpath.
#7 78.89 Preparing to unpack .../067-node-fs.realpath_1.0.0-3_all.deb ...
#7 78.90 Unpacking node-fs.realpath (1.0.0-3) ...
#7 78.90 Selecting previously unselected package node-wrappy.
#7 78.90 Preparing to unpack .../068-node-wrappy_1.0.2-3_all.deb ...
#7 78.91 Unpacking node-wrappy (1.0.2-3) ...
#7 78.91 Selecting previously unselected package node-once.
#7 78.91 Preparing to unpack .../069-node-once_1.4.1-1_all.deb ...
#7 78.91 Unpacking node-once (1.4.1-1) ...
#7 78.92 Selecting previously unselected package node-inflight.
#7 78.92 Preparing to unpack .../070-node-inflight_1.0.6-2_all.deb ...
#7 78.92 Unpacking node-inflight (1.0.6-2) ...
#7 78.93 Selecting previously unselected package node-glob.
#7 78.93 Preparing to unpack .../071-node-glob_8.1.0+~cs8.5.15-1_all.deb ...
#7 78.93 Unpacking node-glob (8.1.0+~cs8.5.15-1) ...
#7 78.94 Selecting previously unselected package node-rimraf.
#7 78.94 Preparing to unpack .../072-node-rimraf_3.0.2-2_all.deb ...
#7 78.94 Unpacking node-rimraf (3.0.2-2) ...
#7 78.95 Selecting previously unselected package node-write.
#7 78.95 Preparing to unpack .../073-node-write_2.0.0~6.0.1+~3.0.4+~2.0.0+~1.0.0+~2.0.1-1_all.deb ...
#7 78.96 Unpacking node-write (2.0.0~6.0.1+~3.0.4+~2.0.0+~1.0.0+~2.0.1-1) ...
#7 78.96 Selecting previously unselected package node-flat-cache.
#7 78.96 Preparing to unpack .../074-node-flat-cache_3.0.4~6.0.1+~3.0.4+~2.0.0+~1.0.0+~2.0.1-1_all.deb ...
#7 78.96 Unpacking node-flat-cache (3.0.4~6.0.1+~3.0.4+~2.0.0+~1.0.0+~2.0.1-1) ...
#7 78.97 Selecting previously unselected package node-file-entry-cache.
#7 78.97 Preparing to unpack .../075-node-file-entry-cache_6.0.1+~3.0.4+~2.0.0+~1.0.0+~2.0.1-1_all.deb ...
#7 78.97 Unpacking node-file-entry-cache (6.0.1+~3.0.4+~2.0.0+~1.0.0+~2.0.1-1) ...
#7 78.98 Selecting previously unselected package node-functional-red-black-tree.
#7 78.98 Preparing to unpack .../076-node-functional-red-black-tree_1.0.1+20181105-7_all.deb ...
#7 78.98 Unpacking node-functional-red-black-tree (1.0.1+20181105-7) ...
#7 78.99 Selecting previously unselected package node-is-extglob.
#7 78.99 Preparing to unpack .../077-node-is-extglob_2.1.1-5_all.deb ...
#7 78.99 Unpacking node-is-extglob (2.1.1-5) ...
#7 79.00 Selecting previously unselected package node-is-glob.
#7 79.00 Preparing to unpack .../078-node-is-glob_4.0.3-2_all.deb ...
#7 79.01 Unpacking node-is-glob (4.0.3-2) ...
#7 79.02 Selecting previously unselected package node-path-dirname.
#7 79.02 Preparing to unpack .../079-node-path-dirname_1.0.2-2_all.deb ...
#7 79.02 Unpacking node-path-dirname (1.0.2-2) ...
#7 79.02 Selecting previously unselected package node-glob-parent.
#7 79.02 Preparing to unpack .../080-node-glob-parent_6.0.2+~5.1.1-2_all.deb ...
#7 79.03 Unpacking node-glob-parent (6.0.2+~5.1.1-2) ...
#7 79.04 Selecting previously unselected package node-globals.
#7 79.04 Preparing to unpack .../081-node-globals_13.23.0-1_all.deb ...
#7 79.04 Unpacking node-globals (13.23.0-1) ...
#7 79.05 Selecting previously unselected package node-resolve-from.
#7 79.05 Preparing to unpack .../082-node-resolve-from_5.0.0+~3.1.0+~3.3.0+~2.0.0-1_all.deb ...
#7 79.05 Unpacking node-resolve-from (5.0.0+~3.1.0+~3.3.0+~2.0.0-1) ...
#7 79.06 Selecting previously unselected package node-imurmurhash.
#7 79.06 Preparing to unpack .../083-node-imurmurhash_0.1.4+dfsg+~0.1.1-2_all.deb ...
#7 79.06 Unpacking node-imurmurhash (0.1.4+dfsg+~0.1.1-2) ...
#7 79.08 Selecting previously unselected package node-ignore.
#7 79.08 Preparing to unpack .../084-node-ignore_5.2.1-1_all.deb ...
#7 79.08 Unpacking node-ignore (5.2.1-1) ...
#7 79.09 Selecting previously unselected package node-prelude-ls.
#7 79.09 Preparing to unpack .../085-node-prelude-ls_1.2.1+dfsg-3_all.deb ...
#7 79.09 Unpacking node-prelude-ls (1.2.1+dfsg-3) ...
#7 79.10 Selecting previously unselected package node-type-check.
#7 79.10 Preparing to unpack .../086-node-type-check_0.4.0+dfsg-3_all.deb ...
#7 79.10 Unpacking node-type-check (0.4.0+dfsg-3) ...
#7 79.11 Selecting previously unselected package node-levn.
#7 79.11 Preparing to unpack .../087-node-levn_0.4.1+dfsg-2_all.deb ...
#7 79.11 Unpacking node-levn (0.4.1+dfsg-2) ...
#7 79.12 Selecting previously unselected package node-lodash.
#7 79.12 Preparing to unpack .../088-node-lodash_4.17.21+dfsg+~cs8.31.198.20210220-9_all.deb ...
#7 79.12 Unpacking node-lodash (4.17.21+dfsg+~cs8.31.198.20210220-9) ...
#7 79.27 Selecting previously unselected package node-memfs.
#7 79.27 Preparing to unpack .../089-node-memfs_3.4.12+~cs1.0.3-1_all.deb ...
#7 79.27 Unpacking node-memfs (3.4.12+~cs1.0.3-1) ...
#7 79.28 Selecting previously unselected package node-mkdirp.
#7 79.28 Preparing to unpack .../090-node-mkdirp_2.1.6+~cs5.2.1-2_all.deb ...
#7 79.28 Unpacking node-mkdirp (2.1.6+~cs5.2.1-2) ...
#7 79.29 Selecting previously unselected package node-deep-is.
#7 79.29 Preparing to unpack .../091-node-deep-is_0.1.4-1_all.deb ...
#7 79.29 Unpacking node-deep-is (0.1.4-1) ...
#7 79.30 Selecting previously unselected package node-fast-levenshtein.
#7 79.30 Preparing to unpack .../092-node-fast-levenshtein_2.0.6+ds-3_all.deb ...
#7 79.30 Unpacking node-fast-levenshtein (2.0.6+ds-3) ...
#7 79.31 Selecting previously unselected package node-optionator.
#7 79.31 Preparing to unpack .../093-node-optionator_0.9.1+dfsg+~cs1.2.3-1_all.deb ...
#7 79.31 Unpacking node-optionator (0.9.1+dfsg+~cs1.2.3-1) ...
#7 79.32 Selecting previously unselected package node-progress.
#7 79.32 Preparing to unpack .../094-node-progress_2.0.3-2_all.deb ...
#7 79.32 Unpacking node-progress (2.0.3-2) ...
#7 79.33 Selecting previously unselected package libjs-regenerate.
#7 79.33 Preparing to unpack .../095-libjs-regenerate_1.4.2-3_all.deb ...
#7 79.33 Unpacking libjs-regenerate (1.4.2-3) ...
#7 79.34 Selecting previously unselected package node-regenerate.
#7 79.34 Preparing to unpack .../096-node-regenerate_1.4.2-3_all.deb ...
#7 79.34 Unpacking node-regenerate (1.4.2-3) ...
#7 79.35 Selecting previously unselected package node-regenerate-unicode-properties.
#7 79.35 Preparing to unpack .../097-node-regenerate-unicode-properties_10.1.0+ds-1_all.deb ...
#7 79.35 Unpacking node-regenerate-unicode-properties (10.1.0+ds-1) ...
#7 79.39 Selecting previously unselected package node-regexpp.
#7 79.39 Preparing to unpack .../098-node-regexpp_3.2.0-5_all.deb ...
#7 79.39 Unpacking node-regexpp (3.2.0-5) ...
#7 79.40 Selecting previously unselected package node-lru-cache.
#7 79.40 Preparing to unpack .../099-node-lru-cache_10.0.1-3_all.deb ...
#7 79.40 Unpacking node-lru-cache (10.0.1-3) ...
#7 79.41 Selecting previously unselected package node-semver.
#7 79.41 Preparing to unpack .../100-node-semver_7.6.1+~7.5.8-2_all.deb ...
#7 79.41 Unpacking node-semver (7.6.1+~7.5.8-2) ...
#7 79.43 Selecting previously unselected package node-strip-json-comments.
#7 79.44 Preparing to unpack .../101-node-strip-json-comments_4.0.0-4_all.deb ...
#7 79.44 Unpacking node-strip-json-comments (4.0.0-4) ...
#7 79.45 Selecting previously unselected package node-json-schema.
#7 79.45 Preparing to unpack .../102-node-json-schema_0.4.0+~7.0.11-1_all.deb ...
#7 79.45 Unpacking node-json-schema (0.4.0+~7.0.11-1) ...
#7 79.46 Selecting previously unselected package node-v8-compile-cache.
#7 79.46 Preparing to unpack .../103-node-v8-compile-cache_2.4.0-2_all.deb ...
#7 79.46 Unpacking node-v8-compile-cache (2.4.0-2) ...
#7 79.47 Selecting previously unselected package eslint.
#7 79.47 Preparing to unpack .../104-eslint_6.4.0~dfsg+~6.1.9-12_all.deb ...
#7 79.47 Unpacking eslint (6.4.0~dfsg+~6.1.9-12) ...
#7 79.53 Selecting previously unselected package python3-packaging.
#7 79.53 Preparing to unpack .../105-python3-packaging_25.0-1_all.deb ...
#7 79.53 Unpacking python3-packaging (25.0-1) ...
#7 79.55 Selecting previously unselected package gyp.
#7 79.55 Preparing to unpack .../106-gyp_0.16.2-2_all.deb ...
#7 79.55 Unpacking gyp (0.16.2-2) ...
#7 79.58 Selecting previously unselected package node-neo-async.
#7 79.58 Preparing to unpack .../107-node-neo-async_2.6.2+~cs3.0.0-3_all.deb ...
#7 79.58 Unpacking node-neo-async (2.6.2+~cs3.0.0-3) ...
#7 79.61 Selecting previously unselected package node-arrify.
#7 79.61 Preparing to unpack .../108-node-arrify_2.0.1-3_all.deb ...
#7 79.61 Unpacking node-arrify (2.0.1-3) ...
#7 79.61 Selecting previously unselected package node-is-plain-obj.
#7 79.61 Preparing to unpack .../109-node-is-plain-obj_3.0.0-2_all.deb ...
#7 79.62 Unpacking node-is-plain-obj (3.0.0-2) ...
#7 79.62 Selecting previously unselected package node-is-buffer.
#7 79.63 Preparing to unpack .../110-node-is-buffer_2.0.5-2_all.deb ...
#7 79.63 Unpacking node-is-buffer (2.0.5-2) ...
#7 79.64 Selecting previously unselected package node-kind-of.
#7 79.64 Preparing to unpack .../111-node-kind-of_6.0.3+dfsg-2_all.deb ...
#7 79.64 Unpacking node-kind-of (6.0.3+dfsg-2) ...
#7 79.65 Selecting previously unselected package node-minimist.
#7 79.65 Preparing to unpack .../112-node-minimist_1.2.8+~cs5.3.5-1_all.deb ...
#7 79.65 Unpacking node-minimist (1.2.8+~cs5.3.5-1) ...
#7 79.67 Selecting previously unselected package node-wordwrap.
#7 79.67 Preparing to unpack .../113-node-wordwrap_1.0.0-4_all.deb ...
#7 79.67 Unpacking node-wordwrap (1.0.0-4) ...
#7 79.68 Selecting previously unselected package node-optimist.
#7 79.68 Preparing to unpack .../114-node-optimist_0.6.1+~0.0.30-2_all.deb ...
#7 79.68 Unpacking node-optimist (0.6.1+~0.0.30-2) ...
#7 79.69 Selecting previously unselected package libjs-source-map.
#7 79.69 Preparing to unpack .../115-libjs-source-map_0.7.0++dfsg2+really.0.6.1-15_all.deb ...
#7 79.69 Unpacking libjs-source-map (0.7.0++dfsg2+really.0.6.1-15) ...
#7 79.70 Selecting previously unselected package node-source-map.
#7 79.70 Preparing to unpack .../116-node-source-map_0.7.0++dfsg2+really.0.6.1-15_all.deb ...
#7 79.70 Unpacking node-source-map (0.7.0++dfsg2+really.0.6.1-15) ...
#7 79.71 Selecting previously unselected package handlebars.
#7 79.71 Preparing to unpack .../117-handlebars_3%3a4.7.7+~4.1.0-1_all.deb ...
#7 79.71 Unpacking handlebars (3:4.7.7+~4.1.0-1) ...
#7 79.74 Selecting previously unselected package libjs-events.
#7 79.74 Preparing to unpack .../118-libjs-events_3.3.0+~3.0.0-3_all.deb ...
#7 79.74 Unpacking libjs-events (3.3.0+~3.0.0-3) ...
#7 79.75 Selecting previously unselected package libjs-is-typedarray.
#7 79.75 Preparing to unpack .../119-libjs-is-typedarray_1.0.0-4_all.deb ...
#7 79.75 Unpacking libjs-is-typedarray (1.0.0-4) ...
#7 79.76 Selecting previously unselected package libjs-prettify.
#7 79.76 Preparing to unpack .../120-libjs-prettify_2015.12.04+dfsg-1.1_all.deb ...
#7 79.76 Unpacking libjs-prettify (2015.12.04+dfsg-1.1) ...
#7 79.78 Selecting previously unselected package libjs-sprintf-js.
#7 79.78 Preparing to unpack .../121-libjs-sprintf-js_1.1.2+ds1+~1.1.2-1_all.deb ...
#7 79.78 Unpacking libjs-sprintf-js (1.1.2+ds1+~1.1.2-1) ...
#7 79.79 Selecting previously unselected package libjs-typedarray-to-buffer.
#7 79.79 Preparing to unpack .../122-libjs-typedarray-to-buffer_4.0.0-2_all.deb ...
#7 79.79 Unpacking libjs-typedarray-to-buffer (4.0.0-2) ...
#7 79.81 Selecting previously unselected package node-lodash-packages.
#7 79.81 Preparing to unpack .../123-node-lodash-packages_4.17.21+dfsg+~cs8.31.198.20210220-9_all.deb ...
#7 79.81 Unpacking node-lodash-packages (4.17.21+dfsg+~cs8.31.198.20210220-9) ...
#7 80.02 Selecting previously unselected package node-function-bind.
#7 80.02 Preparing to unpack .../124-node-function-bind_1.1.2+~cs2.1.14-1_all.deb ...
#7 80.02 Unpacking node-function-bind (1.1.2+~cs2.1.14-1) ...
#7 80.03 Selecting previously unselected package node-object-inspect.
#7 80.03 Preparing to unpack .../125-node-object-inspect_1.12.2+~cs1.8.1-1_all.deb ...
#7 80.03 Unpacking node-object-inspect (1.12.2+~cs1.8.1-1) ...
#7 80.05 Selecting previously unselected package node-es-abstract.
#7 80.05 Preparing to unpack .../126-node-es-abstract_1.20.4+~cs26.27.47-2_all.deb ...
#7 80.05 Unpacking node-es-abstract (1.20.4+~cs26.27.47-2) ...
#7 80.20 Selecting previously unselected package node-resolve.
#7 80.20 Preparing to unpack .../127-node-resolve_1.22.8+~cs5.34.15-2_all.deb ...
#7 80.20 Unpacking node-resolve (1.22.8+~cs5.34.15-2) ...
#7 80.22 Selecting previously unselected package node-define-properties.
#7 80.22 Preparing to unpack .../128-node-define-properties_1.2.1+~cs2.2.3-1_all.deb ...
#7 80.22 Unpacking node-define-properties (1.2.1+~cs2.2.3-1) ...
#7 80.23 Selecting previously unselected package node-debbundle-es-to-primitive.
#7 80.23 Preparing to unpack .../129-node-debbundle-es-to-primitive_1.2.1+~cs9.7.25-2_all.deb ...
#7 80.23 Unpacking node-debbundle-es-to-primitive (1.2.1+~cs9.7.25-2) ...
#7 80.24 Selecting previously unselected package node-isobject.
#7 80.24 Preparing to unpack .../130-node-isobject_4.0.0-2_all.deb ...
#7 80.25 Unpacking node-isobject (4.0.0-2) ...
#7 80.26 Selecting previously unselected package node-is-descriptor.
#7 80.26 Preparing to unpack .../131-node-is-descriptor_3.0.0-2_all.deb ...
#7 80.26 Unpacking node-is-descriptor (3.0.0-2) ...
#7 80.27 Selecting previously unselected package node-define-property.
#7 80.27 Preparing to unpack .../132-node-define-property_2.0.2+really+2.0.2-3_all.deb ...
#7 80.27 Unpacking node-define-property (2.0.2+really+2.0.2-3) ...
#7 80.28 Selecting previously unselected package node-defined.
#7 80.28 Preparing to unpack .../133-node-defined_1.0.1+~1.0.0-1_all.deb ...
#7 80.28 Unpacking node-defined (1.0.1+~1.0.0-1) ...
#7 80.29 Selecting previously unselected package node-abbrev.
#7 80.29 Preparing to unpack .../134-node-abbrev_1.1.1+~1.1.2-1_all.deb ...
#7 80.29 Unpacking node-abbrev (1.1.1+~1.1.2-1) ...
#7 80.30 Selecting previously unselected package node-archy.
#7 80.30 Preparing to unpack .../135-node-archy_1.0.0-6_all.deb ...
#7 80.30 Unpacking node-archy (1.0.0-6) ...
#7 80.31 Selecting previously unselected package node-async.
#7 80.31 Preparing to unpack .../136-node-async_3.2.6+dfsg-2_all.deb ...
#7 80.31 Unpacking node-async (3.2.6+dfsg-2) ...
#7 80.34 Selecting previously unselected package node-convert-source-map.
#7 80.34 Preparing to unpack .../137-node-convert-source-map_1.9.0+~1.5.2-1_all.deb ...
#7 80.34 Unpacking node-convert-source-map (1.9.0+~1.5.2-1) ...
#7 80.35 Selecting previously unselected package node-decamelize.
#7 80.35 Preparing to unpack .../138-node-decamelize_4.0.0-2_all.deb ...
#7 80.35 Unpacking node-decamelize (4.0.0-2) ...
#7 80.36 Selecting previously unselected package node-es6-error.
#7 80.37 Preparing to unpack .../139-node-es6-error_4.1.1-5_all.deb ...
#7 80.37 Unpacking node-es6-error (4.1.1-5) ...
#7 80.38 Selecting previously unselected package node-esprima.
#7 80.38 Preparing to unpack .../140-node-esprima_4.0.1+ds+~4.0.3-2_all.deb ...
#7 80.38 Unpacking node-esprima (4.0.1+ds+~4.0.3-2) ...
#7 80.40 Selecting previously unselected package node-escodegen.
#7 80.40 Preparing to unpack .../141-node-escodegen_2.1.0+dfsg+~0.0.8-1_all.deb ...
#7 80.40 Unpacking node-escodegen (2.1.0+dfsg+~0.0.8-1) ...
#7 80.41 Selecting previously unselected package node-commondir.
#7 80.41 Preparing to unpack .../142-node-commondir_1.0.1+~1.0.0-1_all.deb ...
#7 80.41 Unpacking node-commondir (1.0.1+~1.0.0-1) ...
#7 80.42 Selecting previously unselected package node-is-number.
#7 80.42 Preparing to unpack .../143-node-is-number_7.0.0-4_all.deb ...
#7 80.42 Unpacking node-is-number (7.0.0-4) ...
#7 80.43 Selecting previously unselected package node-repeat-string.
#7 80.43 Preparing to unpack .../144-node-repeat-string_1.6.1+repack-1_all.deb ...
#7 80.43 Unpacking node-repeat-string (1.6.1+repack-1) ...
#7 80.44 Selecting previously unselected package node-to-regex-range.
#7 80.44 Preparing to unpack .../145-node-to-regex-range_5.0.1-4_all.deb ...
#7 80.44 Unpacking node-to-regex-range (5.0.1-4) ...
#7 80.44 Selecting previously unselected package node-fill-range.
#7 80.45 Preparing to unpack .../146-node-fill-range_7.1.1+~7.0.3-1_all.deb ...
#7 80.45 Unpacking node-fill-range (7.1.1+~7.0.3-1) ...
#7 80.46 Selecting previously unselected package node-braces.
#7 80.46 Preparing to unpack .../147-node-braces_3.0.3+~3.0.5-1_all.deb ...
#7 80.46 Unpacking node-braces (3.0.3+~3.0.5-1) ...
#7 80.47 Selecting previously unselected package node-normalize-path.
#7 80.47 Preparing to unpack .../148-node-normalize-path_3.0.0+~3.0.0-1_all.deb ...
#7 80.47 Unpacking node-normalize-path (3.0.0+~3.0.0-1) ...
#7 80.48 Selecting previously unselected package node-anymatch.
#7 80.48 Preparing to unpack .../149-node-anymatch_3.1.3+~cs4.6.1-2_all.deb ...
#7 80.48 Unpacking node-anymatch (3.1.3+~cs4.6.1-2) ...
#7 80.49 Selecting previously unselected package node-micromatch.
#7 80.49 Preparing to unpack .../150-node-micromatch_4.0.7+~4.0.9-1_all.deb ...
#7 80.49 Unpacking node-micromatch (4.0.7+~4.0.9-1) ...
#7 80.50 Selecting previously unselected package node-pify.
#7 80.50 Preparing to unpack .../151-node-pify_5.0.0+~cs5.0.1-1_all.deb ...
#7 80.50 Unpacking node-pify (5.0.0+~cs5.0.1-1) ...
#7 80.51 Selecting previously unselected package node-path-type.
#7 80.51 Preparing to unpack .../152-node-path-type_4.0.0-3_all.deb ...
#7 80.51 Unpacking node-path-type (4.0.0-3) ...
#7 80.52 Selecting previously unselected package node-n3.
#7 80.52 Preparing to unpack .../153-node-n3_1.16.3+~1.2.3+~1.10.4-1_all.deb ...
#7 80.52 Unpacking node-n3 (1.16.3+~1.2.3+~1.10.4-1) ...
#7 80.53 Selecting previously unselected package node-slash.
#7 80.53 Preparing to unpack .../154-node-slash_4.0.0-3_all.deb ...
#7 80.53 Unpacking node-slash (4.0.0-3) ...
#7 80.53 Selecting previously unselected package node-globby.
#7 80.54 Preparing to unpack .../155-node-globby_13.1.3+~cs16.25.40-3_all.deb ...
#7 80.54 Unpacking node-globby (13.1.3+~cs16.25.40-3) ...
#7 80.55 Selecting previously unselected package node-graceful-fs.
#7 80.55 Preparing to unpack .../156-node-graceful-fs_4.2.10-1_all.deb ...
#7 80.55 Unpacking node-graceful-fs (4.2.10-1) ...
#7 80.56 Selecting previously unselected package node-is-path-cwd.
#7 80.56 Preparing to unpack .../157-node-is-path-cwd_2.2.0-2_all.deb ...
#7 80.56 Unpacking node-is-path-cwd (2.2.0-2) ...
#7 80.57 Selecting previously unselected package node-path-is-inside.
#7 80.57 Preparing to unpack .../158-node-path-is-inside_1.0.2+~1.0.0-1_all.deb ...
#7 80.57 Unpacking node-path-is-inside (1.0.2+~1.0.0-1) ...
#7 80.58 Selecting previously unselected package node-is-path-inside.
#7 80.58 Preparing to unpack .../159-node-is-path-inside_3.0.3-2_all.deb ...
#7 80.58 Unpacking node-is-path-inside (3.0.3-2) ...
#7 80.59 Selecting previously unselected package node-escape-string-regexp.
#7 80.59 Preparing to unpack .../160-node-escape-string-regexp_4.0.0-2_all.deb ...
#7 80.59 Unpacking node-escape-string-regexp (4.0.0-2) ...
#7 80.60 Selecting previously unselected package node-indent-string.
#7 80.60 Preparing to unpack .../161-node-indent-string_4.0.0-2_all.deb ...
#7 80.60 Unpacking node-indent-string (4.0.0-2) ...
#7 80.61 Selecting previously unselected package node-p-map.
#7 80.61 Preparing to unpack .../162-node-p-map_4.0.0+~3.1.0+~3.0.1-2_all.deb ...
#7 80.61 Unpacking node-p-map (4.0.0+~3.1.0+~3.0.1-2) ...
#7 80.62 Selecting previously unselected package node-del.
#7 80.62 Preparing to unpack .../163-node-del_7.1.0-1_all.deb ...
#7 80.62 Unpacking node-del (7.1.0-1) ...
#7 80.63 Selecting previously unselected package node-make-dir.
#7 80.63 Preparing to unpack .../164-node-make-dir_3.1.0-3_all.deb ...
#7 80.63 Unpacking node-make-dir (3.1.0-3) ...
#7 80.64 Selecting previously unselected package node-p-limit.
#7 80.64 Preparing to unpack .../165-node-p-limit_4.0.0+~cs4.0.0-5_all.deb ...
#7 80.64 Unpacking node-p-limit (4.0.0+~cs4.0.0-5) ...
#7 80.65 Selecting previously unselected package node-p-locate.
#7 80.65 Preparing to unpack .../166-node-p-locate_6.0.0-12_all.deb ...
#7 80.65 Unpacking node-p-locate (6.0.0-12) ...
#7 80.66 Selecting previously unselected package node-locate-path.
#7 80.66 Preparing to unpack .../167-node-locate-path_7.1.1-2_all.deb ...
#7 80.67 Unpacking node-locate-path (7.1.1-2) ...
#7 80.67 Selecting previously unselected package node-path-exists.
#7 80.67 Preparing to unpack .../168-node-path-exists_5.0.0-8_all.deb ...
#7 80.68 Unpacking node-path-exists (5.0.0-8) ...
#7 80.68 Selecting previously unselected package node-find-up.
#7 80.68 Preparing to unpack .../169-node-find-up_6.3.0-7_all.deb ...
#7 80.69 Unpacking node-find-up (6.3.0-7) ...
#7 80.69 Selecting previously unselected package node-pkg-dir.
#7 80.69 Preparing to unpack .../170-node-pkg-dir_5.0.0-2_all.deb ...
#7 80.69 Unpacking node-pkg-dir (5.0.0-2) ...
#7 80.70 Selecting previously unselected package node-find-cache-dir.
#7 80.70 Preparing to unpack .../171-node-find-cache-dir_3.3.2+~3.2.1-1_all.deb ...
#7 80.70 Unpacking node-find-cache-dir (3.3.2+~3.2.1-1) ...
#7 80.71 Selecting previously unselected package node-signal-exit.
#7 80.71 Preparing to unpack .../172-node-signal-exit_4.1.0-7_all.deb ...
#7 80.71 Unpacking node-signal-exit (4.1.0-7) ...
#7 80.72 Selecting previously unselected package node-foreground-child.
#7 80.72 Preparing to unpack .../173-node-foreground-child_3.1.1-2_all.deb ...
#7 80.72 Unpacking node-foreground-child (3.1.1-2) ...
#7 80.73 Selecting previously unselected package node-is-stream.
#7 80.73 Preparing to unpack .../174-node-is-stream_3.0.0-4_all.deb ...
#7 80.74 Unpacking node-is-stream (3.0.0-4) ...
#7 80.74 Selecting previously unselected package node-is-windows.
#7 80.74 Preparing to unpack .../175-node-is-windows_1.0.2+~cs1.0.0-1_all.deb ...
#7 80.75 Unpacking node-is-windows (1.0.2+~cs1.0.0-1) ...
#7 80.75 Selecting previously unselected package node-ampproject-remapping.
#7 80.76 Preparing to unpack .../176-node-ampproject-remapping_2.2.0+~cs5.15.37-1_all.deb ...
#7 80.76 Unpacking node-ampproject-remapping (2.2.0+~cs5.15.37-1) ...
#7 80.77 Selecting previously unselected package node-sprintf-js.
#7 80.78 Preparing to unpack .../177-node-sprintf-js_1.1.2+ds1+~1.1.2-1_all.deb ...
#7 80.78 Unpacking node-sprintf-js (1.1.2+ds1+~1.1.2-1) ...
#7 80.79 Selecting previously unselected package node-argparse.
#7 80.79 Preparing to unpack .../178-node-argparse_2.0.1-2_all.deb ...
#7 80.79 Unpacking node-argparse (2.0.1-2) ...
#7 80.80 Selecting previously unselected package node-js-yaml.
#7 80.80 Preparing to unpack .../179-node-js-yaml_4.1.0+dfsg+~4.0.5-7_all.deb ...
#7 80.80 Unpacking node-js-yaml (4.1.0+dfsg+~4.0.5-7) ...
#7 80.82 Selecting previously unselected package node-nopt.
#7 80.82 Preparing to unpack .../180-node-nopt_5.0.0-4_all.deb ...
#7 80.82 Unpacking node-nopt (5.0.0-4) ...
#7 80.83 Selecting previously unselected package node-npm-run-path.
#7 80.83 Preparing to unpack .../181-node-npm-run-path_5.1.0+~4.0.0-8_all.deb ...
#7 80.83 Unpacking node-npm-run-path (5.1.0+~4.0.0-8) ...
#7 80.84 Selecting previously unselected package node-shebang-regex.
#7 80.84 Preparing to unpack .../182-node-shebang-regex_3.0.0-2_all.deb ...
#7 80.84 Unpacking node-shebang-regex (3.0.0-2) ...
#7 80.85 Selecting previously unselected package node-shebang-command.
#7 80.85 Preparing to unpack .../183-node-shebang-command_2.0.0-1_all.deb ...
#7 80.85 Unpacking node-shebang-command (2.0.0-1) ...
#7 80.86 Selecting previously unselected package node-strip-bom.
#7 80.86 Preparing to unpack .../184-node-strip-bom_4.0.0-2_all.deb ...
#7 80.86 Unpacking node-strip-bom (4.0.0-2) ...
#7 80.87 Selecting previously unselected package node-has-flag.
#7 80.87 Preparing to unpack .../185-node-has-flag_5.0.1-1_all.deb ...
#7 80.87 Unpacking node-has-flag (5.0.1-1) ...
#7 80.88 Selecting previously unselected package node-supports-color.
#7 80.88 Preparing to unpack .../186-node-supports-color_8.1.1+~8.1.1-1_all.deb ...
#7 80.89 Unpacking node-supports-color (8.1.1+~8.1.1-1) ...
#7 80.89 Selecting previously unselected package node-util.
#7 80.89 Preparing to unpack .../187-node-util_0.12.5+~1.0.10-1_all.deb ...
#7 80.90 Unpacking node-util (0.12.5+~1.0.10-1) ...
#7 80.90 Selecting previously unselected package node-assert.
#7 80.91 Preparing to unpack .../188-node-assert_2.0.0+~cs3.9.8-2_all.deb ...
#7 80.91 Unpacking node-assert (2.0.0+~cs3.9.8-2) ...
#7 80.92 Selecting previously unselected package node-babel-plugin-add-module-exports.
#7 80.92 Preparing to unpack .../189-node-babel-plugin-add-module-exports_1.0.4+dfsg1~cs5.8.0-4_all.deb ...
#7 80.92 Unpacking node-babel-plugin-add-module-exports (1.0.4+dfsg1~cs5.8.0-4) ...
#7 80.93 Selecting previously unselected package node-regenerator-runtime.
#7 80.93 Preparing to unpack .../190-node-regenerator-runtime_0.15.2+~0.10.8-1_all.deb ...
#7 80.93 Unpacking node-regenerator-runtime (0.15.2+~0.10.8-1) ...
#7 80.94 Selecting previously unselected package node-babel7-runtime.
#7 80.94 Preparing to unpack .../191-node-babel7-runtime_7.20.15+ds1+~cs214.269.168-8_all.deb ...
#7 80.94 Unpacking node-babel7-runtime (7.20.15+ds1+~cs214.269.168-8) ...
#7 80.97 Selecting previously unselected package node-babel-helper-define-polyfill-provider.
#7 80.97 Preparing to unpack .../192-node-babel-helper-define-polyfill-provider_0.3.3~0~20220913+ds1-1_all.deb ...
#7 80.97 Unpacking node-babel-helper-define-polyfill-provider (0.3.3~0~20220913+ds1-1) ...
#7 80.98 Selecting previously unselected package node-babel-plugin-polyfill-corejs2.
#7 80.98 Preparing to unpack .../193-node-babel-plugin-polyfill-corejs2_0.3.3~0~20220913+ds1-1_all.deb ...
#7 80.98 Unpacking node-babel-plugin-polyfill-corejs2 (0.3.3~0~20220913+ds1-1) ...
#7 80.99 Selecting previously unselected package node-caniuse-lite.
#7 80.99 Preparing to unpack .../194-node-caniuse-lite_1.0.30001723+dfsg+~1.0.5-1_all.deb ...
#7 81.00 Unpacking node-caniuse-lite (1.0.30001723+dfsg+~1.0.5-1) ...
#7 81.05 Selecting previously unselected package node-electron-to-chromium.
#7 81.05 Preparing to unpack .../195-node-electron-to-chromium_1.5.166-1_all.deb ...
#7 81.05 Unpacking node-electron-to-chromium (1.5.166-1) ...
#7 81.06 Selecting previously unselected package node-picocolors.
#7 81.06 Preparing to unpack .../196-node-picocolors_1.0.0-4_all.deb ...
#7 81.07 Unpacking node-picocolors (1.0.0-4) ...
#7 81.08 Selecting previously unselected package node-browserslist.
#7 81.08 Preparing to unpack .../197-node-browserslist_4.25.0+~cs6.3.22-1_all.deb ...
#7 81.08 Unpacking node-browserslist (4.25.0+~cs6.3.22-1) ...
#7 81.09 Selecting previously unselected package node-core-js-compat.
#7 81.09 Preparing to unpack .../198-node-core-js-compat_3.33.2-1_all.deb ...
#7 81.09 Unpacking node-core-js-compat (3.33.2-1) ...
#7 81.11 Selecting previously unselected package node-babel-plugin-polyfill-corejs3.
#7 81.11 Preparing to unpack .../199-node-babel-plugin-polyfill-corejs3_0.6.0~0~20220913+ds1-1_all.deb ...
#7 81.11 Unpacking node-babel-plugin-polyfill-corejs3 (0.6.0~0~20220913+ds1-1) ...
#7 81.12 Selecting previously unselected package node-babel-plugin-polyfill-regenerator.
#7 81.12 Preparing to unpack .../200-node-babel-plugin-polyfill-regenerator_0.4.1~0~20220913+ds1-1_all.deb ...
#7 81.12 Unpacking node-babel-plugin-polyfill-regenerator (0.4.1~0~20220913+ds1-1) ...
#7 81.13 Selecting previously unselected package node-color-name.
#7 81.13 Preparing to unpack .../201-node-color-name_1.1.4+~1.1.1-2_all.deb ...
#7 81.13 Unpacking node-color-name (1.1.4+~1.1.1-2) ...
#7 81.14 Selecting previously unselected package node-color-convert.
#7 81.14 Preparing to unpack .../202-node-color-convert_2.0.1+~cs2.0.0-2_all.deb ...
#7 81.15 Unpacking node-color-convert (2.0.1+~cs2.0.0-2) ...
#7 81.15 Selecting previously unselected package node-ansi-styles.
#7 81.16 Preparing to unpack .../203-node-ansi-styles_6.2.1-3_all.deb ...
#7 81.16 Unpacking node-ansi-styles (6.2.1-3) ...
#7 81.17 Selecting previously unselected package node-chalk.
#7 81.17 Preparing to unpack .../204-node-chalk_5.3.0-1_all.deb ...
#7 81.17 Unpacking node-chalk (5.3.0-1) ...
#7 81.18 Selecting previously unselected package node-for-in.
#7 81.18 Preparing to unpack .../205-node-for-in_1.0.2-4_all.deb ...
#7 81.18 Unpacking node-for-in (1.0.2-4) ...
#7 81.19 Selecting previously unselected package node-for-own.
#7 81.19 Preparing to unpack .../206-node-for-own_1.0.0-3_all.deb ...
#7 81.19 Unpacking node-for-own (1.0.0-3) ...
#7 81.20 Selecting previously unselected package node-is-plain-object.
#7 81.20 Preparing to unpack .../207-node-is-plain-object_5.0.0-7_all.deb ...
#7 81.20 Unpacking node-is-plain-object (5.0.0-7) ...
#7 81.22 Selecting previously unselected package node-is-extendable.
#7 81.22 Preparing to unpack .../208-node-is-extendable_1.0.1-3_all.deb ...
#7 81.22 Unpacking node-is-extendable (1.0.1-3) ...
#7 81.23 Selecting previously unselected package node-clone-deep.
#7 81.23 Preparing to unpack .../209-node-clone-deep_4.0.1+~cs7.0.2-1_all.deb ...
#7 81.23 Unpacking node-clone-deep (4.0.1+~cs7.0.2-1) ...
#7 81.24 Selecting previously unselected package node-commander.
#7 81.24 Preparing to unpack .../210-node-commander_9.4.1-1_all.deb ...
#7 81.24 Unpacking node-commander (9.4.1-1) ...
#7 81.25 Selecting previously unselected package node-core-js.
#7 81.25 Preparing to unpack .../211-node-core-js_3.33.2-1_all.deb ...
#7 81.26 Unpacking node-core-js (3.33.2-1) ...
#7 81.48 Selecting previously unselected package node-core-js-pure.
#7 81.48 Preparing to unpack .../212-node-core-js-pure_3.33.2-1_all.deb ...
#7 81.48 Unpacking node-core-js-pure (3.33.2-1) ...
#7 81.70 Selecting previously unselected package node-fs-readdir-recursive.
#7 81.70 Preparing to unpack .../213-node-fs-readdir-recursive_1.1.0+~1.1.0-1_all.deb ...
#7 81.70 Unpacking node-fs-readdir-recursive (1.1.0+~1.1.0-1) ...
#7 81.71 Selecting previously unselected package node-js-tokens.
#7 81.71 Preparing to unpack .../214-node-js-tokens_8.0.0-2_all.deb ...
#7 81.72 Unpacking node-js-tokens (8.0.0-2) ...
#7 81.72 Selecting previously unselected package node-jsesc.
#7 81.72 Preparing to unpack .../215-node-jsesc_3.0.2+~3.0.1-1_all.deb ...
#7 81.73 Unpacking node-jsesc (3.0.2+~3.0.1-1) ...
#7 81.74 Selecting previously unselected package node-json5.
#7 81.74 Preparing to unpack .../216-node-json5_2.2.3+dfsg-1_all.deb ...
#7 81.74 Unpacking node-json5 (2.2.3+dfsg-1) ...
#7 81.75 Selecting previously unselected package node-quick-lru.
#7 81.75 Preparing to unpack .../217-node-quick-lru_6.1.1-4_all.deb ...
#7 81.75 Unpacking node-quick-lru (6.1.1-4) ...
#7 81.76 Selecting previously unselected package node-regenerator-transform.
#7 81.76 Preparing to unpack .../218-node-regenerator-transform_0.15.2+~0.10.8-1_all.deb ...
#7 81.76 Unpacking node-regenerator-transform (0.15.2+~0.10.8-1) ...
#7 81.78 Selecting previously unselected package node-regjsgen.
#7 81.78 Preparing to unpack .../219-node-regjsgen_0.7.1+ds-1_all.deb ...
#7 81.78 Unpacking node-regjsgen (0.7.1+ds-1) ...
#7 81.79 Selecting previously unselected package node-regjsparser.
#7 81.80 Preparing to unpack .../220-node-regjsparser_0.9.1+ds-2_all.deb ...
#7 81.80 Unpacking node-regjsparser (0.9.1+ds-2) ...
#7 81.81 Selecting previously unselected package node-unicode-canonical-property-names-ecmascript.
#7 81.81 Preparing to unpack .../221-node-unicode-canonical-property-names-ecmascript_2.0.0-2_all.deb ...
#7 81.82 Unpacking node-unicode-canonical-property-names-ecmascript (2.0.0-2) ...
#7 81.84 Selecting previously unselected package node-unicode-property-aliases-ecmascript.
#7 81.84 Preparing to unpack .../222-node-unicode-property-aliases-ecmascript_2.1.0+ds-1_all.deb ...
#7 81.84 Unpacking node-unicode-property-aliases-ecmascript (2.1.0+ds-1) ...
#7 81.85 Selecting previously unselected package node-unicode-match-property-ecmascript.
#7 81.85 Preparing to unpack .../223-node-unicode-match-property-ecmascript_2.0.0-2_all.deb ...
#7 81.85 Unpacking node-unicode-match-property-ecmascript (2.0.0-2) ...
#7 81.86 Selecting previously unselected package node-unicode-match-property-value-ecmascript.
#7 81.86 Preparing to unpack .../224-node-unicode-match-property-value-ecmascript_2.1.0+ds-1_all.deb ...
#7 81.86 Unpacking node-unicode-match-property-value-ecmascript (2.1.0+ds-1) ...
#7 81.87 Selecting previously unselected package node-regexpu-core.
#7 81.87 Preparing to unpack .../225-node-regexpu-core_5.2.2-3_all.deb ...
#7 81.87 Unpacking node-regexpu-core (5.2.2-3) ...
#7 81.88 Selecting previously unselected package node-source-map-support.
#7 81.88 Preparing to unpack .../226-node-source-map-support_0.5.21+ds+~0.5.10-1_all.deb ...
#7 81.88 Unpacking node-source-map-support (0.5.21+ds+~0.5.10-1) ...
#7 81.90 Selecting previously unselected package node-to-fast-properties.
#7 81.90 Preparing to unpack .../227-node-to-fast-properties_3.0.1-3_all.deb ...
#7 81.90 Unpacking node-to-fast-properties (3.0.1-3) ...
#7 81.91 Selecting previously unselected package node-v8flags.
#7 81.91 Preparing to unpack .../228-node-v8flags_3.2.0+~3.1.1-1_all.deb ...
#7 81.91 Unpacking node-v8flags (3.2.0+~3.1.1-1) ...
#7 81.92 Selecting previously unselected package node-babel7.
#7 81.92 Preparing to unpack .../229-node-babel7_7.20.15+ds1+~cs214.269.168-8_all.deb ...
#7 81.92 Unpacking node-babel7 (7.20.15+ds1+~cs214.269.168-8) ...
#7 82.13 Selecting previously unselected package node-is-arrayish.
#7 82.13 Preparing to unpack .../230-node-is-arrayish_0.3.2-3_all.deb ...
#7 82.13 Unpacking node-is-arrayish (0.3.2-3) ...
#7 82.14 Selecting previously unselected package node-error-ex.
#7 82.14 Preparing to unpack .../231-node-error-ex_1.3.2-4_all.deb ...
#7 82.14 Unpacking node-error-ex (1.3.2-4) ...
#7 82.15 Selecting previously unselected package node-json-parse-better-errors.
#7 82.15 Preparing to unpack .../232-node-json-parse-better-errors_1.0.2+~cs3.3.1-3_all.deb ...
#7 82.15 Unpacking node-json-parse-better-errors (1.0.2+~cs3.3.1-3) ...
#7 82.16 Selecting previously unselected package node-parse-json.
#7 82.17 Preparing to unpack .../233-node-parse-json_5.2.0+~cs5.1.7-2_all.deb ...
#7 82.17 Unpacking node-parse-json (5.2.0+~cs5.1.7-2) ...
#7 82.18 Selecting previously unselected package node-hosted-git-info.
#7 82.18 Preparing to unpack .../234-node-hosted-git-info_6.1.1-2_all.deb ...
#7 82.18 Unpacking node-hosted-git-info (6.1.1-2) ...
#7 82.19 Selecting previously unselected package node-spdx-license-ids.
#7 82.19 Preparing to unpack .../235-node-spdx-license-ids_3.0.12-1_all.deb ...
#7 82.19 Unpacking node-spdx-license-ids (3.0.12-1) ...
#7 82.20 Selecting previously unselected package node-spdx-exceptions.
#7 82.20 Preparing to unpack .../236-node-spdx-exceptions_2.3.0-2_all.deb ...
#7 82.20 Unpacking node-spdx-exceptions (2.3.0-2) ...
#7 82.21 Selecting previously unselected package node-spdx-expression-parse.
#7 82.21 Preparing to unpack .../237-node-spdx-expression-parse_3.0.1+~3.0.1-1_all.deb ...
#7 82.21 Unpacking node-spdx-expression-parse (3.0.1+~3.0.1-1) ...
#7 82.22 Selecting previously unselected package node-spdx-correct.
#7 82.22 Preparing to unpack .../238-node-spdx-correct_3.1.1-2_all.deb ...
#7 82.22 Unpacking node-spdx-correct (3.1.1-2) ...
#7 82.23 Selecting previously unselected package node-validate-npm-package-license.
#7 82.23 Preparing to unpack .../239-node-validate-npm-package-license_3.0.4-2_all.deb ...
#7 82.23 Unpacking node-validate-npm-package-license (3.0.4-2) ...
#7 82.24 Selecting previously unselected package node-normalize-package-data.
#7 82.24 Preparing to unpack .../240-node-normalize-package-data_4.0.1+~2.4.1-1_all.deb ...
#7 82.24 Unpacking node-normalize-package-data (4.0.1+~2.4.1-1) ...
#7 82.25 Selecting previously unselected package node-read-pkg.
#7 82.25 Preparing to unpack .../241-node-read-pkg_5.2.0-2_all.deb ...
#7 82.26 Unpacking node-read-pkg (5.2.0-2) ...
#7 82.27 Selecting previously unselected package node-uuid.
#7 82.27 Preparing to unpack .../242-node-uuid_8.3.2+~8.3.4-1_all.deb ...
#7 82.27 Unpacking node-uuid (8.3.2+~8.3.4-1) ...
#7 82.29 Selecting previously unselected package node-isexe.
#7 82.29 Preparing to unpack .../243-node-isexe_2.0.0+~2.0.1-5_all.deb ...
#7 82.29 Unpacking node-isexe (2.0.0+~2.0.1-5) ...
#7 82.30 Selecting previously unselected package node-which.
#7 82.30 Preparing to unpack .../244-node-which_2.0.2+~cs1.3.2-3_all.deb ...
#7 82.30 Unpacking node-which (2.0.2+~cs1.3.2-3) ...
#7 82.31 Selecting previously unselected package node-is-typedarray.
#7 82.31 Preparing to unpack .../245-node-is-typedarray_1.0.0-4_all.deb ...
#7 82.31 Unpacking node-is-typedarray (1.0.0-4) ...
#7 82.32 Selecting previously unselected package node-typedarray-to-buffer.
#7 82.32 Preparing to unpack .../246-node-typedarray-to-buffer_4.0.0-2_all.deb ...
#7 82.32 Unpacking node-typedarray-to-buffer (4.0.0-2) ...
#7 82.33 Selecting previously unselected package node-write-file-atomic.
#7 82.33 Preparing to unpack .../247-node-write-file-atomic_4.0.2+~4.0.0-2_all.deb ...
#7 82.34 Unpacking node-write-file-atomic (4.0.2+~4.0.0-2) ...
#7 82.34 Selecting previously unselected package node-slice-ansi.
#7 82.34 Preparing to unpack .../248-node-slice-ansi_5.0.0+~cs9.0.0-5_all.deb ...
#7 82.35 Unpacking node-slice-ansi (5.0.0+~cs9.0.0-5) ...
#7 82.35 Selecting previously unselected package node-ansi-regex.
#7 82.36 Preparing to unpack .../249-node-ansi-regex_5.0.1-1_all.deb ...
#7 82.36 Unpacking node-ansi-regex (5.0.1-1) ...
#7 82.36 Selecting previously unselected package node-strip-ansi.
#7 82.37 Preparing to unpack .../250-node-strip-ansi_6.0.1-2_all.deb ...
#7 82.37 Unpacking node-strip-ansi (6.0.1-2) ...
#7 82.40 Selecting previously unselected package node-clone.
#7 82.40 Preparing to unpack .../251-node-clone_2.1.2+~2.1.2-1_all.deb ...
#7 82.40 Unpacking node-clone (2.1.2+~2.1.2-1) ...
#7 82.41 Selecting previously unselected package node-defaults.
#7 82.41 Preparing to unpack .../252-node-defaults_1.0.4+~1.0.3-1_all.deb ...
#7 82.41 Unpacking node-defaults (1.0.4+~1.0.3-1) ...
#7 82.42 Selecting previously unselected package node-wcwidth.js.
#7 82.42 Preparing to unpack .../253-node-wcwidth.js_1.0.2-2_all.deb ...
#7 82.42 Unpacking node-wcwidth.js (1.0.2-2) ...
#7 82.43 Selecting previously unselected package node-string-width.
#7 82.43 Preparing to unpack .../254-node-string-width_4.2.3+~cs13.2.3-1_all.deb ...
#7 82.43 Unpacking node-string-width (4.2.3+~cs13.2.3-1) ...
#7 82.44 Selecting previously unselected package node-wrap-ansi.
#7 82.44 Preparing to unpack .../255-node-wrap-ansi_8.0.1+~8.0.1-3_all.deb ...
#7 82.44 Unpacking node-wrap-ansi (8.0.1+~8.0.1-3) ...
#7 82.45 Selecting previously unselected package node-cliui.
#7 82.45 Preparing to unpack .../256-node-cliui_7.0.4+repack+1+~cs1.4.2-2_all.deb ...
#7 82.45 Unpacking node-cliui (7.0.4+repack+1+~cs1.4.2-2) ...
#7 82.46 Selecting previously unselected package node-get-caller-file.
#7 82.47 Preparing to unpack .../257-node-get-caller-file_2.0.5+~cs1.1.1-4_all.deb ...
#7 82.47 Unpacking node-get-caller-file (2.0.5+~cs1.1.1-4) ...
#7 82.47 Selecting previously unselected package node-require-directory.
#7 82.48 Preparing to unpack .../258-node-require-directory_2.1.1+~2.1.2-1_all.deb ...
#7 82.48 Unpacking node-require-directory (2.1.1+~2.1.2-1) ...
#7 82.49 Selecting previously unselected package node-y18n.
#7 82.49 Preparing to unpack .../259-node-y18n_5.0.8+~5.0.0-3_all.deb ...
#7 82.49 Unpacking node-y18n (5.0.8+~5.0.0-3) ...
#7 82.50 Selecting previously unselected package node-camelcase.
#7 82.50 Preparing to unpack .../260-node-camelcase_7.0.0-3_all.deb ...
#7 82.50 Unpacking node-camelcase (7.0.0-3) ...
#7 82.51 Selecting previously unselected package node-yargs-parser.
#7 82.52 Preparing to unpack .../261-node-yargs-parser_21.1.1+~21.0.0-4_all.deb ...
#7 82.52 Unpacking node-yargs-parser (21.1.1+~21.0.0-4) ...
#7 82.57 Selecting previously unselected package node-yargs.
#7 82.59 Preparing to unpack .../262-node-yargs_16.2.0+~16.0.4-7_all.deb ...
#7 82.59 Unpacking node-yargs (16.2.0+~16.0.4-7) ...
#7 82.62 Selecting previously unselected package node-istanbul.
#7 82.62 Preparing to unpack .../263-node-istanbul_0.4.5+repack10+~cs98.25.59-3_all.deb ...
#7 82.62 Unpacking node-istanbul (0.4.5+repack10+~cs98.25.59-3) ...
#7 82.66 Selecting previously unselected package node-through.
#7 82.66 Preparing to unpack .../264-node-through_2.3.8+~cs0.0.30-1_all.deb ...
#7 82.66 Unpacking node-through (2.3.8+~cs0.0.30-1) ...
#7 82.67 Selecting previously unselected package node-resumer.
#7 82.67 Preparing to unpack .../265-node-resumer_0.0.0-6_all.deb ...
#7 82.67 Unpacking node-resumer (0.0.0-6) ...
#7 82.69 Selecting previously unselected package node-tape.
#7 82.69 Preparing to unpack .../266-node-tape_5.6.1+~cs8.20.19-3_all.deb ...
#7 82.69 Unpacking node-tape (5.6.1+~cs8.20.19-3) ...
#7 82.70 Selecting previously unselected package node-deep-equal.
#7 82.70 Preparing to unpack .../267-node-deep-equal_2.2.3+~cs43.15.94-1_all.deb ...
#7 82.71 Unpacking node-deep-equal (2.2.3+~cs43.15.94-1) ...
#7 82.76 Selecting previously unselected package libjs-util.
#7 82.76 Preparing to unpack .../268-libjs-util_0.12.5+~1.0.10-1_all.deb ...
#7 82.77 Unpacking libjs-util (0.12.5+~1.0.10-1) ...
#7 82.80 Selecting previously unselected package libssl-dev:arm64.
#7 82.80 Preparing to unpack .../269-libssl-dev_3.5.6-1~deb13u2_arm64.deb ...
#7 82.80 Unpacking libssl-dev:arm64 (3.5.6-1~deb13u2) ...
#7 83.01 Selecting previously unselected package libuv1-dev:arm64.
#7 83.01 Preparing to unpack .../270-libuv1-dev_1.50.0-2_arm64.deb ...
#7 83.01 Unpacking libuv1-dev:arm64 (1.50.0-2) ...
#7 83.03 Selecting previously unselected package libnode-dev.
#7 83.03 Preparing to unpack .../271-libnode-dev_20.19.2+dfsg-1+deb13u2_arm64.deb ...
#7 83.03 Unpacking libnode-dev (20.19.2+dfsg-1+deb13u2) ...
#7 83.10 Selecting previously unselected package node-agent-base.
#7 83.10 Preparing to unpack .../272-node-agent-base_7.1.1~0~2024040606-6+deb13u1_all.deb ...
#7 83.11 Unpacking node-agent-base (7.1.1~0~2024040606-6+deb13u1) ...
#7 83.12 Selecting previously unselected package node-ajv-keywords.
#7 83.12 Preparing to unpack .../273-node-ajv-keywords_5.1.0-4_all.deb ...
#7 83.12 Unpacking node-ajv-keywords (5.1.0-4) ...
#7 83.14 Selecting previously unselected package node-ansi-escapes.
#7 83.14 Preparing to unpack .../274-node-ansi-escapes_5.0.0+really.4.3.1-1_all.deb ...
#7 83.15 Unpacking node-ansi-escapes (5.0.0+really.4.3.1-1) ...
#7 83.16 Selecting previously unselected package node-aproba.
#7 83.16 Preparing to unpack .../275-node-aproba_2.0.0-3_all.deb ...
#7 83.16 Unpacking node-aproba (2.0.0-3) ...
#7 83.17 Selecting previously unselected package node-delegates.
#7 83.17 Preparing to unpack .../276-node-delegates_1.0.0-3_all.deb ...
#7 83.17 Unpacking node-delegates (1.0.0-3) ...
#7 83.19 Selecting previously unselected package node-are-we-there-yet.
#7 83.19 Preparing to unpack .../277-node-are-we-there-yet_3.0.1+~1.1.0-1_all.deb ...
#7 83.19 Unpacking node-are-we-there-yet (3.0.1+~1.1.0-1) ...
#7 83.20 Selecting previously unselected package node-async-each.
#7 83.20 Preparing to unpack .../278-node-async-each_1.0.3-3_all.deb ...
#7 83.20 Unpacking node-async-each (1.0.3-3) ...
#7 83.21 Selecting previously unselected package node-babel-plugin-lodash.
#7 83.21 Preparing to unpack .../279-node-babel-plugin-lodash_3.3.4+~cs2.0.1-7_all.deb ...
#7 83.21 Unpacking node-babel-plugin-lodash (3.3.4+~cs2.0.1-7) ...
#7 83.23 Selecting previously unselected package node-base64-js.
#7 83.23 Preparing to unpack .../280-node-base64-js_1.5.1+dfsg+~1.3.0-2_all.deb ...
#7 83.23 Unpacking node-base64-js (1.5.1+dfsg+~1.3.0-2) ...
#7 83.24 Selecting previously unselected package node-binary-extensions.
#7 83.24 Preparing to unpack .../281-node-binary-extensions_2.2.0-2_all.deb ...
#7 83.25 Unpacking node-binary-extensions (2.2.0-2) ...
#7 83.26 Selecting previously unselected package node-builtins.
#7 83.26 Preparing to unpack .../282-node-builtins_5.0.1-1_all.deb ...
#7 83.26 Unpacking node-builtins (5.0.1-1) ...
#7 83.27 Selecting previously unselected package node-chownr.
#7 83.27 Preparing to unpack .../283-node-chownr_2.0.0-3_all.deb ...
#7 83.27 Unpacking node-chownr (2.0.0-3) ...
#7 83.28 Selecting previously unselected package node-iconv-lite.
#7 83.28 Preparing to unpack .../284-node-iconv-lite_0.6.3-3_all.deb ...
#7 83.28 Unpacking node-iconv-lite (0.6.3-3) ...
#7 83.30 Selecting previously unselected package node-encoding.
#7 83.30 Preparing to unpack .../285-node-encoding_0.1.13-2_all.deb ...
#7 83.31 Unpacking node-encoding (0.1.13-2) ...
#7 83.32 Selecting previously unselected package node-jsonparse.
#7 83.32 Preparing to unpack .../286-node-jsonparse_1.3.1-10_all.deb ...
#7 83.32 Unpacking node-jsonparse (1.3.1-10) ...
#7 83.33 Selecting previously unselected package node-yallist.
#7 83.33 Preparing to unpack .../287-node-yallist_4.0.0+~4.0.1-1_all.deb ...
#7 83.33 Unpacking node-yallist (4.0.0+~4.0.1-1) ...
#7 83.34 Selecting previously unselected package node-minipass.
#7 83.34 Preparing to unpack .../288-node-minipass_5.0.0+~cs10.3.21-3_all.deb ...
#7 83.34 Unpacking node-minipass (5.0.0+~cs10.3.21-3) ...
#7 83.36 Selecting previously unselected package node-iferr.
#7 83.36 Preparing to unpack .../289-node-iferr_1.0.2+~1.0.2-1_all.deb ...
#7 83.36 Unpacking node-iferr (1.0.2+~1.0.2-1) ...
#7 83.37 Selecting previously unselected package node-fs-write-stream-atomic.
#7 83.37 Preparing to unpack .../290-node-fs-write-stream-atomic_1.0.10-6_all.deb ...
#7 83.37 Unpacking node-fs-write-stream-atomic (1.0.10-6) ...
#7 83.39 Selecting previously unselected package node-run-queue.
#7 83.39 Preparing to unpack .../291-node-run-queue_2.0.0-3_all.deb ...
#7 83.39 Unpacking node-run-queue (2.0.0-3) ...
#7 83.40 Selecting previously unselected package node-copy-concurrently.
#7 83.40 Preparing to unpack .../292-node-copy-concurrently_1.0.5-9_all.deb ...
#7 83.41 Unpacking node-copy-concurrently (1.0.5-9) ...
#7 83.42 Selecting previously unselected package node-move-concurrently.
#7 83.42 Preparing to unpack .../293-node-move-concurrently_1.0.1-5_all.deb ...
#7 83.42 Unpacking node-move-concurrently (1.0.1-5) ...
#7 83.43 Selecting previously unselected package node-promise-inflight.
#7 83.43 Preparing to unpack .../294-node-promise-inflight_1.0.1+~1.0.0-1_all.deb ...
#7 83.43 Unpacking node-promise-inflight (1.0.1+~1.0.0-1) ...
#7 83.44 Selecting previously unselected package node-ssri.
#7 83.44 Preparing to unpack .../295-node-ssri_9.0.1-3_all.deb ...
#7 83.45 Unpacking node-ssri (9.0.1-3) ...
#7 83.46 Selecting previously unselected package node-unique-filename.
#7 83.46 Preparing to unpack .../296-node-unique-filename_1.1.1+ds-2_all.deb ...
#7 83.46 Unpacking node-unique-filename (1.1.1+ds-2) ...
#7 83.47 Selecting previously unselected package node-cacache.
#7 83.47 Preparing to unpack .../297-node-cacache_17.0.3+~cs10.3.7-2_all.deb ...
#7 83.47 Unpacking node-cacache (17.0.3+~cs10.3.7-2) ...
#7 83.49 Selecting previously unselected package node-is-binary-path.
#7 83.49 Preparing to unpack .../298-node-is-binary-path_2.1.0-5_all.deb ...
#7 83.49 Unpacking node-is-binary-path (2.1.0-5) ...
#7 83.50 Selecting previously unselected package node-path-is-absolute.
#7 83.50 Preparing to unpack .../299-node-path-is-absolute_2.0.0-2_all.deb ...
#7 83.50 Unpacking node-path-is-absolute (2.0.0-2) ...
#7 83.51 Selecting previously unselected package node-set-immediate-shim.
#7 83.52 Preparing to unpack .../300-node-set-immediate-shim_2.0.0-2_all.deb ...
#7 83.52 Unpacking node-set-immediate-shim (2.0.0-2) ...
#7 83.53 Selecting previously unselected package node-readdirp.
#7 83.53 Preparing to unpack .../301-node-readdirp_3.6.0-1_all.deb ...
#7 83.53 Unpacking node-readdirp (3.6.0-1) ...
#7 83.54 Selecting previously unselected package node-chokidar.
#7 83.54 Preparing to unpack .../302-node-chokidar_3.6.0-3_all.deb ...
#7 83.54 Unpacking node-chokidar (3.6.0-3) ...
#7 83.55 Selecting previously unselected package node-tslib.
#7 83.55 Preparing to unpack .../303-node-tslib_2.4.1-1_all.deb ...
#7 83.55 Unpacking node-tslib (2.4.1-1) ...
#7 83.57 Selecting previously unselected package node-chrome-trace-event.
#7 83.57 Preparing to unpack .../304-node-chrome-trace-event_1.0.3-2_all.deb ...
#7 83.57 Unpacking node-chrome-trace-event (1.0.3-2) ...
#7 83.58 Selecting previously unselected package node-ci-info.
#7 83.58 Preparing to unpack .../305-node-ci-info_4.0.0+~cs1.1.0-1_all.deb ...
#7 83.58 Unpacking node-ci-info (4.0.0+~cs1.1.0-1) ...
#7 83.59 Selecting previously unselected package node-colors.
#7 83.59 Preparing to unpack .../306-node-colors_1.4.0-4_all.deb ...
#7 83.60 Unpacking node-colors (1.4.0-4) ...
#7 83.61 Selecting previously unselected package node-cli-table.
#7 83.61 Preparing to unpack .../307-node-cli-table_0.3.11+~cs0.13.4-3_all.deb ...
#7 83.61 Unpacking node-cli-table (0.3.11+~cs0.13.4-3) ...
#7 83.62 Selecting previously unselected package node-columnify.
#7 83.63 Preparing to unpack .../308-node-columnify_1.6.0+~1.5.1-1_all.deb ...
#7 83.63 Unpacking node-columnify (1.6.0+~1.5.1-1) ...
#7 83.64 Selecting previously unselected package node-console-control-strings.
#7 83.64 Preparing to unpack .../309-node-console-control-strings_1.1.0-3_all.deb ...
#7 83.64 Unpacking node-console-control-strings (1.1.0-3) ...
#7 83.65 Selecting previously unselected package node-css-selector-tokenizer.
#7 83.65 Preparing to unpack .../310-node-css-selector-tokenizer_0.8.0+~cs4.8.3-1_all.deb ...
#7 83.65 Unpacking node-css-selector-tokenizer (0.8.0+~cs4.8.3-1) ...
#7 83.66 Selecting previously unselected package node-postcss.
#7 83.66 Preparing to unpack .../311-node-postcss_8.4.49+~cs9.2.32-1_all.deb ...
#7 83.66 Unpacking node-postcss (8.4.49+~cs9.2.32-1) ...
#7 83.69 Selecting previously unselected package node-icss-utils.
#7 83.69 Preparing to unpack .../312-node-icss-utils_5.1.0+~5.1.0-1_all.deb ...
#7 83.69 Unpacking node-icss-utils (5.1.0+~5.1.0-1) ...
#7 83.70 Selecting previously unselected package node-postcss-modules-extract-imports.
#7 83.71 Preparing to unpack .../313-node-postcss-modules-extract-imports_3.0.0-2_all.deb ...
#7 83.71 Unpacking node-postcss-modules-extract-imports (3.0.0-2) ...
#7 83.71 Selecting previously unselected package node-postcss-modules-values.
#7 83.72 Preparing to unpack .../314-node-postcss-modules-values_4.0.0+~4.0.0-1_all.deb ...
#7 83.72 Unpacking node-postcss-modules-values (4.0.0+~4.0.0-1) ...
#7 83.73 Selecting previously unselected package node-postcss-value-parser.
#7 83.73 Preparing to unpack .../315-node-postcss-value-parser_4.2.0-1_all.deb ...
#7 83.73 Unpacking node-postcss-value-parser (4.2.0-1) ...
#7 83.74 Selecting previously unselected package node-prr.
#7 83.74 Preparing to unpack .../316-node-prr_1.0.1-3_all.deb ...
#7 83.74 Unpacking node-prr (1.0.1-3) ...
#7 83.75 Selecting previously unselected package node-errno.
#7 83.75 Preparing to unpack .../317-node-errno_1.0.0-3_all.deb ...
#7 83.75 Unpacking node-errno (1.0.0-3) ...
#7 83.76 Selecting previously unselected package node-memory-fs.
#7 83.76 Preparing to unpack .../318-node-memory-fs_0.5.0+~0.3.3-2_all.deb ...
#7 83.76 Unpacking node-memory-fs (0.5.0+~0.3.3-2) ...
#7 83.77 Selecting previously unselected package node-tapable.
#7 83.78 Preparing to unpack .../319-node-tapable_2.2.1-3_all.deb ...
#7 83.78 Unpacking node-tapable (2.2.1-3) ...
#7 83.79 Selecting previously unselected package node-enhanced-resolve.
#7 83.79 Preparing to unpack .../320-node-enhanced-resolve_5.15.0-1_all.deb ...
#7 83.79 Unpacking node-enhanced-resolve (5.15.0-1) ...
#7 83.81 Selecting previously unselected package node-es-module-lexer.
#7 83.81 Preparing to unpack .../321-node-es-module-lexer_1.1.0+dfsg-3_all.deb ...
#7 83.81 Unpacking node-es-module-lexer (1.1.0+dfsg-3) ...
#7 83.82 Selecting previously unselected package node-events.
#7 83.82 Preparing to unpack .../322-node-events_3.3.0+~3.0.0-3_all.deb ...
#7 83.82 Unpacking node-events (3.3.0+~3.0.0-3) ...
#7 83.83 Selecting previously unselected package node-resolve-cwd.
#7 83.83 Preparing to unpack .../323-node-resolve-cwd_3.0.0-2_all.deb ...
#7 83.83 Unpacking node-resolve-cwd (3.0.0-2) ...
#7 83.84 Selecting previously unselected package node-jest-debbundle.
#7 83.84 Preparing to unpack .../324-node-jest-debbundle_29.6.2~ds1+~cs73.45.28-5_all.deb ...
#7 83.84 Unpacking node-jest-debbundle (29.6.2~ds1+~cs73.45.28-5) ...
#7 83.87 Selecting previously unselected package node-interpret.
#7 83.88 Preparing to unpack .../325-node-interpret_2.2.0-3_all.deb ...
#7 83.88 Unpacking node-interpret (2.2.0-3) ...
#7 83.89 Selecting previously unselected package node-merge-stream.
#7 83.89 Preparing to unpack .../326-node-merge-stream_2.0.0+~1.1.2-2_all.deb ...
#7 83.89 Unpacking node-merge-stream (2.0.0+~1.1.2-2) ...
#7 83.90 Selecting previously unselected package node-jest-worker.
#7 83.90 Preparing to unpack .../327-node-jest-worker_29.6.2~ds1+~cs73.45.28-5_all.deb ...
#7 83.90 Unpacking node-jest-worker (29.6.2~ds1+~cs73.45.28-5) ...
#7 83.92 Selecting previously unselected package node-loader-runner.
#7 83.92 Preparing to unpack .../328-node-loader-runner_4.3.0-1_all.deb ...
#7 83.92 Unpacking node-loader-runner (4.3.0-1) ...
#7 83.93 Selecting previously unselected package node-mime.
#7 83.94 Preparing to unpack .../329-node-mime_3.0.0+dfsg+~cs6.97.2-2_all.deb ...
#7 83.94 Unpacking node-mime (3.0.0+dfsg+~cs6.97.2-2) ...
#7 83.95 Selecting previously unselected package node-mime-types.
#7 83.96 Preparing to unpack .../330-node-mime-types_2.1.35-2_all.deb ...
#7 83.96 Unpacking node-mime-types (2.1.35-2) ...
#7 83.97 Selecting previously unselected package node-rechoir.
#7 83.97 Preparing to unpack .../331-node-rechoir_0.8.0+~0.6.1-2_all.deb ...
#7 83.97 Unpacking node-rechoir (0.8.0+~0.6.1-2) ...
#7 83.98 Selecting previously unselected package node-schema-utils.
#7 83.98 Preparing to unpack .../332-node-schema-utils_4.2.0~ds-3_all.deb ...
#7 83.98 Unpacking node-schema-utils (4.2.0~ds-3) ...
#7 84.00 Selecting previously unselected package node-randombytes.
#7 84.00 Preparing to unpack .../333-node-randombytes_2.1.0+~2.0.0-2_all.deb ...
#7 84.00 Unpacking node-randombytes (2.1.0+~2.0.0-2) ...
#7 84.01 Selecting previously unselected package node-serialize-javascript.
#7 84.01 Preparing to unpack .../334-node-serialize-javascript_6.0.2-1_all.deb ...
#7 84.01 Unpacking node-serialize-javascript (6.0.2-1) ...
#7 84.02 Selecting previously unselected package node-watchpack.
#7 84.03 Preparing to unpack .../335-node-watchpack_2.4.0+~cs2.8.1-1_all.deb ...
#7 84.03 Unpacking node-watchpack (2.4.0+~cs2.8.1-1) ...
#7 84.04 Selecting previously unselected package node-webassemblyjs.
#7 84.04 Preparing to unpack .../336-node-webassemblyjs_1.11.4+dfsg+~cs10.11.17-2_all.deb ...
#7 84.04 Unpacking node-webassemblyjs (1.11.4+dfsg+~cs10.11.17-2) ...
#7 84.08 Selecting previously unselected package node-source-list-map.
#7 84.08 Preparing to unpack .../337-node-source-list-map_2.0.1+dfsg+~0.1.2-1_all.deb ...
#7 84.08 Unpacking node-source-list-map (2.0.1+dfsg+~0.1.2-1) ...
#7 84.10 Selecting previously unselected package node-webpack-sources.
#7 84.10 Preparing to unpack .../338-node-webpack-sources_3.2.3+~3.2.0-2_all.deb ...
#7 84.11 Unpacking node-webpack-sources (3.2.3+~3.2.0-2) ...
#7 84.12 Selecting previously unselected package node-terser.
#7 84.12 Preparing to unpack .../339-node-terser_5.38.0-1_all.deb ...
#7 84.12 Unpacking node-terser (5.38.0-1) ...
#7 84.15 Selecting previously unselected package terser.
#7 84.15 Preparing to unpack .../340-terser_5.38.0-1_all.deb ...
#7 84.15 Unpacking terser (5.38.0-1) ...
#7 84.16 Selecting previously unselected package node-get-stream.
#7 84.16 Preparing to unpack .../341-node-get-stream_8.0.1-11_all.deb ...
#7 84.17 Unpacking node-get-stream (8.0.1-11) ...
#7 84.18 Selecting previously unselected package node-mimic-fn.
#7 84.18 Preparing to unpack .../342-node-mimic-fn_4.0.0-5_all.deb ...
#7 84.18 Unpacking node-mimic-fn (4.0.0-5) ...
#7 84.19 Selecting previously unselected package node-strip-eof.
#7 84.19 Preparing to unpack .../343-node-strip-eof_3.0.0-5_all.deb ...
#7 84.20 Unpacking node-strip-eof (3.0.0-5) ...
#7 84.21 Selecting previously unselected package node-execa.
#7 84.21 Preparing to unpack .../344-node-execa_8.0.1+dfsg1+~cs12.0.0-1_all.deb ...
#7 84.21 Unpacking node-execa (8.0.1+dfsg1+~cs12.0.0-1) ...
#7 84.22 Selecting previously unselected package node-envinfo.
#7 84.23 Preparing to unpack .../345-node-envinfo_7.11.0+~cs14.3.0-3_all.deb ...
#7 84.23 Unpacking node-envinfo (7.11.0+~cs14.3.0-3) ...
#7 84.26 Selecting previously unselected package webpack.
#7 84.27 Preparing to unpack .../346-webpack_5.97.1+dfsg1+~cs11.18.27-3_all.deb ...
#7 84.27 Unpacking webpack (5.97.1+dfsg1+~cs11.18.27-3) ...
#7 84.36 Selecting previously unselected package node-css-loader.
#7 84.36 Preparing to unpack .../347-node-css-loader_6.8.1+~cs14.0.17-1_all.deb ...
#7 84.36 Unpacking node-css-loader (6.8.1+~cs14.0.17-1) ...
#7 84.38 Selecting previously unselected package node-data-uri-to-buffer.
#7 84.38 Preparing to unpack .../348-node-data-uri-to-buffer_6.0.2~0~2024040606-6+deb13u1_all.deb ...
#7 84.38 Unpacking node-data-uri-to-buffer (6.0.2~0~2024040606-6+deb13u1) ...
#7 84.39 Selecting previously unselected package node-mimic-response.
#7 84.39 Preparing to unpack .../349-node-mimic-response_3.1.0-9_all.deb ...
#7 84.39 Unpacking node-mimic-response (3.1.0-9) ...
#7 84.40 Selecting previously unselected package node-decompress-response.
#7 84.40 Preparing to unpack .../350-node-decompress-response_6.0.0-3_all.deb ...
#7 84.40 Unpacking node-decompress-response (6.0.0-3) ...
#7 84.41 Selecting previously unselected package node-depd.
#7 84.41 Preparing to unpack .../351-node-depd_2.0.0-2_all.deb ...
#7 84.41 Unpacking node-depd (2.0.0-2) ...
#7 84.42 Selecting previously unselected package node-diff.
#7 84.43 Preparing to unpack .../352-node-diff_5.0.0~dfsg+~5.0.1-4_all.deb ...
#7 84.43 Unpacking node-diff (5.0.0~dfsg+~5.0.1-4) ...
#7 84.44 Selecting previously unselected package node-err-code.
#7 84.44 Preparing to unpack .../353-node-err-code_2.0.3+dfsg-3_all.deb ...
#7 84.44 Unpacking node-err-code (2.0.3+dfsg-3) ...
#7 84.45 Selecting previously unselected package node-time-stamp.
#7 84.46 Preparing to unpack .../354-node-time-stamp_2.2.0-2_all.deb ...
#7 84.46 Unpacking node-time-stamp (2.2.0-2) ...
#7 84.46 Selecting previously unselected package node-fancy-log.
#7 84.47 Preparing to unpack .../355-node-fancy-log_1.3.3+~cs1.3.1-2_all.deb ...
#7 84.47 Unpacking node-fancy-log (1.3.3+~cs1.3.1-2) ...
#7 84.48 Selecting previously unselected package node-fetch.
#7 84.48 Preparing to unpack .../356-node-fetch_3.3.2+~cs11.4.11-3_all.deb ...
#7 84.48 Unpacking node-fetch (3.3.2+~cs11.4.11-3) ...
#7 84.61 Selecting previously unselected package node-has-unicode.
#7 84.61 Preparing to unpack .../357-node-has-unicode_2.0.1-5_all.deb ...
#7 84.62 Unpacking node-has-unicode (2.0.1-5) ...
#7 84.63 Selecting previously unselected package node-wide-align.
#7 84.63 Preparing to unpack .../358-node-wide-align_1.1.3-4_all.deb ...
#7 84.63 Unpacking node-wide-align (1.1.3-4) ...
#7 84.64 Selecting previously unselected package node-gauge.
#7 84.64 Preparing to unpack .../359-node-gauge_4.0.4-2_all.deb ...
#7 84.64 Unpacking node-gauge (4.0.4-2) ...
#7 84.65 Selecting previously unselected package node-lowercase-keys.
#7 84.66 Preparing to unpack .../360-node-lowercase-keys_2.0.0-2_all.deb ...
#7 84.66 Unpacking node-lowercase-keys (2.0.0-2) ...
#7 84.67 Selecting previously unselected package node-json-buffer.
#7 84.67 Preparing to unpack .../361-node-json-buffer_3.0.1+~3.0.0-1_all.deb ...
#7 84.67 Unpacking node-json-buffer (3.0.1+~3.0.0-1) ...
#7 84.68 Selecting previously unselected package node-p-cancelable.
#7 84.68 Preparing to unpack .../362-node-p-cancelable_2.1.1-1_all.deb ...
#7 84.68 Unpacking node-p-cancelable (2.1.1-1) ...
#7 84.69 Selecting previously unselected package node-got.
#7 84.69 Preparing to unpack .../363-node-got_11.8.5+~cs58.13.36-5_all.deb ...
#7 84.69 Unpacking node-got (11.8.5+~cs58.13.36-5) ...
#7 84.72 Selecting previously unselected package node-https-proxy-agent.
#7 84.72 Preparing to unpack .../364-node-https-proxy-agent_7.0.4~0~2024040606-6+deb13u1_all.deb ...
#7 84.73 Unpacking node-https-proxy-agent (7.0.4~0~2024040606-6+deb13u1) ...
#7 84.74 Selecting previously unselected package node-set-blocking.
#7 84.74 Preparing to unpack .../365-node-set-blocking_2.0.0-2_all.deb ...
#7 84.74 Unpacking node-set-blocking (2.0.0-2) ...
#7 84.75 Selecting previously unselected package node-npmlog.
#7 84.75 Preparing to unpack .../366-node-npmlog_7.0.1+~4.1.4-1_all.deb ...
#7 84.75 Unpacking node-npmlog (7.0.1+~4.1.4-1) ...
#7 84.76 Selecting previously unselected package node-osenv.
#7 84.76 Preparing to unpack .../367-node-osenv_0.1.5+~0.1.1-1_all.deb ...
#7 84.76 Unpacking node-osenv (0.1.5+~0.1.1-1) ...
#7 84.77 Selecting previously unselected package node-tar.
#7 84.77 Preparing to unpack .../368-node-tar_6.2.1+~cs7.0.8-1+deb13u1_all.deb ...
#7 84.77 Unpacking node-tar (6.2.1+~cs7.0.8-1+deb13u1) ...
#7 84.79 Selecting previously unselected package node-gyp.
#7 84.79 Preparing to unpack .../369-node-gyp_11.1.0+~5.0.0-1_all.deb ...
#7 84.79 Unpacking node-gyp (11.1.0+~5.0.0-1) ...
#7 84.80 Selecting previously unselected package node-http-proxy-agent.
#7 84.81 Preparing to unpack .../370-node-http-proxy-agent_7.0.2~0~2024040606-6+deb13u1_all.deb ...
#7 84.81 Unpacking node-http-proxy-agent (7.0.2~0~2024040606-6+deb13u1) ...
#7 84.82 Selecting previously unselected package node-ieee754.
#7 84.82 Preparing to unpack .../371-node-ieee754_1.2.1-3_all.deb ...
#7 84.82 Unpacking node-ieee754 (1.2.1-3) ...
#7 84.83 Selecting previously unselected package node-ini.
#7 84.83 Preparing to unpack .../372-node-ini_3.0.1-2_all.deb ...
#7 84.83 Unpacking node-ini (3.0.1-2) ...
#7 84.84 Selecting previously unselected package node-ip.
#7 84.84 Preparing to unpack .../373-node-ip_2.0.1+~1.1.3-3_all.deb ...
#7 84.84 Unpacking node-ip (2.0.1+~1.1.3-3) ...
#7 84.85 Selecting previously unselected package node-ip-regex.
#7 84.85 Preparing to unpack .../374-node-ip-regex_4.3.0+~4.1.1-1_all.deb ...
#7 84.85 Unpacking node-ip-regex (4.3.0+~4.1.1-1) ...
#7 84.87 Selecting previously unselected package node-mute-stream.
#7 84.87 Preparing to unpack .../375-node-mute-stream_0.0.8+~0.0.1-3_all.deb ...
#7 84.87 Unpacking node-mute-stream (0.0.8+~0.0.1-3) ...
#7 84.89 Selecting previously unselected package node-negotiator.
#7 84.89 Preparing to unpack .../376-node-negotiator_0.6.3+~0.6.1-1_all.deb ...
#7 84.89 Unpacking node-negotiator (0.6.3+~0.6.1-1) ...
#7 84.90 Selecting previously unselected package node-read-package-json.
#7 84.90 Preparing to unpack .../377-node-read-package-json_5.0.2+~2.0.0-2_all.deb ...
#7 84.90 Unpacking node-read-package-json (5.0.2+~2.0.0-2) ...
#7 84.92 Selecting previously unselected package node-npm-bundled.
#7 84.92 Preparing to unpack .../378-node-npm-bundled_2.0.1-2_all.deb ...
#7 84.92 Unpacking node-npm-bundled (2.0.1-2) ...
#7 84.93 Selecting previously unselected package node-validate-npm-package-name.
#7 84.93 Preparing to unpack .../379-node-validate-npm-package-name_5.0.0+~4.0.0-1_all.deb ...
#7 84.93 Unpacking node-validate-npm-package-name (5.0.0+~4.0.0-1) ...
#7 84.95 Selecting previously unselected package node-npm-package-arg.
#7 84.95 Preparing to unpack .../380-node-npm-package-arg_10.0.0+~3.0.0-2_all.deb ...
#7 84.95 Unpacking node-npm-package-arg (10.0.0+~3.0.0-2) ...
#7 84.96 Selecting previously unselected package node-retry.
#7 84.96 Preparing to unpack .../381-node-retry_0.13.1.+~cs2.19.16-1_all.deb ...
#7 84.96 Unpacking node-retry (0.13.1.+~cs2.19.16-1) ...
#7 84.98 Selecting previously unselected package node-promise-retry.
#7 84.98 Preparing to unpack .../382-node-promise-retry_2.0.1-4_all.deb ...
#7 84.98 Unpacking node-promise-retry (2.0.1-4) ...
#7 84.99 Selecting previously unselected package node-read.
#7 84.99 Preparing to unpack .../383-node-read_1.0.7-5_all.deb ...
#7 84.99 Unpacking node-read (1.0.7-5) ...
#7 85.01 Selecting previously unselected package node-promzard.
#7 85.01 Preparing to unpack .../384-node-promzard_0.3.0-2_all.deb ...
#7 85.01 Unpacking node-promzard (0.3.0-2) ...
#7 85.02 Selecting previously unselected package node-text-table.
#7 85.02 Preparing to unpack .../385-node-text-table_0.2.0-4_all.deb ...
#7 85.02 Unpacking node-text-table (0.2.0-4) ...
#7 85.04 Selecting previously unselected package npm.
#7 85.04 Preparing to unpack .../386-npm_9.2.0~ds1-3_all.deb ...
#7 85.04 Unpacking npm (9.2.0~ds1-3) ...
#7 85.16 Setting up media-types (13.0.0) ...
#7 85.17 Setting up node-colors (1.4.0-4) ...
#7 85.17 Setting up node-fs.realpath (1.0.0-3) ...
#7 85.18 Setting up node-ampproject-remapping (2.2.0+~cs5.15.37-1) ...
#7 85.18 Setting up node-diff (5.0.0~dfsg+~5.0.1-4) ...
#7 85.18 Setting up node-lru-cache (10.0.1-3) ...
#7 85.19 Setting up libkeyutils1:arm64 (1.6.3-6) ...
#7 85.19 Setting up node-abbrev (1.1.1+~1.1.2-1) ...
#7 85.20 Setting up node-path-is-inside (1.0.2+~1.0.0-1) ...
#7 85.20 Setting up libjs-sprintf-js (1.1.2+ds1+~1.1.2-1) ...
#7 85.20 Setting up node-pify (5.0.0+~cs5.0.1-1) ...
#7 85.21 Setting up node-p-limit (4.0.0+~cs4.0.0-5) ...
#7 85.21 Setting up node-yallist (4.0.0+~4.0.1-1) ...
#7 85.21 Setting up libjs-inherits (2.0.4-6) ...
#7 85.21 Setting up node-p-cancelable (2.1.1-1) ...
#7 85.22 Setting up node-is-windows (1.0.2+~cs1.0.0-1) ...
#7 85.22 Setting up node-ansi-regex (5.0.1-1) ...
#7 85.22 Setting up node-loader-runner (4.3.0-1) ...
#7 85.23 Setting up node-object-inspect (1.12.2+~cs1.8.1-1) ...
#7 85.23 Setting up node-slash (4.0.0-3) ...
#7 85.23 Setting up node-util-deprecate (1.0.2-3) ...
#7 85.24 Setting up node-ieee754 (1.2.1-3) ...
#7 85.24 Setting up node-fs-readdir-recursive (1.1.0+~1.1.0-1) ...
#7 85.24 Setting up node-v8flags (3.2.0+~3.1.1-1) ...
#7 85.25 Setting up node-retry (0.13.1.+~cs2.19.16-1) ...
#7 85.25 Setting up node-get-caller-file (2.0.5+~cs1.1.1-4) ...
#7 85.25 Setting up node-arrify (2.0.1-3) ...
#7 85.26 Setting up node-eslint-visitor-keys (3.3.0+~1.0.0-1) ...
#7 85.26 Setting up node-caniuse-lite (1.0.30001723+dfsg+~1.0.5-1) ...
#7 85.26 Setting up node-isobject (4.0.0-2) ...
#7 85.27 Setting up node-delegates (1.0.0-3) ...
#7 85.27 Setting up node-depd (2.0.0-2) ...
#7 85.28 Setting up node-isexe (2.0.0+~2.0.1-5) ...
#7 85.28 Setting up libbrotli1:arm64 (1.1.0-2+b7) ...
#7 85.28 Setting up node-resolve (1.22.8+~cs5.34.15-2) ...
#7 85.29 Setting up node-jsonparse (1.3.1-10) ...
#7 85.29 Setting up node-core-js-pure (3.33.2-1) ...
#7 85.29 Setting up node-es-module-lexer (1.1.0+dfsg-3) ...
#7 85.30 Setting up node-path-exists (5.0.0-8) ...
#7 85.30 Setting up libuv1t64:arm64 (1.50.0-2) ...
#7 85.30 Setting up node-unicode-match-property-value-ecmascript (2.1.0+ds-1) ...
#7 85.31 Setting up node-escape-string-regexp (4.0.0-2) ...
#7 85.31 Setting up node-through (2.3.8+~cs0.0.30-1) ...
#7 85.31 Setting up libjs-source-map (0.7.0++dfsg2+really.0.6.1-15) ...
#7 85.32 Setting up node-p-locate (6.0.0-12) ...
#7 85.32 Setting up node-negotiator (0.6.3+~0.6.1-1) ...
#7 85.33 Setting up node-tslib (2.4.1-1) ...
#7 85.33 Setting up libnghttp2-14:arm64 (1.64.0-1.1+deb13u1) ...
#7 85.34 Setting up node-strip-bom (4.0.0-2) ...
#7 85.34 Setting up node-ci-info (4.0.0+~cs1.1.0-1) ...
#7 85.34 Setting up node-color-name (1.1.4+~1.1.1-2) ...
#7 85.35 Setting up node-chrome-trace-event (1.0.3-2) ...
#7 85.35 Setting up node-json-buffer (3.0.1+~3.0.0-1) ...
#7 85.36 Setting up node-electron-to-chromium (1.5.166-1) ...
#7 85.36 Setting up node-cjs-module-lexer (1.2.3+dfsg-1) ...
#7 85.36 Setting up node-console-control-strings (1.1.0-3) ...
#7 85.37 Setting up node-source-list-map (2.0.1+dfsg+~0.1.2-1) ...
#7 85.37 Setting up libcom-err2:arm64 (1.47.2-3+b11) ...
#7 85.37 Setting up node-camelcase (7.0.0-3) ...
#7 85.38 Setting up node-resumer (0.0.0-6) ...
#7 85.38 Setting up node-uuid (8.3.2+~8.3.4-1) ...
#7 85.38 Setting up node-terser (5.38.0-1) ...
#7 85.39 Setting up node-path-type (4.0.0-3) ...
#7 85.39 Setting up node-indent-string (4.0.0-2) ...
#7 85.39 Setting up node-typedarray (0.0.7-1) ...
#7 85.40 Setting up node-function-bind (1.1.2+~cs2.1.14-1) ...
#7 85.40 Setting up node-clone (2.1.2+~2.1.2-1) ...
#7 85.40 Setting up node-p-map (4.0.0+~3.1.0+~3.0.1-2) ...
#7 85.41 Setting up node-iferr (1.0.2+~1.0.2-1) ...
#7 85.41 Setting up libkrb5support0:arm64 (1.21.3-5+deb13u1) ...
#7 85.42 Setting up node-chownr (2.0.0-3) ...
#7 85.42 Setting up node-has-flag (5.0.1-1) ...
#7 85.42 Setting up node-estraverse (5.3.0+ds+~5.1.1-1) ...
#7 85.43 Setting up libsasl2-modules-db:arm64 (2.1.28+dfsg1-9) ...
#7 85.43 Setting up node-regjsgen (0.7.1+ds-1) ...
#7 85.43 Setting up node-lodash-packages (4.17.21+dfsg+~cs8.31.198.20210220-9) ...
#7 85.44 Setting up node-json-schema-traverse (1.0.0-3) ...
#7 85.44 Setting up node-inherits (2.0.4-6) ...
#7 85.45 Setting up node-path-is-absolute (2.0.0-2) ...
#7 85.45 Setting up node-locate-path (7.1.1-2) ...
#7 85.46 Setting up node-ini (3.0.1-2) ...
#7 85.46 Setting up node-postcss-value-parser (4.2.0-1) ...
#7 85.46 Setting up node-is-descriptor (3.0.0-2) ...
#7 85.47 Setting up node-safe-buffer (5.2.1+~cs2.1.2-3) ...
#7 85.48 Setting up node-promise-inflight (1.0.1+~1.0.0-1) ...
#7 85.48 Setting up node-rechoir (0.8.0+~0.6.1-2) ...
#7 85.48 Setting up node-json-parse-better-errors (1.0.2+~cs3.3.1-3) ...
#7 85.49 Setting up node-unicode-canonical-property-names-ecmascript (2.0.0-2) ...
#7 85.49 Setting up node-sprintf-js (1.1.2+ds1+~1.1.2-1) ...
#7 85.50 Setting up node-flatted (3.2.7~ds-1+deb13u1) ...
#7 85.50 Setting up node-y18n (5.0.8+~5.0.0-3) ...
#7 85.50 Setting up node-fast-deep-equal (3.1.3-3) ...
#7 85.51 Setting up node-shebang-regex (3.0.0-2) ...
#7 85.51 Setting up node-err-code (2.0.3+dfsg-3) ...
#7 85.51 Setting up node-resolve-from (5.0.0+~3.1.0+~3.3.0+~2.0.0-1) ...
#7 85.52 Setting up node-balanced-match (2.0.0-1) ...
#7 85.52 Setting up node-convert-source-map (1.9.0+~1.5.2-1) ...
#7 85.53 Setting up node-brace-expansion (2.0.1+~1.1.0-2) ...
#7 85.53 Setting up node-is-stream (3.0.0-4) ...
#7 85.53 Setting up node-spdx-exceptions (2.3.0-2) ...
#7 85.54 Setting up node-get-stream (8.0.1-11) ...
#7 85.54 Setting up libp11-kit0:arm64 (0.25.5-3) ...
#7 85.54 Setting up node-js-tokens (8.0.0-2) ...
#7 85.55 Setting up node-core-js (3.33.2-1) ...
#7 85.55 Setting up node-interpret (2.2.0-3) ...
#7 85.55 Setting up node-set-blocking (2.0.0-2) ...
#7 85.56 Setting up libunistring5:arm64 (1.3-2) ...
#7 85.56 Setting up node-prr (1.0.1-3) ...
#7 85.57 Setting up libssl-dev:arm64 (3.5.6-1~deb13u2) ...
#7 85.57 Setting up libcares2:arm64 (1.34.5-1+deb13u1) ...
#7 85.57 Setting up node-repeat-string (1.6.1+repack-1) ...
#7 85.58 Setting up node-globals (13.23.0-1) ...
#7 85.58 Setting up node-deep-is (0.1.4-1) ...
#7 85.58 Setting up node-async (3.2.6+dfsg-2) ...
#7 85.59 Setting up node-signal-exit (4.1.0-7) ...
#7 85.59 Setting up node-randombytes (2.1.0+~2.0.0-2) ...
#7 85.59 Setting up libk5crypto3:arm64 (1.21.3-5+deb13u1) ...
#7 85.60 Setting up node-source-map (0.7.0++dfsg2+really.0.6.1-15) ...
#7 85.60 Setting up node-wrappy (1.0.2-3) ...
#7 85.61 Setting up node-text-table (0.2.0-4) ...
#7 85.61 Setting up libsasl2-2:arm64 (2.1.28+dfsg1-9) ...
#7 85.61 Setting up libnghttp3-9:arm64 (1.8.0-1) ...
#7 85.62 Setting up node-require-directory (2.1.1+~2.1.2-1) ...
#7 85.62 Setting up node-ip (2.0.1+~1.1.3-3) ...
#7 85.62 Setting up node-quick-lru (6.1.1-4) ...
#7 85.63 Setting up node-regenerator-runtime (0.15.2+~0.10.8-1) ...
#7 85.63 Setting up node-punycode (2.3.1+~2.1.4-1) ...
#7 85.63 Setting up node-to-fast-properties (3.0.1-3) ...
#7 85.64 Setting up node-defaults (1.0.4+~1.0.3-1) ...
#7 85.64 Setting up node-mute-stream (0.0.8+~0.0.1-3) ...
#7 85.64 Setting up node-memfs (3.4.12+~cs1.0.3-1) ...
#7 85.64 Setting up node-mimic-response (3.1.0-9) ...
#7 85.65 Setting up node-commander (9.4.1-1) ...
#7 85.65 Setting up node-undici (7.3.0+dfsg1+~cs24.12.11-1) ...
#7 85.66 Setting up libjs-typedarray-to-buffer (4.0.0-2) ...
#7 85.66 Setting up node-graceful-fs (4.2.10-1) ...
#7 85.67 Setting up node-merge-stream (2.0.0+~1.1.2-2) ...
#7 85.67 Setting up node-is-path-cwd (2.2.0-2) ...
#7 85.67 Setting up node-jsonify (0.0.1-1) ...
#7 85.68 Setting up node-json-stable-stringify (1.0.2+repack1+~cs1.0.34-2) ...
#7 85.68 Setting up node-fast-levenshtein (2.0.6+ds-3) ...
#7 85.69 Setting up libjs-regenerate (1.4.2-3) ...
#7 85.69 Setting up node-hosted-git-info (6.1.1-2) ...
#7 85.69 Setting up node-aproba (2.0.0-3) ...
#7 85.70 Setting up node-unicode-property-aliases-ecmascript (2.1.0+ds-1) ...
#7 85.70 Setting up node-binary-extensions (2.2.0-2) ...
#7 85.70 Setting up node-is-plain-object (5.0.0-7) ...
#7 85.71 Setting up node-eslint-utils (3.0.0-3) ...
#7 85.71 Setting up libtasn1-6:arm64 (4.20.0-2) ...
#7 85.71 Setting up node-mimic-fn (4.0.0-5) ...
#7 85.72 Setting up node-path-dirname (1.0.2-2) ...
#7 85.72 Setting up node-ip-regex (4.3.0+~4.1.1-1) ...
#7 85.72 Setting up node-spdx-license-ids (3.0.12-1) ...
#7 85.73 Setting up node-string-decoder (1.3.0-6) ...
#7 85.73 Setting up node-esutils (2.0.3+~2.0.0-1) ...
#7 85.74 Setting up node-time-stamp (2.2.0-2) ...
#7 85.74 Setting up node-commondir (1.0.1+~1.0.0-1) ...
#7 85.76 Setting up libjs-prettify (2015.12.04+dfsg-1.1) ...
#7 85.78 Setting up libjs-events (3.3.0+~3.0.0-3) ...
#7 85.79 Setting up node-run-queue (2.0.0-3) ...
#7 85.80 Setting up libkrb5-3:arm64 (1.21.3-5+deb13u1) ...
#7 85.82 Setting up node-core-util-is (1.0.3-1) ...
#7 85.84 Setting up node-json-schema (0.4.0+~7.0.11-1) ...
#7 85.84 Setting up node-uri-js (4.4.0+dfsg-8) ...
#7 85.84 Setting up node-prelude-ls (1.2.1+dfsg-3) ...
#7 85.85 Setting up libicu76:arm64 (76.1-4) ...
#7 85.85 Setting up node-minimatch (9.0.3-6) ...
#7 85.86 Setting up libssh2-1t64:arm64 (1.11.1-1+deb13u1) ...
#7 85.86 Setting up node-imurmurhash (0.1.4+dfsg+~0.1.1-2) ...
#7 85.87 Setting up node-xtend (4.0.2-3) ...
#7 85.87 Setting up node-set-immediate-shim (2.0.0-2) ...
#7 85.88 Setting up node-foreground-child (3.1.1-2) ...
#7 85.89 Setting up node-wordwrap (1.0.0-4) ...
#7 85.89 Setting up node-read (1.0.7-5) ...
#7 85.89 Setting up node-regexpp (3.2.0-5) ...
#7 85.90 Setting up node-is-arrayish (0.3.2-3) ...
#7 85.90 Setting up node-base64-js (1.5.1+dfsg+~1.3.0-2) ...
#7 85.90 Setting up node-esquery (1.4.2~ds-1) ...
#7 85.91 Setting up libpython3.13-stdlib:arm64 (3.13.5-2+deb13u2) ...
#7 85.92 Setting up node-npm-run-path (5.1.0+~4.0.0-8) ...
#7 85.92 Setting up node-is-buffer (2.0.5-2) ...
#7 85.92 Setting up node-color-convert (2.0.1+~cs2.0.0-2) ...
#7 85.93 Setting up libldap2:arm64 (2.6.10+dfsg-1) ...
#7 85.93 Setting up node-data-uri-to-buffer (6.0.2~0~2024040606-6+deb13u1) ...
#7 85.93 Setting up node-async-each (1.0.3-3) ...
#7 85.94 Setting up node-isarray (2.0.5-4) ...
#7 85.94 Setting up node-osenv (0.1.5+~0.1.1-1) ...
#7 85.94 Setting up node-is-plain-obj (3.0.0-2) ...
#7 85.95 Setting up node-is-extglob (2.1.1-5) ...
#7 85.96 Setting up libpython3-stdlib:arm64 (3.13.5-1) ...
#7 85.96 Setting up node-tapable (2.2.1-3) ...
#7 85.97 Setting up node-shebang-command (2.0.0-1) ...
#7 85.97 Setting up libjs-is-typedarray (1.0.0-4) ...
#7 85.98 Setting up node-lowercase-keys (2.0.0-2) ...
#7 85.98 Setting up node-babel-plugin-add-module-exports (1.0.4+dfsg1~cs5.8.0-4) ...
#7 85.99 Setting up node-decompress-response (6.0.0-3) ...
#7 85.99 Setting up node-strip-eof (3.0.0-5) ...
#7 85.99 Setting up node-process-nextick-args (2.0.1-3) ...
#7 86.00 Setting up node-has-unicode (2.0.1-5) ...
#7 86.00 Setting up libuv1-dev:arm64 (1.50.0-2) ...
#7 86.01 Setting up node-readable-stream (3.6.0+~cs3.0.0-4) ...
#7 86.01 Setting up node-promise-retry (2.0.1-4) ...
#7 86.01 Setting up node-supports-color (8.1.1+~8.1.1-1) ...
#7 86.02 Setting up node-error-ex (1.3.2-4) ...
#7 86.02 Setting up node-once (1.4.1-1) ...
#7 86.02 Setting up node-webpack-sources (3.2.3+~3.2.0-2) ...
#7 86.03 Setting up node-n3 (1.16.3+~1.2.3+~1.10.4-1) ...
#7 86.03 Setting up python3.13 (3.13.5-2+deb13u2) ...
#7 86.53 Setting up node-serialize-javascript (6.0.2-1) ...
#7 86.54 Setting up node-are-we-there-yet (3.0.1+~1.1.0-1) ...
#7 86.54 Setting up node-find-up (6.3.0-7) ...
#7 86.54 Setting up node-kind-of (6.0.3+dfsg-2) ...
#7 86.55 Setting up python3 (3.13.5-1) ...
#7 86.56 running python rtupdate hooks for python3.13...
#7 86.56 running python post-rtupdate hooks for python3.13...
#7 86.59 Setting up libidn2-0:arm64 (2.3.8-2) ...
#7 86.60 Setting up node-is-binary-path (2.1.0-5) ...
#7 86.60 Setting up node-events (3.3.0+~3.0.0-3) ...
#7 86.60 Setting up node-minimist (1.2.8+~cs5.3.5-1) ...
#7 86.61 Setting up node-fancy-log (1.3.3+~cs1.3.1-2) ...
#7 86.61 Setting up node-define-property (2.0.2+really+2.0.2-3) ...
#7 86.61 Setting up node-promzard (0.3.0-2) ...
#7 86.62 Setting up node-wcwidth.js (1.0.2-2) ...
#7 86.62 Setting up node-resolve-cwd (3.0.0-2) ...
#7 86.63 Setting up node-fetch (3.3.2+~cs11.4.11-3) ...
#7 86.63 Setting up node-babel7-runtime (7.20.15+ds1+~cs214.269.168-8) ...
#7 86.63 Setting up node-iconv-lite (0.6.3-3) ...
#7 86.64 Setting up node-type-check (0.4.0+dfsg-3) ...
#7 86.64 Setting up python3-packaging (25.0-1) ...
#7 86.70 Setting up node-ansi-styles (6.2.1-3) ...
#7 86.71 Setting up node-pkg-dir (5.0.0-2) ...
#7 86.71 Setting up node-got (11.8.5+~cs58.13.36-5) ...
#7 86.72 Setting up libgssapi-krb5-2:arm64 (1.21.3-5+deb13u1) ...
#7 86.72 Setting up node-optimist (0.6.1+~0.0.30-2) ...
#7 86.73 Setting up node-spdx-expression-parse (3.0.1+~3.0.1-1) ...
#7 86.73 Setting up node-concat-stream (2.0.0+~2.0.0-2) ...
#7 86.73 Setting up node-is-typedarray (1.0.0-4) ...
#7 86.74 Setting up node-inflight (1.0.6-2) ...
#7 86.74 Setting up node-encoding (0.1.13-2) ...
#7 86.74 Setting up node-slice-ansi (5.0.0+~cs9.0.0-5) ...
#7 86.75 Setting up node-fs-write-stream-atomic (1.0.10-6) ...
#7 86.75 Setting up gyp (0.16.2-2) ...
#7 86.87 Setting up libgnutls30t64:arm64 (3.8.9-3+deb13u4) ...
#7 86.87 Setting up node-regenerator-transform (0.15.2+~0.10.8-1) ...
#7 86.88 Setting up libpsl5t64:arm64 (0.21.2-1.1+b1) ...
#7 86.88 Setting up node-levn (0.4.1+dfsg-2) ...
#7 86.88 Setting up node-spdx-correct (3.1.1-2) ...
#7 86.89 Setting up node-glob (8.1.0+~cs8.5.15-1) ...
#7 86.89 Setting up librtmp1:arm64 (2.4+20151223.gitfa8646d.1-2+b5) ...
#7 86.89 Setting up node-typedarray-to-buffer (4.0.0-2) ...
#7 86.90 Setting up node-minipass (5.0.0+~cs10.3.21-3) ...
#7 86.90 Setting up node-validate-npm-package-license (3.0.4-2) ...
#7 86.90 Setting up node-optionator (0.9.1+dfsg+~cs1.2.3-1) ...
#7 86.91 Setting up node-ssri (9.0.1-3) ...
#7 86.92 Setting up node-write-file-atomic (4.0.2+~4.0.0-2) ...
#7 86.92 Setting up libcurl4t64:arm64 (8.14.1-2+deb13u3) ...
#7 86.92 Setting up curl (8.14.1-2+deb13u3) ...
#7 86.93 Setting up node-corepack (0.24.0-5) ...
#7 86.93 Setting up node-define-properties (1.2.1+~cs2.2.3-1) ...
#7 86.94 Setting up node-acorn (8.8.1+ds+~cs25.17.7-2) ...
#7 86.94 Setting up node-espree (9.4.1~dfsg-2) ...
#7 86.95 Setting up node-debbundle-es-to-primitive (1.2.1+~cs9.7.25-2) ...
#7 86.95 Setting up libnode115:arm64 (20.19.2+dfsg-1+deb13u2) ...
#7 86.96 Setting up libnode-dev (20.19.2+dfsg-1+deb13u2) ...
#7 86.96 Setting up nodejs (20.19.2+dfsg-1+deb13u2) ...
#7 86.97 update-alternatives: using /usr/bin/nodejs to provide /usr/bin/js (js) in auto mode
#7 86.97 update-alternatives: warning: skip creation of /usr/share/man/man1/js.1.gz because associated file /usr/share/man/man1/nodejs.1.gz (of link group js) doesn't exist
#7 86.97 Setting up node-argparse (2.0.1-2) ...
#7 86.97 Setting up terser (5.38.0-1) ...
#7 86.98 Setting up node-mime (3.0.0+dfsg+~cs6.97.2-2) ...
#7 86.98 Setting up node-source-map-support (0.5.21+ds+~0.5.10-1) ...
#7 86.99 Setting up node-unique-filename (1.1.1+ds-2) ...
#7 86.99 Setting up node-unicode-match-property-ecmascript (2.0.0-2) ...
#7 86.99 Setting up node-defined (1.0.1+~1.0.0-1) ...
#7 87.00 Setting up node-mime-types (2.1.35-2) ...
#7 87.00 Setting up node-ansi-escapes (5.0.0+really.4.3.1-1) ...
#7 87.00 Setting up node-strip-ansi (6.0.1-2) ...
#7 87.01 Setting up node-write (2.0.0~6.0.1+~3.0.4+~2.0.0+~1.0.0+~2.0.1-1) ...
#7 87.01 Setting up node-ignore (5.2.1-1) ...
#7 87.01 Setting up node-chalk (5.3.0-1) ...
#7 87.02 Setting up node-which (2.0.2+~cs1.3.2-3) ...
#7 87.02 Setting up node-css-selector-tokenizer (0.8.0+~cs4.8.3-1) ...
#7 87.02 Setting up node-esprima (4.0.1+ds+~4.0.3-2) ...
#7 87.03 Setting up node-is-path-inside (3.0.3-2) ...
#7 87.03 Setting up node-neo-async (2.6.2+~cs3.0.0-3) ...
#7 87.04 Setting up node-mkdirp (2.1.6+~cs5.2.1-2) ...
#7 87.04 Setting up node-es6-error (4.1.1-5) ...
#7 87.04 Setting up node-archy (1.0.0-6) ...
#7 87.05 Setting up node-js-yaml (4.1.0+dfsg+~4.0.5-7) ...
#7 87.05 Setting up node-nopt (5.0.0-4) ...
#7 87.05 Setting up node-lodash (4.17.21+dfsg+~cs8.31.198.20210220-9) ...
#7 87.06 Setting up node-progress (2.0.3-2) ...
#7 87.06 Setting up node-json5 (2.2.3+dfsg-1) ...
#7 87.06 Setting up node-ms (2.1.3+~cs0.7.31-3) ...
#7 87.07 Setting up node-rimraf (3.0.2-2) ...
#7 87.07 Setting up node-string-width (4.2.3+~cs13.2.3-1) ...
#7 87.07 Setting up node-regenerate (1.4.2-3) ...
#7 87.08 Setting up node-semver (7.6.1+~7.5.8-2) ...
#7 87.08 Setting up node-picocolors (1.0.0-4) ...
#7 87.08 Setting up node-es-abstract (1.20.4+~cs26.27.47-2) ...
#7 87.09 Setting up node-builtins (5.0.1-1) ...
#7 87.09 Setting up handlebars (3:4.7.7+~4.1.0-1) ...
#7 87.10 Setting up node-object-assign (4.1.1-7) ...
#7 87.10 Setting up node-is-glob (4.0.3-2) ...
#7 87.10 Setting up node-v8-compile-cache (2.4.0-2) ...
#7 87.11 Setting up node-flat-cache (3.0.4~6.0.1+~3.0.4+~2.0.0+~1.0.0+~2.0.1-1) ...
#7 87.11 Setting up node-is-number (7.0.0-4) ...
#7 87.11 Setting up node-babel-plugin-polyfill-corejs2 (0.3.3~0~20220913+ds1-1) ...
#7 87.12 Setting up node-for-in (1.0.2-4) ...
#7 87.12 Setting up node-webassemblyjs (1.11.4+dfsg+~cs10.11.17-2) ...
#7 87.13 Setting up node-execa (8.0.1+dfsg1+~cs12.0.0-1) ...
#7 87.13 Setting up node-strip-json-comments (4.0.0-4) ...
#7 87.14 Setting up node-is-extendable (1.0.1-3) ...
#7 87.14 Setting up node-columnify (1.6.0+~1.5.1-1) ...
#7 87.14 Setting up node-doctrine (3.0.0-4) ...
#7 87.15 Setting up node-copy-concurrently (1.0.5-9) ...
#7 87.15 Setting up node-ajv (8.12.0~ds+~2.1.1-5) ...
#7 87.15 Setting up node-jsesc (3.0.2+~3.0.1-1) ...
#7 87.16 Setting up node-regjsparser (0.9.1+ds-2) ...
#7 87.16 Setting up node-errno (1.0.0-3) ...
#7 87.17 Setting up node-decamelize (4.0.0-2) ...
#7 87.17 Setting up node-move-concurrently (1.0.1-5) ...
#7 87.17 Setting up node-normalize-path (3.0.0+~3.0.0-1) ...
#7 87.17 Setting up node-functional-red-black-tree (1.0.1+20181105-7) ...
#7 87.18 Setting up node-debug (4.3.4+~cs4.1.7-1) ...
#7 87.18 Setting up node-agent-base (7.1.1~0~2024040606-6+deb13u1) ...
#7 87.19 Setting up node-browserslist (4.25.0+~cs6.3.22-1) ...
#7 87.19 Setting up node-yargs-parser (21.1.1+~21.0.0-4) ...
#7 87.19 Setting up node-make-dir (3.1.0-3) ...
#7 87.20 Setting up node-validate-npm-package-name (5.0.0+~4.0.0-1) ...
#7 87.20 Setting up node-esrecurse (4.3.0-2) ...
#7 87.20 Setting up node-file-entry-cache (6.0.1+~3.0.4+~2.0.0+~1.0.0+~2.0.1-1) ...
#7 87.20 Setting up node-wrap-ansi (8.0.1+~8.0.1-3) ...
#7 87.21 Setting up node-normalize-package-data (4.0.1+~2.4.1-1) ...
#7 87.21 Setting up node-for-own (1.0.0-3) ...
#7 87.21 Setting up node-eslint-scope (7.1.1+~3.7.4-1) ...
#7 87.22 Setting up node-escodegen (2.1.0+dfsg+~0.0.8-1) ...
#7 87.22 Setting up node-memory-fs (0.5.0+~0.3.3-2) ...
#7 87.22 Setting up node-babel-helper-define-polyfill-provider (0.3.3~0~20220913+ds1-1) ...
#7 87.23 Setting up node-cli-table (0.3.11+~cs0.13.4-3) ...
#7 87.24 Setting up node-tar (6.2.1+~cs7.0.8-1+deb13u1) ...
#7 87.24 Setting up node-regenerate-unicode-properties (10.1.0+ds-1) ...
#7 87.24 Setting up node-glob-parent (6.0.2+~5.1.1-2) ...
#7 87.25 Setting up node-enhanced-resolve (5.15.0-1) ...
#7 87.25 Setting up node-postcss (8.4.49+~cs9.2.32-1) ...
#7 87.25 Setting up node-wide-align (1.1.3-4) ...
#7 87.26 Setting up node-npm-package-arg (10.0.0+~3.0.0-2) ...
#7 87.26 Setting up node-anymatch (3.1.3+~cs4.6.1-2) ...
#7 87.26 Setting up node-postcss-modules-extract-imports (3.0.0-2) ...
#7 87.27 Setting up node-read-pkg (5.2.0-2) ...
#7 87.27 Setting up node-https-proxy-agent (7.0.4~0~2024040606-6+deb13u1) ...
#7 87.27 Setting up node-cliui (7.0.4+repack+1+~cs1.4.2-2) ...
#7 87.28 Setting up node-regexpu-core (5.2.2-3) ...
#7 87.28 Setting up node-yargs (16.2.0+~16.0.4-7) ...
#7 87.29 Setting up node-to-regex-range (5.0.1-4) ...
#7 87.29 Setting up node-cacache (17.0.3+~cs10.3.7-2) ...
#7 87.29 Setting up node-envinfo (7.11.0+~cs14.3.0-3) ...
#7 87.29 Setting up node-ajv-keywords (5.1.0-4) ...
#7 87.30 Setting up node-read-package-json (5.0.2+~2.0.0-2) ...
#7 87.30 Setting up node-core-js-compat (3.33.2-1) ...
#7 87.30 Setting up node-http-proxy-agent (7.0.2~0~2024040606-6+deb13u1) ...
#7 87.31 Setting up node-clone-deep (4.0.1+~cs7.0.2-1) ...
#7 87.31 Setting up eslint (6.4.0~dfsg+~6.1.9-12) ...
#7 87.31 Setting up node-babel-plugin-polyfill-regenerator (0.4.1~0~20220913+ds1-1) ...
#7 87.32 Setting up node-gauge (4.0.4-2) ...
#7 87.32 Setting up node-readdirp (3.6.0-1) ...
#7 87.32 Setting up node-icss-utils (5.1.0+~5.1.0-1) ...
#7 87.33 Setting up node-npm-bundled (2.0.1-2) ...
#7 87.33 Setting up node-schema-utils (4.2.0~ds-3) ...
#7 87.33 Setting up node-jest-worker (29.6.2~ds1+~cs73.45.28-5) ...
#7 87.34 Setting up node-npmlog (7.0.1+~4.1.4-1) ...
#7 87.34 Setting up node-babel-plugin-polyfill-corejs3 (0.6.0~0~20220913+ds1-1) ...
#7 87.34 Setting up node-postcss-modules-values (4.0.0+~4.0.0-1) ...
#7 87.35 Setting up node-fill-range (7.1.1+~7.0.3-1) ...
#7 87.35 Setting up node-gyp (11.1.0+~5.0.0-1) ...
#7 87.35 Setting up node-braces (3.0.3+~3.0.5-1) ...
#7 87.36 Setting up node-chokidar (3.6.0-3) ...
#7 87.36 Setting up node-watchpack (2.4.0+~cs2.8.1-1) ...
#7 87.36 Setting up node-micromatch (4.0.7+~4.0.9-1) ...
#7 87.37 Setting up node-globby (13.1.3+~cs16.25.40-3) ...
#7 87.37 Setting up node-del (7.1.0-1) ...
#7 87.37 Setting up node-find-cache-dir (3.3.2+~3.2.1-1) ...
#7 87.38 Setting up node-istanbul (0.4.5+repack10+~cs98.25.59-3) ...
#7 87.38 Setting up node-tape (5.6.1+~cs8.20.19-3) ...
#7 87.38 Setting up node-babel7 (7.20.15+ds1+~cs214.269.168-8) ...
#7 87.39 update-alternatives: using /usr/bin/babeljs-7 to provide /usr/bin/babeljs (babeljs) in auto mode
#7 87.39 update-alternatives: using /usr/bin/babeljs-7-external-helpers to provide /usr/bin/babeljs-external-helpers (babeljs-external-helpers) in auto mode
#7 87.39 update-alternatives: using /usr/bin/babeljs-7-node to provide /usr/bin/babeljs-node (babeljs-node) in auto mode
#7 87.39 update-alternatives: using /usr/bin/babeljs-7-parser to provide /usr/bin/babeljs-parser (babeljs-parser) in auto mode
#7 87.40 Setting up node-deep-equal (2.2.3+~cs43.15.94-1) ...
#7 87.40 Setting up libjs-util (0.12.5+~1.0.10-1) ...
#7 87.40 Setting up node-babel-plugin-lodash (3.3.4+~cs2.0.1-7) ...
#7 87.41 Setting up node-jest-debbundle (29.6.2~ds1+~cs73.45.28-5) ...
#7 87.41 Setting up node-util (0.12.5+~1.0.10-1) ...
#7 87.41 Setting up webpack (5.97.1+dfsg1+~cs11.18.27-3) ...
#7 87.42 Setting up node-assert (2.0.0+~cs3.9.8-2) ...
#7 87.42 Setting up node-css-loader (6.8.1+~cs14.0.17-1) ...
#7 87.42 Setting up node-parse-json (5.2.0+~cs5.1.7-2) ...
#7 87.43 Setting up npm (9.2.0~ds1-3) ...
#7 87.43 Processing triggers for libc-bin (2.41-12+deb13u3) ...
#7 87.86 
#7 87.86 added 1 package in 181ms
#7 87.99   installing : node-v22.23.1
#7 88.18        mkdir : /usr/local/n/versions/node/22.23.1
#7 88.19        fetch : https://nodejs.org/dist/v22.23.1/node-v22.23.1-linux-arm64.tar.gz
#7 ...

#8 [runtime  3/29] RUN apt-get update     && apt-get install -y --no-install-recommends       build-essential       ca-certificates       curl       git       nodejs       npm       ripgrep     && rm -rf /var/lib/apt/lists/*
#8 88.53 Get:48 http://deb.debian.org/debian trixie/main arm64 gcc-14 arm64 14.2.0-19 [529 kB]
#8 89.19 Get:49 http://deb.debian.org/debian trixie/main arm64 gcc-aarch64-linux-gnu arm64 4:14.2.0-1 [1440 B]
#8 89.19 Get:50 http://deb.debian.org/debian trixie/main arm64 gcc arm64 4:14.2.0-1 [5136 B]
#8 89.24 Get:51 http://deb.debian.org/debian trixie/main arm64 libstdc++-14-dev arm64 14.2.0-19 [2295 kB]
#8 97.88 Get:52 http://deb.debian.org/debian trixie/main arm64 g++-14-aarch64-linux-gnu arm64 14.2.0-19 [10.1 MB]
#8 ...

#7 [frontend  3/13] RUN apt-get update     && apt-get install -y --no-install-recommends       ca-certificates       curl       nodejs       npm     && rm -rf /var/lib/apt/lists/*     && npm install -g n     && n 22
#7 102.7      copying : node/22.23.1
#7 103.7    installed : v22.23.1 (with npm 10.9.8)
#7 103.7 
#7 103.7 Note: the node command changed location and the old location may be remembered in your current shell.
#7 103.7          old : /usr/bin/node
#7 103.7          new : /usr/local/bin/node
#7 103.7 If "node --version" shows the old version then start a new shell, or reset the location hash with:
#7 103.7 hash -r  (for bash, zsh, ash, dash, and ksh)
#7 103.7 rehash   (for csh and tcsh)
#7 DONE 104.8s

#8 [runtime  3/29] RUN apt-get update     && apt-get install -y --no-install-recommends       build-essential       ca-certificates       curl       git       nodejs       npm       ripgrep     && rm -rf /var/lib/apt/lists/*
#8 ...

#9 [frontend  4/13] COPY pyproject.toml ./
#9 DONE 0.2s

#8 [runtime  3/29] RUN apt-get update     && apt-get install -y --no-install-recommends       build-essential       ca-certificates       curl       git       nodejs       npm       ripgrep     && rm -rf /var/lib/apt/lists/*
#8 ...

#10 [frontend  5/13] COPY src ./src
#10 DONE 0.1s

#11 [frontend  6/13] COPY scripts ./scripts
#11 DONE 0.0s

#12 [frontend  7/13] COPY config ./config
#12 DONE 0.0s

#13 [frontend  8/13] COPY generated ./generated
#13 DONE 0.1s

#14 [frontend  9/13] RUN python3 -m venv .venv     && .venv/bin/python -m pip install --upgrade pip     && .venv/bin/python -m pip install -e .
#14 1.873 Requirement already satisfied: pip in ./.venv/lib/python3.12/site-packages (25.0.1)
#14 2.959 Collecting pip
#14 3.004   Downloading pip-26.1.2-py3-none-any.whl.metadata (4.6 kB)
#14 3.026 Downloading pip-26.1.2-py3-none-any.whl (1.8 MB)
#14 4.653    ━━━━━━━━━━━━━━━━━━━━━━━━━━━━━━━━━━━━━━━━ 1.8/1.8 MB 1.0 MB/s eta 0:00:00
#14 4.668 Installing collected packages: pip
#14 4.668   Attempting uninstall: pip
#14 4.670     Found existing installation: pip 25.0.1
#14 4.691     Uninstalling pip-25.0.1:
#14 4.694       Successfully uninstalled pip-25.0.1
#14 5.131 Successfully installed pip-26.1.2
#14 5.321 Obtaining file:///app
#14 5.322   Installing build dependencies: started
#14 5.924   Installing build dependencies: finished with status 'done'
#14 5.925   Checking if build backend supports build_editable: started
#14 6.145   Checking if build backend supports build_editable: finished with status 'done'
#14 6.146   Getting requirements to build editable: started
#14 6.303   Getting requirements to build editable: finished with status 'done'
#14 6.304   Preparing editable metadata (pyproject.toml): started
#14 6.394   Preparing editable metadata (pyproject.toml): finished with status 'done'
#14 7.044 Collecting floodlight==1.2.0 (from entrelineas-tactical-evidence==0.1.0)
#14 7.172   Downloading floodlight-1.2.0-py3-none-any.whl.metadata (9.9 kB)
#14 7.464 Collecting lxml<6,>=5.3 (from entrelineas-tactical-evidence==0.1.0)
#14 7.471   Downloading lxml-5.4.0-cp312-cp312-manylinux_2_28_aarch64.whl.metadata (3.5 kB)
#14 7.489 Collecting mcp<2,>=1.24 (from entrelineas-tactical-evidence==0.1.0)
#14 7.496   Downloading mcp-1.28.1-py3-none-any.whl.metadata (9.4 kB)
#14 7.628 Collecting pandas<3,>=2.3 (from entrelineas-tactical-evidence==0.1.0)
#14 7.665   Downloading pandas-2.3.3-cp312-cp312-manylinux_2_24_aarch64.manylinux_2_28_aarch64.whl.metadata (91 kB)
#14 ...

#8 [runtime  3/29] RUN apt-get update     && apt-get install -y --no-install-recommends       build-essential       ca-certificates       curl       git       nodejs       npm       ripgrep     && rm -rf /var/lib/apt/lists/*
#8 113.5 Get:53 http://deb.debian.org/debian trixie/main arm64 g++-14 arm64 14.2.0-19 [22.5 kB]
#8 113.5 Get:54 http://deb.debian.org/debian trixie/main arm64 g++-aarch64-linux-gnu arm64 4:14.2.0-1 [1200 B]
#8 113.5 Get:55 http://deb.debian.org/debian trixie/main arm64 g++ arm64 4:14.2.0-1 [1332 B]
#8 113.5 Get:56 http://deb.debian.org/debian trixie/main arm64 make arm64 4.4.1-2 [452 kB]
#8 113.9 Get:57 http://deb.debian.org/debian trixie/main arm64 libdpkg-perl all 1.22.22 [651 kB]
#8 114.6 Get:58 http://deb.debian.org/debian trixie/main arm64 patch arm64 2.8-2 [128 kB]
#8 114.9 Get:59 http://deb.debian.org/debian trixie/main arm64 dpkg-dev all 1.22.22 [1337 kB]
#8 116.1 Get:60 http://deb.debian.org/debian trixie/main arm64 build-essential arm64 12.12 [4624 B]
#8 116.1 Get:61 http://deb.debian.org/debian trixie/main arm64 libbrotli1 arm64 1.1.0-2+b7 [308 kB]
#8 116.4 Get:62 http://deb.debian.org/debian-security trixie-security/main arm64 libkrb5support0 arm64 1.21.3-5+deb13u1 [32.5 kB]
#8 116.4 Get:63 http://deb.debian.org/debian trixie/main arm64 libcom-err2 arm64 1.47.2-3+b11 [24.9 kB]
#8 116.4 Get:64 http://deb.debian.org/debian-security trixie-security/main arm64 libk5crypto3 arm64 1.21.3-5+deb13u1 [81.4 kB]
#8 116.5 Get:65 http://deb.debian.org/debian trixie/main arm64 libkeyutils1 arm64 1.6.3-6 [9716 B]
#8 116.5 Get:66 http://deb.debian.org/debian-security trixie-security/main arm64 libkrb5-3 arm64 1.21.3-5+deb13u1 [308 kB]
#8 117.0 Get:67 http://deb.debian.org/debian-security trixie-security/main arm64 libgssapi-krb5-2 arm64 1.21.3-5+deb13u1 [128 kB]
#8 117.1 Get:68 http://deb.debian.org/debian trixie/main arm64 libunistring5 arm64 1.3-2 [453 kB]
#8 117.5 Get:69 http://deb.debian.org/debian trixie/main arm64 libidn2-0 arm64 2.3.8-2 [107 kB]
#8 117.7 Get:70 http://deb.debian.org/debian trixie/main arm64 libsasl2-modules-db arm64 2.1.28+dfsg1-9 [20.1 kB]
#8 117.7 Get:71 http://deb.debian.org/debian trixie/main arm64 libsasl2-2 arm64 2.1.28+dfsg1-9 [55.6 kB]
#8 117.8 Get:72 http://deb.debian.org/debian trixie/main arm64 libldap2 arm64 2.6.10+dfsg-1 [179 kB]
#8 118.1 Get:73 http://deb.debian.org/debian-security trixie-security/main arm64 libnghttp2-14 arm64 1.64.0-1.1+deb13u1 [71.6 kB]
#8 118.2 Get:74 http://deb.debian.org/debian trixie/main arm64 libnghttp3-9 arm64 1.8.0-1 [63.2 kB]
#8 118.3 Get:75 http://deb.debian.org/debian trixie/main arm64 libpsl5t64 arm64 0.21.2-1.1+b1 [57.1 kB]
#8 118.3 Get:76 http://deb.debian.org/debian trixie/main arm64 libp11-kit0 arm64 0.25.5-3 [409 kB]
#8 119.2 Get:77 http://deb.debian.org/debian trixie/main arm64 libtasn1-6 arm64 4.20.0-2 [47.3 kB]
#8 119.3 Get:78 http://deb.debian.org/debian-security trixie-security/main arm64 libgnutls30t64 arm64 3.8.9-3+deb13u4 [1379 kB]
#8 ...

#14 [frontend  9/13] RUN python3 -m venv .venv     && .venv/bin/python -m pip install --upgrade pip     && .venv/bin/python -m pip install -e .
#14 8.379 Collecting pillow<13,>=12 (from entrelineas-tactical-evidence==0.1.0)
#14 8.388   Downloading pillow-12.3.0-cp312-cp312-manylinux_2_27_aarch64.manylinux_2_28_aarch64.whl.metadata (9.1 kB)
#14 8.637 Collecting pyarrow==24.0.0 (from entrelineas-tactical-evidence==0.1.0)
#14 8.645   Downloading pyarrow-24.0.0-cp312-cp312-manylinux_2_28_aarch64.whl.metadata (3.0 kB)
#14 9.005 Collecting pydantic==2.12.5 (from entrelineas-tactical-evidence==0.1.0)
#14 9.015   Downloading pydantic-2.12.5-py3-none-any.whl.metadata (90 kB)
#14 9.178 Collecting PyYAML<7,>=6.0 (from entrelineas-tactical-evidence==0.1.0)
#14 9.188   Downloading pyyaml-6.0.3-cp312-cp312-manylinux2014_aarch64.manylinux_2_17_aarch64.manylinux_2_28_aarch64.whl.metadata (2.4 kB)
#14 9.389 Collecting h5py<4.0.0,>=3.11.0 (from floodlight==1.2.0->entrelineas-tactical-evidence==0.1.0)
#14 9.408   Downloading h5py-3.16.0-cp312-cp312-manylinux_2_28_aarch64.whl.metadata (3.0 kB)
#14 9.433 Collecting iso8601<3.0.0,>=2.1.0 (from floodlight==1.2.0->entrelineas-tactical-evidence==0.1.0)
#14 9.452   Downloading iso8601-2.1.0-py3-none-any.whl.metadata (3.7 kB)
#14 9.932 Collecting matplotlib<4.0.0,>=3.9.2 (from floodlight==1.2.0->entrelineas-tactical-evidence==0.1.0)
#14 9.941   Downloading matplotlib-3.11.0-cp312-cp312-manylinux_2_26_aarch64.manylinux_2_28_aarch64.whl.metadata (80 kB)
#14 10.66 Collecting numpy<3.0.0,>=2.1.1 (from floodlight==1.2.0->entrelineas-tactical-evidence==0.1.0)
#14 10.67   Downloading numpy-2.5.1-cp312-cp312-manylinux_2_27_aarch64.manylinux_2_28_aarch64.whl.metadata (6.6 kB)
#14 10.77 Collecting pytz<2026.0,>=2025.1 (from floodlight==1.2.0->entrelineas-tactical-evidence==0.1.0)
#14 10.78   Downloading pytz-2025.2-py2.py3-none-any.whl.metadata (22 kB)
#14 11.18 Collecting scipy<2.0.0,>=1.14.1 (from floodlight==1.2.0->entrelineas-tactical-evidence==0.1.0)
#14 11.19   Downloading scipy-1.18.0-cp312-cp312-manylinux_2_27_aarch64.manylinux_2_28_aarch64.whl.metadata (62 kB)
#14 11.33 Collecting annotated-types>=0.6.0 (from pydantic==2.12.5->entrelineas-tactical-evidence==0.1.0)
#14 11.34   Downloading annotated_types-0.7.0-py3-none-any.whl.metadata (15 kB)
#14 13.45 Collecting pydantic-core==2.41.5 (from pydantic==2.12.5->entrelineas-tactical-evidence==0.1.0)
#14 13.46   Downloading pydantic_core-2.41.5-cp312-cp312-manylinux_2_17_aarch64.manylinux2014_aarch64.whl.metadata (7.3 kB)
#14 13.49 Collecting typing-extensions>=4.14.1 (from pydantic==2.12.5->entrelineas-tactical-evidence==0.1.0)
#14 13.50   Downloading typing_extensions-4.16.0-py3-none-any.whl.metadata (3.3 kB)
#14 13.51 Collecting typing-inspection>=0.4.2 (from pydantic==2.12.5->entrelineas-tactical-evidence==0.1.0)
#14 13.52   Downloading typing_inspection-0.4.2-py3-none-any.whl.metadata (2.6 kB)
#14 13.65 Collecting contourpy>=1.0.1 (from matplotlib<4.0.0,>=3.9.2->floodlight==1.2.0->entrelineas-tactical-evidence==0.1.0)
#14 13.66   Downloading contourpy-1.3.3-cp312-cp312-manylinux_2_26_aarch64.manylinux_2_28_aarch64.whl.metadata (5.5 kB)
#14 13.68 Collecting cycler>=0.10 (from matplotlib<4.0.0,>=3.9.2->floodlight==1.2.0->entrelineas-tactical-evidence==0.1.0)
#14 13.68   Downloading cycler-0.12.1-py3-none-any.whl.metadata (3.8 kB)
#14 14.11 Collecting fonttools>=4.22.0 (from matplotlib<4.0.0,>=3.9.2->floodlight==1.2.0->entrelineas-tactical-evidence==0.1.0)
#14 14.12   Downloading fonttools-4.63.0-cp312-cp312-manylinux2014_aarch64.manylinux_2_17_aarch64.manylinux_2_28_aarch64.whl.metadata (118 kB)
#14 19.02 Collecting kiwisolver>=1.3.1 (from matplotlib<4.0.0,>=3.9.2->floodlight==1.2.0->entrelineas-tactical-evidence==0.1.0)
#14 19.03   Downloading kiwisolver-1.5.0-cp312-cp312-manylinux_2_24_aarch64.manylinux_2_28_aarch64.whl.metadata (5.1 kB)
#14 19.22 Collecting packaging>=20.0 (from matplotlib<4.0.0,>=3.9.2->floodlight==1.2.0->entrelineas-tactical-evidence==0.1.0)
#14 19.23   Downloading packaging-26.2-py3-none-any.whl.metadata (3.5 kB)
#14 19.34 Collecting pyparsing>=3 (from matplotlib<4.0.0,>=3.9.2->floodlight==1.2.0->entrelineas-tactical-evidence==0.1.0)
#14 19.35   Downloading pyparsing-3.3.2-py3-none-any.whl.metadata (5.8 kB)
#14 19.38 Collecting python-dateutil>=2.7 (from matplotlib<4.0.0,>=3.9.2->floodlight==1.2.0->entrelineas-tactical-evidence==0.1.0)
#14 19.39   Downloading python_dateutil-2.9.0.post0-py2.py3-none-any.whl.metadata (8.4 kB)
#14 19.45 Collecting anyio>=4.5 (from mcp<2,>=1.24->entrelineas-tactical-evidence==0.1.0)
#14 19.45   Downloading anyio-4.14.1-py3-none-any.whl.metadata (4.6 kB)
#14 19.47 Collecting httpx-sse>=0.4 (from mcp<2,>=1.24->entrelineas-tactical-evidence==0.1.0)
#14 19.48   Downloading httpx_sse-0.4.3-py3-none-any.whl.metadata (9.7 kB)
#14 19.53 Collecting httpx<1.0.0,>=0.27.1 (from mcp<2,>=1.24->entrelineas-tactical-evidence==0.1.0)
#14 19.54   Downloading httpx-0.28.1-py3-none-any.whl.metadata (7.1 kB)
#14 ...

#8 [runtime  3/29] RUN apt-get update     && apt-get install -y --no-install-recommends       build-essential       ca-certificates       curl       git       nodejs       npm       ripgrep     && rm -rf /var/lib/apt/lists/*
#8 124.7 Get:79 http://deb.debian.org/debian trixie/main arm64 librtmp1 arm64 2.4+20151223.gitfa8646d.1-2+b5 [56.8 kB]
#8 124.7 Get:80 http://deb.debian.org/debian-security trixie-security/main arm64 libssh2-1t64 arm64 1.11.1-1+deb13u1 [236 kB]
#8 124.8 Get:81 http://deb.debian.org/debian trixie/main arm64 libcurl4t64 arm64 8.14.1-2+deb13u3 [359 kB]
#8 125.0 Get:82 http://deb.debian.org/debian trixie/main arm64 curl arm64 8.14.1-2+deb13u3 [262 kB]
#8 125.0 Get:83 http://deb.debian.org/debian trixie/main arm64 node-fast-deep-equal all 3.1.3-3 [5768 B]
#8 125.1 Get:84 http://deb.debian.org/debian trixie/main arm64 node-json-schema-traverse all 1.0.0-3 [6308 B]
#8 125.1 Get:85 http://deb.debian.org/debian trixie/main arm64 node-jsonify all 0.0.1-1 [8704 B]
#8 125.1 Get:86 http://deb.debian.org/debian trixie/main arm64 node-json-stable-stringify all 1.0.2+repack1+~cs1.0.34-2 [9496 B]
#8 125.1 Get:87 http://deb.debian.org/debian trixie/main arm64 node-punycode all 2.3.1+~2.1.4-1 [10.8 kB]
#8 125.1 Get:88 http://deb.debian.org/debian trixie/main arm64 node-uri-js all 4.4.0+dfsg-8 [47.3 kB]
#8 125.1 Get:89 http://deb.debian.org/debian trixie/main arm64 libcares2 arm64 1.34.5-1+deb13u1 [92.4 kB]
#8 125.1 Get:90 http://deb.debian.org/debian trixie/main arm64 libicu76 arm64 76.1-4 [9524 kB]
#8 ...

#14 [frontend  9/13] RUN python3 -m venv .venv     && .venv/bin/python -m pip install --upgrade pip     && .venv/bin/python -m pip install -e .
#14 19.62 Collecting jsonschema>=4.20.0 (from mcp<2,>=1.24->entrelineas-tactical-evidence==0.1.0)
#14 19.63   Downloading jsonschema-4.26.0-py3-none-any.whl.metadata (7.6 kB)
#14 19.65 Collecting pydantic-settings>=2.5.2 (from mcp<2,>=1.24->entrelineas-tactical-evidence==0.1.0)
#14 19.66   Downloading pydantic_settings-2.14.2-py3-none-any.whl.metadata (3.4 kB)
#14 19.72 Collecting pyjwt>=2.10.1 (from pyjwt[crypto]>=2.10.1->mcp<2,>=1.24->entrelineas-tactical-evidence==0.1.0)
#14 19.72   Downloading pyjwt-2.13.0-py3-none-any.whl.metadata (3.4 kB)
#14 19.75 Collecting python-multipart>=0.0.9 (from mcp<2,>=1.24->entrelineas-tactical-evidence==0.1.0)
#14 19.76   Downloading python_multipart-0.0.32-py3-none-any.whl.metadata (2.1 kB)
#14 19.79 Collecting sse-starlette>=1.6.1 (from mcp<2,>=1.24->entrelineas-tactical-evidence==0.1.0)
#14 19.81   Downloading sse_starlette-3.4.5-py3-none-any.whl.metadata (15 kB)
#14 19.87 Collecting starlette>=0.27 (from mcp<2,>=1.24->entrelineas-tactical-evidence==0.1.0)
#14 19.87   Downloading starlette-1.3.1-py3-none-any.whl.metadata (6.4 kB)
#14 19.94 Collecting uvicorn>=0.31.1 (from mcp<2,>=1.24->entrelineas-tactical-evidence==0.1.0)
#14 19.95   Downloading uvicorn-0.51.0-py3-none-any.whl.metadata (6.6 kB)
#14 20.00 Collecting certifi (from httpx<1.0.0,>=0.27.1->mcp<2,>=1.24->entrelineas-tactical-evidence==0.1.0)
#14 20.01   Downloading certifi-2026.6.17-py3-none-any.whl.metadata (2.5 kB)
#14 20.04 Collecting httpcore==1.* (from httpx<1.0.0,>=0.27.1->mcp<2,>=1.24->entrelineas-tactical-evidence==0.1.0)
#14 20.04   Downloading httpcore-1.0.9-py3-none-any.whl.metadata (21 kB)
#14 20.09 Collecting idna (from httpx<1.0.0,>=0.27.1->mcp<2,>=1.24->entrelineas-tactical-evidence==0.1.0)
#14 20.10   Downloading idna-3.18-py3-none-any.whl.metadata (6.1 kB)
#14 20.13 Collecting h11>=0.16 (from httpcore==1.*->httpx<1.0.0,>=0.27.1->mcp<2,>=1.24->entrelineas-tactical-evidence==0.1.0)
#14 20.14   Downloading h11-0.16.0-py3-none-any.whl.metadata (8.3 kB)
#14 20.17 Collecting tzdata>=2022.7 (from pandas<3,>=2.3->entrelineas-tactical-evidence==0.1.0)
#14 20.18   Downloading tzdata-2026.3-py2.py3-none-any.whl.metadata (1.4 kB)
#14 20.20 Collecting attrs>=22.2.0 (from jsonschema>=4.20.0->mcp<2,>=1.24->entrelineas-tactical-evidence==0.1.0)
#14 20.21   Downloading attrs-26.1.0-py3-none-any.whl.metadata (8.8 kB)
#14 20.24 Collecting jsonschema-specifications>=2023.03.6 (from jsonschema>=4.20.0->mcp<2,>=1.24->entrelineas-tactical-evidence==0.1.0)
#14 20.24   Downloading jsonschema_specifications-2025.9.1-py3-none-any.whl.metadata (2.9 kB)
#14 20.28 Collecting referencing>=0.28.4 (from jsonschema>=4.20.0->mcp<2,>=1.24->entrelineas-tactical-evidence==0.1.0)
#14 20.28   Downloading referencing-0.37.0-py3-none-any.whl.metadata (2.8 kB)
#14 21.01 Collecting rpds-py>=0.25.0 (from jsonschema>=4.20.0->mcp<2,>=1.24->entrelineas-tactical-evidence==0.1.0)
#14 21.02   Downloading rpds_py-2026.6.3-cp312-cp312-manylinux_2_17_aarch64.manylinux2014_aarch64.whl.metadata (4.1 kB)
#14 21.05 Collecting python-dotenv>=0.21.0 (from pydantic-settings>=2.5.2->mcp<2,>=1.24->entrelineas-tactical-evidence==0.1.0)
#14 21.06   Downloading python_dotenv-1.2.2-py3-none-any.whl.metadata (27 kB)
#14 21.73 Collecting cryptography>=3.4.0 (from pyjwt[crypto]>=2.10.1->mcp<2,>=1.24->entrelineas-tactical-evidence==0.1.0)
#14 21.74   Downloading cryptography-49.0.0-cp311-abi3-manylinux_2_34_aarch64.whl.metadata (4.3 kB)
#14 21.98 Collecting cffi>=2.0.0 (from cryptography>=3.4.0->pyjwt[crypto]>=2.10.1->mcp<2,>=1.24->entrelineas-tactical-evidence==0.1.0)
#14 21.99   Downloading cffi-2.1.0-cp312-cp312-manylinux2014_aarch64.manylinux_2_17_aarch64.whl.metadata (2.5 kB)
#14 22.00 Collecting pycparser (from cffi>=2.0.0->cryptography>=3.4.0->pyjwt[crypto]>=2.10.1->mcp<2,>=1.24->entrelineas-tactical-evidence==0.1.0)
#14 22.01   Downloading pycparser-3.0-py3-none-any.whl.metadata (8.2 kB)
#14 22.03 Collecting six>=1.5 (from python-dateutil>=2.7->matplotlib<4.0.0,>=3.9.2->floodlight==1.2.0->entrelineas-tactical-evidence==0.1.0)
#14 22.04   Downloading six-1.17.0-py2.py3-none-any.whl.metadata (1.7 kB)
#14 22.08 Collecting click>=7.0 (from uvicorn>=0.31.1->mcp<2,>=1.24->entrelineas-tactical-evidence==0.1.0)
#14 22.08   Downloading click-8.4.2-py3-none-any.whl.metadata (2.6 kB)
#14 22.19 Downloading floodlight-1.2.0-py3-none-any.whl (142 kB)
#14 22.27 Downloading pyarrow-24.0.0-cp312-cp312-manylinux_2_28_aarch64.whl (45.7 MB)
#14 ...

#8 [runtime  3/29] RUN apt-get update     && apt-get install -y --no-install-recommends       build-essential       ca-certificates       curl       git       nodejs       npm       ripgrep     && rm -rf /var/lib/apt/lists/*
#8 131.5 Get:91 http://deb.debian.org/debian trixie/main arm64 libuv1t64 arm64 1.50.0-2 [148 kB]
#8 131.6 Get:92 http://deb.debian.org/debian trixie/main arm64 node-xtend all 4.0.2-3 [3932 B]
#8 131.8 Get:93 http://deb.debian.org/debian trixie/main arm64 node-acorn all 8.8.1+ds+~cs25.17.7-2 [128 kB]
#8 131.9 Get:94 http://deb.debian.org/debian trixie/main arm64 node-cjs-module-lexer all 1.2.3+dfsg-1 [30.6 kB]
#8 131.9 Get:95 http://deb.debian.org/debian trixie/main arm64 node-balanced-match all 2.0.0-1 [4872 B]
#8 131.9 Get:96 http://deb.debian.org/debian trixie/main arm64 node-brace-expansion all 2.0.1+~1.1.0-2 [8012 B]
#8 131.9 Get:97 http://deb.debian.org/debian trixie/main arm64 node-minimatch all 9.0.3-6 [76.8 kB]
#8 132.0 Get:98 http://deb.debian.org/debian trixie/main arm64 node-undici all 7.3.0+dfsg1+~cs24.12.11-1 [333 kB]
#8 132.1 Get:99 http://deb.debian.org/debian trixie/main arm64 libnode115 arm64 20.19.2+dfsg-1+deb13u2 [10.9 MB]
#8 160.5 Get:100 http://deb.debian.org/debian trixie/main arm64 node-corepack all 0.24.0-5 [712 kB]
#8 162.5 Get:101 http://deb.debian.org/debian trixie/main arm64 nodejs arm64 20.19.2+dfsg-1+deb13u2 [354 kB]
#8 162.8 Get:102 http://deb.debian.org/debian trixie/main arm64 node-ajv all 8.12.0~ds+~2.1.1-5 [182 kB]
#8 163.5 Get:103 http://deb.debian.org/debian trixie/main arm64 libjs-inherits all 2.0.4-6 [3548 B]
#8 163.5 Get:104 http://deb.debian.org/debian trixie/main arm64 node-inherits all 2.0.4-6 [4548 B]
#8 163.5 Get:105 http://deb.debian.org/debian trixie/main arm64 node-core-util-is all 1.0.3-1 [4072 B]
#8 163.6 Get:106 http://deb.debian.org/debian trixie/main arm64 node-safe-buffer all 5.2.1+~cs2.1.2-3 [15.5 kB]
#8 163.6 Get:107 http://deb.debian.org/debian trixie/main arm64 node-string-decoder all 1.3.0-6 [7180 B]
#8 163.6 Get:108 http://deb.debian.org/debian trixie/main arm64 node-process-nextick-args all 2.0.1-3 [3816 B]
#8 163.6 Get:109 http://deb.debian.org/debian trixie/main arm64 node-util-deprecate all 1.0.2-3 [4436 B]
#8 163.6 Get:110 http://deb.debian.org/debian trixie/main arm64 node-isarray all 2.0.5-4 [4040 B]
#8 163.6 Get:111 http://deb.debian.org/debian trixie/main arm64 node-readable-stream all 3.6.0+~cs3.0.0-4 [32.0 kB]
#8 163.8 Get:112 http://deb.debian.org/debian trixie/main arm64 node-typedarray all 0.0.7-1 [11.4 kB]
#8 163.8 Get:113 http://deb.debian.org/debian trixie/main arm64 node-concat-stream all 2.0.0+~2.0.0-2 [6388 B]
#8 163.8 Get:114 http://deb.debian.org/debian trixie/main arm64 node-ms all 2.1.3+~cs0.7.31-3 [5648 B]
#8 163.8 Get:115 http://deb.debian.org/debian trixie/main arm64 node-debug all 4.3.4+~cs4.1.7-1 [18.1 kB]
#8 163.9 Get:116 http://deb.debian.org/debian trixie/main arm64 node-esutils all 2.0.3+~2.0.0-1 [12.4 kB]
#8 163.9 Get:117 http://deb.debian.org/debian trixie/main arm64 node-doctrine all 3.0.0-4 [19.9 kB]
#8 164.0 Get:118 http://deb.debian.org/debian trixie/main arm64 node-eslint-visitor-keys all 3.3.0+~1.0.0-1 [17.1 kB]
#8 164.0 Get:119 http://deb.debian.org/debian trixie/main arm64 node-estraverse all 5.3.0+ds+~5.1.1-1 [11.6 kB]
#8 164.0 Get:120 http://deb.debian.org/debian trixie/main arm64 node-object-assign all 4.1.1-7 [4684 B]
#8 164.0 Get:121 http://deb.debian.org/debian trixie/main arm64 node-esrecurse all 4.3.0-2 [6048 B]
#8 164.0 Get:122 http://deb.debian.org/debian trixie/main arm64 node-eslint-scope all 7.1.1+~3.7.4-1 [35.6 kB]
#8 164.1 Get:123 http://deb.debian.org/debian trixie/main arm64 node-espree all 9.4.1~dfsg-2 [41.1 kB]
#8 164.3 Get:124 http://deb.debian.org/debian trixie/main arm64 node-esquery all 1.4.2~ds-1 [24.9 kB]
#8 164.3 Get:125 http://deb.debian.org/debian trixie/main arm64 node-eslint-utils all 3.0.0-3 [15.5 kB]
#8 164.4 Get:126 http://deb.debian.org/debian trixie/main arm64 node-flatted all 3.2.7~ds-1+deb13u1 [10.3 kB]
#8 164.4 Get:127 http://deb.debian.org/debian trixie/main arm64 node-fs.realpath all 1.0.0-3 [6172 B]
#8 164.4 Get:128 http://deb.debian.org/debian trixie/main arm64 node-wrappy all 1.0.2-3 [3776 B]
#8 164.4 Get:129 http://deb.debian.org/debian trixie/main arm64 node-once all 1.4.1-1 [4624 B]
#8 164.4 Get:130 http://deb.debian.org/debian trixie/main arm64 node-inflight all 1.0.6-2 [3952 B]
#8 164.5 Get:131 http://deb.debian.org/debian trixie/main arm64 node-glob all 8.1.0+~cs8.5.15-1 [134 kB]
#8 165.2 Get:132 http://deb.debian.org/debian trixie/main arm64 node-rimraf all 3.0.2-2 [11.1 kB]
#8 165.2 Get:133 http://deb.debian.org/debian trixie/main arm64 node-write all 2.0.0~6.0.1+~3.0.4+~2.0.0+~1.0.0+~2.0.1-1 [17.9 kB]
#8 165.2 Get:134 http://deb.debian.org/debian trixie/main arm64 node-flat-cache all 3.0.4~6.0.1+~3.0.4+~2.0.0+~1.0.0+~2.0.1-1 [20.2 kB]
#8 165.2 Get:135 http://deb.debian.org/debian trixie/main arm64 node-file-entry-cache all 6.0.1+~3.0.4+~2.0.0+~1.0.0+~2.0.1-1 [15.3 kB]
#8 165.4 Get:136 http://deb.debian.org/debian trixie/main arm64 node-functional-red-black-tree all 1.0.1+20181105-7 [14.1 kB]
#8 165.4 Get:137 http://deb.debian.org/debian trixie/main arm64 node-is-extglob all 2.1.1-5 [4612 B]
#8 165.4 Get:138 http://deb.debian.org/debian trixie/main arm64 node-is-glob all 4.0.3-2 [6620 B]
#8 165.4 Get:139 http://deb.debian.org/debian trixie/main arm64 node-path-dirname all 1.0.2-2 [4312 B]
#8 165.4 Get:140 http://deb.debian.org/debian trixie/main arm64 node-glob-parent all 6.0.2+~5.1.1-2 [8784 B]
#8 165.6 Get:141 http://deb.debian.org/debian trixie/main arm64 node-globals all 13.23.0-1 [11.3 kB]
#8 165.6 Get:142 http://deb.debian.org/debian trixie/main arm64 node-resolve-from all 5.0.0+~3.1.0+~3.3.0+~2.0.0-1 [7292 B]
#8 165.6 Get:143 http://deb.debian.org/debian trixie/main arm64 node-imurmurhash all 0.1.4+dfsg+~0.1.1-2 [8412 B]
#8 165.6 Get:144 http://deb.debian.org/debian trixie/main arm64 node-ignore all 5.2.1-1 [26.4 kB]
#8 165.7 Get:145 http://deb.debian.org/debian trixie/main arm64 node-prelude-ls all 1.2.1+dfsg-3 [11.3 kB]
#8 165.7 Get:146 http://deb.debian.org/debian trixie/main arm64 node-type-check all 0.4.0+dfsg-3 [9184 B]
#8 165.7 Get:147 http://deb.debian.org/debian trixie/main arm64 node-levn all 0.4.1+dfsg-2 [10.2 kB]
#8 165.9 Get:148 http://deb.debian.org/debian trixie/main arm64 node-lodash all 4.17.21+dfsg+~cs8.31.198.20210220-9 [462 kB]
#8 174.0 Get:149 http://deb.debian.org/debian trixie/main arm64 node-memfs all 3.4.12+~cs1.0.3-1 [46.8 kB]
#8 174.3 Get:150 http://deb.debian.org/debian trixie/main arm64 node-mkdirp all 2.1.6+~cs5.2.1-2 [24.1 kB]
#8 174.5 Get:151 http://deb.debian.org/debian trixie/main arm64 node-deep-is all 0.1.4-1 [5136 B]
#8 174.5 Get:152 http://deb.debian.org/debian trixie/main arm64 node-fast-levenshtein all 2.0.6+ds-3 [6040 B]
#8 174.6 Get:153 http://deb.debian.org/debian trixie/main arm64 node-optionator all 0.9.1+dfsg+~cs1.2.3-1 [17.6 kB]
#8 174.6 Get:154 http://deb.debian.org/debian trixie/main arm64 node-progress all 2.0.3-2 [8256 B]
#8 174.6 Get:155 http://deb.debian.org/debian trixie/main arm64 libjs-regenerate all 1.4.2-3 [14.3 kB]
#8 174.6 Get:156 http://deb.debian.org/debian trixie/main arm64 node-regenerate all 1.4.2-3 [7388 B]
#8 174.6 Get:157 http://deb.debian.org/debian trixie/main arm64 node-regenerate-unicode-properties all 10.1.0+ds-1 [50.7 kB]
#8 174.8 Get:158 http://deb.debian.org/debian trixie/main arm64 node-regexpp all 3.2.0-5 [27.0 kB]
#8 175.0 Get:159 http://deb.debian.org/debian trixie/main arm64 node-lru-cache all 10.0.1-3 [62.6 kB]
#8 175.1 Get:160 http://deb.debian.org/debian trixie/main arm64 node-semver all 7.6.1+~7.5.8-2 [49.5 kB]
#8 175.2 Get:161 http://deb.debian.org/debian trixie/main arm64 node-strip-json-comments all 4.0.0-4 [5668 B]
#8 175.2 Get:162 http://deb.debian.org/debian trixie/main arm64 node-json-schema all 0.4.0+~7.0.11-1 [13.1 kB]
#8 175.2 Get:163 http://deb.debian.org/debian trixie/main arm64 node-v8-compile-cache all 2.4.0-2 [8544 B]
#8 175.3 Get:164 http://deb.debian.org/debian trixie/main arm64 eslint all 6.4.0~dfsg+~6.1.9-12 [606 kB]
#8 176.9 Get:165 http://deb.debian.org/debian trixie/main arm64 libngtcp2-16 arm64 1.11.0-1+deb13u1 [121 kB]
#8 177.2 Get:166 http://deb.debian.org/debian trixie/main arm64 libngtcp2-crypto-gnutls8 arm64 1.11.0-1+deb13u1 [28.4 kB]
#8 177.3 Get:167 http://deb.debian.org/debian trixie/main arm64 libcurl3t64-gnutls arm64 8.14.1-2+deb13u3 [353 kB]
#8 178.8 Get:168 http://deb.debian.org/debian trixie/main arm64 liberror-perl all 0.17030-1 [26.9 kB]
#8 178.9 Get:169 http://deb.debian.org/debian trixie/main arm64 git-man all 1:2.47.3-0+deb13u1 [2205 kB]
#8 191.4 Get:170 http://deb.debian.org/debian trixie/main arm64 git arm64 1:2.47.3-0+deb13u1 [8666 kB]
#8 207.4 Get:171 http://deb.debian.org/debian trixie/main arm64 python3-packaging all 25.0-1 [56.6 kB]
#8 207.5 Get:172 http://deb.debian.org/debian trixie/main arm64 gyp all 0.16.2-2 [255 kB]
#8 207.8 Get:173 http://deb.debian.org/debian trixie/main arm64 node-neo-async all 2.6.2+~cs3.0.0-3 [41.8 kB]
#8 207.8 Get:174 http://deb.debian.org/debian trixie/main arm64 node-arrify all 2.0.1-3 [3700 B]
#8 207.8 Get:175 http://deb.debian.org/debian trixie/main arm64 node-is-plain-obj all 3.0.0-2 [3972 B]
#8 207.8 Get:176 http://deb.debian.org/debian trixie/main arm64 node-is-buffer all 2.0.5-2 [4112 B]
#8 207.9 Get:177 http://deb.debian.org/debian trixie/main arm64 node-kind-of all 6.0.3+dfsg-2 [10.2 kB]
#8 207.9 Get:178 http://deb.debian.org/debian trixie/main arm64 node-minimist all 1.2.8+~cs5.3.5-1 [15.9 kB]
#8 207.9 Get:179 http://deb.debian.org/debian trixie/main arm64 node-wordwrap all 1.0.0-4 [4628 B]
#8 207.9 Get:180 http://deb.debian.org/debian trixie/main arm64 node-optimist all 0.6.1+~0.0.30-2 [13.5 kB]
#8 207.9 Get:181 http://deb.debian.org/debian trixie/main arm64 libjs-source-map all 0.7.0++dfsg2+really.0.6.1-15 [29.6 kB]
#8 207.9 Get:182 http://deb.debian.org/debian trixie/main arm64 node-source-map all 0.7.0++dfsg2+really.0.6.1-15 [41.7 kB]
#8 207.9 Get:183 http://deb.debian.org/debian trixie/main arm64 handlebars all 3:4.7.7+~4.1.0-1 [199 kB]
#8 208.0 Get:184 http://deb.debian.org/debian trixie/main arm64 libjs-events all 3.3.0+~3.0.0-3 [11.3 kB]
#8 208.0 Get:185 http://deb.debian.org/debian trixie/main arm64 libjs-is-typedarray all 1.0.0-4 [3816 B]
#8 208.0 Get:186 http://deb.debian.org/debian trixie/main arm64 libjs-prettify all 2015.12.04+dfsg-1.1 [41.7 kB]
#8 208.1 Get:187 http://deb.debian.org/debian trixie/main arm64 libjs-sprintf-js all 1.1.2+ds1+~1.1.2-1 [12.8 kB]
#8 208.1 Get:188 http://deb.debian.org/debian trixie/main arm64 libjs-typedarray-to-buffer all 4.0.0-2 [4668 B]
#8 208.1 Get:189 http://deb.debian.org/debian trixie/main arm64 node-lodash-packages all 4.17.21+dfsg+~cs8.31.198.20210220-9 [179 kB]
#8 208.2 Get:190 http://deb.debian.org/debian trixie/main arm64 node-function-bind all 1.1.2+~cs2.1.14-1 [24.6 kB]
#8 208.2 Get:191 http://deb.debian.org/debian trixie/main arm64 node-object-inspect all 1.12.2+~cs1.8.1-1 [20.8 kB]
#8 208.3 Get:192 http://deb.debian.org/debian trixie/main arm64 node-es-abstract all 1.20.4+~cs26.27.47-2 [137 kB]
#8 208.4 Get:193 http://deb.debian.org/debian trixie/main arm64 node-resolve all 1.22.8+~cs5.34.15-2 [29.8 kB]
#8 208.4 Get:194 http://deb.debian.org/debian trixie/main arm64 node-define-properties all 1.2.1+~cs2.2.3-1 [9080 B]
#8 208.4 Get:195 http://deb.debian.org/debian trixie/main arm64 node-debbundle-es-to-primitive all 1.2.1+~cs9.7.25-2 [39.9 kB]
#8 208.4 Get:196 http://deb.debian.org/debian trixie/main arm64 node-isobject all 4.0.0-2 [5332 B]
#8 208.4 Get:197 http://deb.debian.org/debian trixie/main arm64 node-is-descriptor all 3.0.0-2 [5556 B]
#8 208.4 Get:198 http://deb.debian.org/debian trixie/main arm64 node-define-property all 2.0.2+really+2.0.2-3 [6820 B]
#8 208.4 Get:199 http://deb.debian.org/debian trixie/main arm64 node-defined all 1.0.1+~1.0.0-1 [6776 B]
#8 208.5 Get:200 http://deb.debian.org/debian trixie/main arm64 node-abbrev all 1.1.1+~1.1.2-1 [5692 B]
#8 208.5 Get:201 http://deb.debian.org/debian trixie/main arm64 node-archy all 1.0.0-6 [4556 B]
#8 208.5 Get:202 http://deb.debian.org/debian trixie/main arm64 node-async all 3.2.6+dfsg-2 [96.4 kB]
#8 208.6 Get:203 http://deb.debian.org/debian trixie/main arm64 node-convert-source-map all 1.9.0+~1.5.2-1 [8176 B]
#8 208.6 Get:204 http://deb.debian.org/debian trixie/main arm64 node-decamelize all 4.0.0-2 [4080 B]
#8 208.6 Get:205 http://deb.debian.org/debian trixie/main arm64 node-es6-error all 4.1.1-5 [6148 B]
#8 208.6 Get:206 http://deb.debian.org/debian trixie/main arm64 node-esprima all 4.0.1+ds+~4.0.3-2 [69.3 kB]
#8 ...

#14 [frontend  9/13] RUN python3 -m venv .venv     && .venv/bin/python -m pip install --upgrade pip     && .venv/bin/python -m pip install -e .
#14 103.5    ━━━━━━━━━━━━━━━━━━━━━━━━━━━━━━━━━━━━━━━━ 45.7/45.7 MB 539.5 kB/s  0:01:21
#14 103.5 Downloading pydantic-2.12.5-py3-none-any.whl (463 kB)
#14 104.1 Downloading pydantic_core-2.41.5-cp312-cp312-manylinux_2_17_aarch64.manylinux2014_aarch64.whl (1.9 MB)
#14 105.9    ━━━━━━━━━━━━━━━━━━━━━━━━━━━━━━━━━━━━━━━━ 1.9/1.9 MB 1.0 MB/s  0:00:01
#14 105.9 Downloading h5py-3.16.0-cp312-cp312-manylinux_2_28_aarch64.whl (5.2 MB)
#14 ...

#8 [runtime  3/29] RUN apt-get update     && apt-get install -y --no-install-recommends       build-essential       ca-certificates       curl       git       nodejs       npm       ripgrep     && rm -rf /var/lib/apt/lists/*
#8 208.9 Get:207 http://deb.debian.org/debian trixie/main arm64 node-escodegen all 2.1.0+dfsg+~0.0.8-1 [23.0 kB]
#8 208.9 Get:208 http://deb.debian.org/debian trixie/main arm64 node-commondir all 1.0.1+~1.0.0-1 [4388 B]
#8 209.0 Get:209 http://deb.debian.org/debian trixie/main arm64 node-is-number all 7.0.0-4 [6020 B]
#8 209.0 Get:210 http://deb.debian.org/debian trixie/main arm64 node-repeat-string all 1.6.1+repack-1 [5600 B]
#8 209.0 Get:211 http://deb.debian.org/debian trixie/main arm64 node-to-regex-range all 5.0.1-4 [10.5 kB]
#8 209.0 Get:212 http://deb.debian.org/debian trixie/main arm64 node-fill-range all 7.1.1+~7.0.3-1 [8768 B]
#8 209.0 Get:213 http://deb.debian.org/debian trixie/main arm64 node-braces all 3.0.3+~3.0.5-1 [20.6 kB]
#8 209.1 Get:214 http://deb.debian.org/debian trixie/main arm64 node-normalize-path all 3.0.0+~3.0.0-1 [6608 B]
#8 209.1 Get:215 http://deb.debian.org/debian trixie/main arm64 node-anymatch all 3.1.3+~cs4.6.1-2 [33.4 kB]
#8 209.1 Get:216 http://deb.debian.org/debian trixie/main arm64 node-micromatch all 4.0.7+~4.0.9-1 [26.0 kB]
#8 209.2 Get:217 http://deb.debian.org/debian trixie/main arm64 node-pify all 5.0.0+~cs5.0.1-1 [7072 B]
#8 209.2 Get:218 http://deb.debian.org/debian trixie/main arm64 node-path-type all 4.0.0-3 [3944 B]
#8 209.2 Get:219 http://deb.debian.org/debian trixie/main arm64 node-n3 all 1.16.3+~1.2.3+~1.10.4-1 [37.0 kB]
#8 209.3 Get:220 http://deb.debian.org/debian trixie/main arm64 node-slash all 4.0.0-3 [4292 B]
#8 209.3 Get:221 http://deb.debian.org/debian trixie/main arm64 node-globby all 13.1.3+~cs16.25.40-3 [40.5 kB]
#8 209.3 Get:222 http://deb.debian.org/debian trixie/main arm64 node-graceful-fs all 4.2.10-1 [14.4 kB]
#8 209.3 Get:223 http://deb.debian.org/debian trixie/main arm64 node-is-path-cwd all 2.2.0-2 [3672 B]
#8 209.3 Get:224 http://deb.debian.org/debian trixie/main arm64 node-path-is-inside all 1.0.2+~1.0.0-1 [5072 B]
#8 209.3 Get:225 http://deb.debian.org/debian trixie/main arm64 node-is-path-inside all 3.0.3-2 [3980 B]
#8 209.3 Get:226 http://deb.debian.org/debian trixie/main arm64 node-escape-string-regexp all 4.0.0-2 [4296 B]
#8 209.4 Get:227 http://deb.debian.org/debian trixie/main arm64 node-indent-string all 4.0.0-2 [4144 B]
#8 209.4 Get:228 http://deb.debian.org/debian trixie/main arm64 node-p-map all 4.0.0+~3.1.0+~3.0.1-2 [7904 B]
#8 209.4 Get:229 http://deb.debian.org/debian trixie/main arm64 node-del all 7.1.0-1 [8020 B]
#8 209.4 Get:230 http://deb.debian.org/debian trixie/main arm64 node-make-dir all 3.1.0-3 [6040 B]
#8 209.4 Get:231 http://deb.debian.org/debian trixie/main arm64 node-p-limit all 4.0.0+~cs4.0.0-5 [7576 B]
#8 209.4 Get:232 http://deb.debian.org/debian trixie/main arm64 node-p-locate all 6.0.0-12 [5752 B]
#8 209.4 Get:233 http://deb.debian.org/debian trixie/main arm64 node-locate-path all 7.1.1-2 [5584 B]
#8 209.4 Get:234 http://deb.debian.org/debian trixie/main arm64 node-path-exists all 5.0.0-8 [4732 B]
#8 209.4 Get:235 http://deb.debian.org/debian trixie/main arm64 node-find-up all 6.3.0-7 [9388 B]
#8 209.4 Get:236 http://deb.debian.org/debian trixie/main arm64 node-pkg-dir all 5.0.0-2 [4260 B]
#8 209.4 Get:237 http://deb.debian.org/debian trixie/main arm64 node-find-cache-dir all 3.3.2+~3.2.1-1 [6152 B]
#8 209.4 Get:238 http://deb.debian.org/debian trixie/main arm64 node-signal-exit all 4.1.0-7 [14.4 kB]
#8 209.4 Get:239 http://deb.debian.org/debian trixie/main arm64 node-foreground-child all 3.1.1-2 [13.3 kB]
#8 209.5 Get:240 http://deb.debian.org/debian trixie/main arm64 node-is-stream all 3.0.0-4 [5076 B]
#8 209.5 Get:241 http://deb.debian.org/debian trixie/main arm64 node-is-windows all 1.0.2+~cs1.0.0-1 [5936 B]
#8 209.5 Get:242 http://deb.debian.org/debian trixie/main arm64 node-ampproject-remapping all 2.2.0+~cs5.15.37-1 [59.4 kB]
#8 209.5 Get:243 http://deb.debian.org/debian trixie/main arm64 node-sprintf-js all 1.1.2+ds1+~1.1.2-1 [4024 B]
#8 209.5 Get:244 http://deb.debian.org/debian trixie/main arm64 node-argparse all 2.0.1-2 [34.6 kB]
#8 209.6 Get:245 http://deb.debian.org/debian trixie/main arm64 node-js-yaml all 4.1.0+dfsg+~4.0.5-7 [66.6 kB]
#8 209.6 Get:246 http://deb.debian.org/debian trixie/main arm64 node-nopt all 5.0.0-4 [12.1 kB]
#8 209.6 Get:247 http://deb.debian.org/debian trixie/main arm64 node-npm-run-path all 5.1.0+~4.0.0-8 [6276 B]
#8 209.6 Get:248 http://deb.debian.org/debian trixie/main arm64 node-shebang-regex all 3.0.0-2 [3528 B]
#8 209.6 Get:249 http://deb.debian.org/debian trixie/main arm64 node-shebang-command all 2.0.0-1 [3500 B]
#8 209.6 Get:250 http://deb.debian.org/debian trixie/main arm64 node-strip-bom all 4.0.0-2 [4144 B]
#8 209.6 Get:251 http://deb.debian.org/debian trixie/main arm64 node-has-flag all 5.0.1-1 [4404 B]
#8 209.6 Get:252 http://deb.debian.org/debian trixie/main arm64 node-supports-color all 8.1.1+~8.1.1-1 [6920 B]
#8 209.6 Get:253 http://deb.debian.org/debian trixie/main arm64 node-util all 0.12.5+~1.0.10-1 [5700 B]
#8 209.6 Get:254 http://deb.debian.org/debian trixie/main arm64 node-assert all 2.0.0+~cs3.9.8-2 [26.8 kB]
#8 209.7 Get:255 http://deb.debian.org/debian trixie/main arm64 node-babel-plugin-add-module-exports all 1.0.4+dfsg1~cs5.8.0-4 [8672 B]
#8 209.7 Get:256 http://deb.debian.org/debian trixie/main arm64 node-regenerator-runtime all 0.15.2+~0.10.8-1 [10.7 kB]
#8 209.7 Get:257 http://deb.debian.org/debian trixie/main arm64 node-babel7-runtime all 7.20.15+ds1+~cs214.269.168-8 [116 kB]
#8 209.8 Get:258 http://deb.debian.org/debian trixie/main arm64 node-babel-helper-define-polyfill-provider all 0.3.3~0~20220913+ds1-1 [27.4 kB]
#8 209.9 Get:259 http://deb.debian.org/debian trixie/main arm64 node-babel-plugin-polyfill-corejs2 all 0.3.3~0~20220913+ds1-1 [17.1 kB]
#8 209.9 Get:260 http://deb.debian.org/debian trixie/main arm64 node-caniuse-lite all 1.0.30001723+dfsg+~1.0.5-1 [255 kB]
#8 210.2 Get:261 http://deb.debian.org/debian trixie/main arm64 node-electron-to-chromium all 1.5.166-1 [20.9 kB]
#8 210.2 Get:262 http://deb.debian.org/debian trixie/main arm64 node-picocolors all 1.0.0-4 [6652 B]
#8 210.2 Get:263 http://deb.debian.org/debian trixie/main arm64 node-browserslist all 4.25.0+~cs6.3.22-1 [72.3 kB]
#8 210.3 Get:264 http://deb.debian.org/debian trixie/main arm64 node-core-js-compat all 3.33.2-1 [78.5 kB]
#8 210.5 Get:265 http://deb.debian.org/debian trixie/main arm64 node-babel-plugin-polyfill-corejs3 all 0.6.0~0~20220913+ds1-1 [29.5 kB]
#8 210.6 Get:266 http://deb.debian.org/debian trixie/main arm64 node-babel-plugin-polyfill-regenerator all 0.4.1~0~20220913+ds1-1 [5036 B]
#8 210.6 Get:267 http://deb.debian.org/debian trixie/main arm64 node-color-name all 1.1.4+~1.1.1-2 [5920 B]
#8 210.6 Get:268 http://deb.debian.org/debian trixie/main arm64 node-color-convert all 2.0.1+~cs2.0.0-2 [13.1 kB]
#8 210.6 Get:269 http://deb.debian.org/debian trixie/main arm64 node-ansi-styles all 6.2.1-3 [8716 B]
#8 210.7 Get:270 http://deb.debian.org/debian trixie/main arm64 node-chalk all 5.3.0-1 [18.2 kB]
#8 210.7 Get:271 http://deb.debian.org/debian trixie/main arm64 node-for-in all 1.0.2-4 [4840 B]
#8 210.7 Get:272 http://deb.debian.org/debian trixie/main arm64 node-for-own all 1.0.0-3 [4800 B]
#8 210.7 Get:273 http://deb.debian.org/debian trixie/main arm64 node-is-plain-object all 5.0.0-7 [6108 B]
#8 210.7 Get:274 http://deb.debian.org/debian trixie/main arm64 node-is-extendable all 1.0.1-3 [5228 B]
#8 210.7 Get:275 http://deb.debian.org/debian trixie/main arm64 node-clone-deep all 4.0.1+~cs7.0.2-1 [6720 B]
#8 210.7 Get:276 http://deb.debian.org/debian trixie/main arm64 node-commander all 9.4.1-1 [65.3 kB]
#8 210.8 Get:277 http://deb.debian.org/debian trixie/main arm64 node-core-js all 3.33.2-1 [301 kB]
#8 216.7 Get:278 http://deb.debian.org/debian trixie/main arm64 node-core-js-pure all 3.33.2-1 [282 kB]
#8 217.1 Get:279 http://deb.debian.org/debian trixie/main arm64 node-fs-readdir-recursive all 1.1.0+~1.1.0-1 [4540 B]
#8 217.1 Get:280 http://deb.debian.org/debian trixie/main arm64 node-js-tokens all 8.0.0-2 [14.9 kB]
#8 217.1 Get:281 http://deb.debian.org/debian trixie/main arm64 node-jsesc all 3.0.2+~3.0.1-1 [17.6 kB]
#8 217.1 Get:282 http://deb.debian.org/debian trixie/main arm64 node-json5 all 2.2.3+dfsg-1 [25.6 kB]
#8 217.1 Get:283 http://deb.debian.org/debian trixie/main arm64 node-quick-lru all 6.1.1-4 [8076 B]
#8 217.2 Get:284 http://deb.debian.org/debian trixie/main arm64 node-regenerator-transform all 0.15.2+~0.10.8-1 [24.9 kB]
#8 217.2 Get:285 http://deb.debian.org/debian trixie/main arm64 node-regjsgen all 0.7.1+ds-1 [6968 B]
#8 217.2 Get:286 http://deb.debian.org/debian trixie/main arm64 node-regjsparser all 0.9.1+ds-2 [22.1 kB]
#8 217.2 Get:287 http://deb.debian.org/debian trixie/main arm64 node-unicode-canonical-property-names-ecmascript all 2.0.0-2 [4540 B]
#8 217.2 Get:288 http://deb.debian.org/debian trixie/main arm64 node-unicode-property-aliases-ecmascript all 2.1.0+ds-1 [5256 B]
#8 217.2 Get:289 http://deb.debian.org/debian trixie/main arm64 node-unicode-match-property-ecmascript all 2.0.0-2 [4440 B]
#8 217.2 Get:290 http://deb.debian.org/debian trixie/main arm64 node-unicode-match-property-value-ecmascript all 2.1.0+ds-1 [7272 B]
#8 217.2 Get:291 http://deb.debian.org/debian trixie/main arm64 node-regexpu-core all 5.2.2-3 [13.9 kB]
#8 217.2 Get:292 http://deb.debian.org/debian trixie/main arm64 node-source-map-support all 0.5.21+ds+~0.5.10-1 [15.3 kB]
#8 217.2 Get:293 http://deb.debian.org/debian trixie/main arm64 node-to-fast-properties all 3.0.1-3 [4332 B]
#8 217.2 Get:294 http://deb.debian.org/debian trixie/main arm64 node-v8flags all 3.2.0+~3.1.1-1 [7612 B]
#8 217.2 Get:295 http://deb.debian.org/debian trixie/main arm64 node-babel7 all 7.20.15+ds1+~cs214.269.168-8 [709 kB]
#8 218.0 Get:296 http://deb.debian.org/debian trixie/main arm64 node-is-arrayish all 0.3.2-3 [3960 B]
#8 218.0 Get:297 http://deb.debian.org/debian trixie/main arm64 node-error-ex all 1.3.2-4 [5656 B]
#8 218.0 Get:298 http://deb.debian.org/debian trixie/main arm64 node-json-parse-better-errors all 1.0.2+~cs3.3.1-3 [7724 B]
#8 218.0 Get:299 http://deb.debian.org/debian trixie/main arm64 node-parse-json all 5.2.0+~cs5.1.7-2 [7304 B]
#8 218.0 Get:300 http://deb.debian.org/debian trixie/main arm64 node-hosted-git-info all 6.1.1-2 [12.6 kB]
#8 218.0 Get:301 http://deb.debian.org/debian trixie/main arm64 node-spdx-license-ids all 3.0.12-1 [6276 B]
#8 218.0 Get:302 http://deb.debian.org/debian trixie/main arm64 node-spdx-exceptions all 2.3.0-2 [3992 B]
#8 218.0 Get:303 http://deb.debian.org/debian trixie/main arm64 node-spdx-expression-parse all 3.0.1+~3.0.1-1 [7532 B]
#8 218.0 Get:304 http://deb.debian.org/debian trixie/main arm64 node-spdx-correct all 3.1.1-2 [5464 B]
#8 218.0 Get:305 http://deb.debian.org/debian trixie/main arm64 node-validate-npm-package-license all 3.0.4-2 [4280 B]
#8 218.1 Get:306 http://deb.debian.org/debian trixie/main arm64 node-normalize-package-data all 4.0.1+~2.4.1-1 [13.6 kB]
#8 218.1 Get:307 http://deb.debian.org/debian trixie/main arm64 node-read-pkg all 5.2.0-2 [24.0 kB]
#8 218.1 Get:308 http://deb.debian.org/debian trixie/main arm64 node-uuid all 8.3.2+~8.3.4-1 [44.5 kB]
#8 218.1 Get:309 http://deb.debian.org/debian trixie/main arm64 node-isexe all 2.0.0+~2.0.1-5 [6084 B]
#8 218.1 Get:310 http://deb.debian.org/debian trixie/main arm64 node-which all 2.0.2+~cs1.3.2-3 [8368 B]
#8 218.2 Get:311 http://deb.debian.org/debian trixie/main arm64 node-is-typedarray all 1.0.0-4 [3292 B]
#8 218.2 Get:312 http://deb.debian.org/debian trixie/main arm64 node-typedarray-to-buffer all 4.0.0-2 [3380 B]
#8 218.2 Get:313 http://deb.debian.org/debian trixie/main arm64 node-write-file-atomic all 4.0.2+~4.0.0-2 [9308 B]
#8 218.2 Get:314 http://deb.debian.org/debian trixie/main arm64 node-slice-ansi all 5.0.0+~cs9.0.0-5 [8788 B]
#8 218.2 Get:315 http://deb.debian.org/debian trixie/main arm64 node-ansi-regex all 5.0.1-1 [4912 B]
#8 218.2 Get:316 http://deb.debian.org/debian trixie/main arm64 node-strip-ansi all 6.0.1-2 [4120 B]
#8 218.2 Get:317 http://deb.debian.org/debian trixie/main arm64 node-clone all 2.1.2+~2.1.2-1 [9140 B]
#8 218.2 Get:318 http://deb.debian.org/debian trixie/main arm64 node-defaults all 1.0.4+~1.0.3-1 [4400 B]
#8 218.2 Get:319 http://deb.debian.org/debian trixie/main arm64 node-wcwidth.js all 1.0.2-2 [7088 B]
#8 218.2 Get:320 http://deb.debian.org/debian trixie/main arm64 node-string-width all 4.2.3+~cs13.2.3-1 [10.7 kB]
#8 218.2 Get:321 http://deb.debian.org/debian trixie/main arm64 node-wrap-ansi all 8.0.1+~8.0.1-3 [11.8 kB]
#8 218.3 Get:322 http://deb.debian.org/debian trixie/main arm64 node-cliui all 7.0.4+repack+1+~cs1.4.2-2 [21.6 kB]
#8 218.3 Get:323 http://deb.debian.org/debian trixie/main arm64 node-get-caller-file all 2.0.5+~cs1.1.1-4 [5728 B]
#8 218.3 Get:324 http://deb.debian.org/debian trixie/main arm64 node-require-directory all 2.1.1+~2.1.2-1 [7092 B]
#8 218.3 Get:325 http://deb.debian.org/debian trixie/main arm64 node-y18n all 5.0.8+~5.0.0-3 [10.2 kB]
#8 218.3 Get:326 http://deb.debian.org/debian trixie/main arm64 node-camelcase all 7.0.0-3 [6032 B]
#8 218.3 Get:327 http://deb.debian.org/debian trixie/main arm64 node-yargs-parser all 21.1.1+~21.0.0-4 [28.4 kB]
#8 218.3 Get:328 http://deb.debian.org/debian trixie/main arm64 node-yargs all 16.2.0+~16.0.4-7 [128 kB]
#8 218.4 Get:329 http://deb.debian.org/debian trixie/main arm64 node-istanbul all 0.4.5+repack10+~cs98.25.59-3 [211 kB]
#8 218.5 Get:330 http://deb.debian.org/debian trixie/main arm64 node-through all 2.3.8+~cs0.0.30-1 [5452 B]
#8 218.5 Get:331 http://deb.debian.org/debian trixie/main arm64 node-resumer all 0.0.0-6 [4144 B]
#8 218.5 Get:332 http://deb.debian.org/debian trixie/main arm64 node-tape all 5.6.1+~cs8.20.19-3 [71.0 kB]
#8 218.6 Get:333 http://deb.debian.org/debian trixie/main arm64 node-deep-equal all 2.2.3+~cs43.15.94-1 [131 kB]
#8 218.6 Get:334 http://deb.debian.org/debian trixie/main arm64 libjs-util all 0.12.5+~1.0.10-1 [16.0 kB]
#8 218.6 Get:335 http://deb.debian.org/debian-security trixie-security/main arm64 libssl-dev arm64 3.5.6-1~deb13u2 [3393 kB]
#8 ...

#14 [frontend  9/13] RUN python3 -m venv .venv     && .venv/bin/python -m pip install --upgrade pip     && .venv/bin/python -m pip install -e .
#14 116.1    ━━━━━━━━━━━━━━━━━━━━━━━━━━━━━━━━━━━━━━━━ 5.2/5.2 MB 1.1 MB/s  0:00:10
#14 116.1 Downloading iso8601-2.1.0-py3-none-any.whl (7.5 kB)
#14 116.2 Downloading lxml-5.4.0-cp312-cp312-manylinux_2_28_aarch64.whl (4.8 MB)
#14 120.4    ━━━━━━━━━━━━━━━━━━━━━━━━━━━━━━━━━━━━━━━━ 4.8/4.8 MB 1.2 MB/s  0:00:04
#14 120.4 Downloading matplotlib-3.11.0-cp312-cp312-manylinux_2_26_aarch64.manylinux_2_28_aarch64.whl (10.8 MB)
#14 ...

#8 [runtime  3/29] RUN apt-get update     && apt-get install -y --no-install-recommends       build-essential       ca-certificates       curl       git       nodejs       npm       ripgrep     && rm -rf /var/lib/apt/lists/*
#8 221.9 Get:336 http://deb.debian.org/debian trixie/main arm64 libuv1-dev arm64 1.50.0-2 [186 kB]
#8 222.1 Get:337 http://deb.debian.org/debian trixie/main arm64 libnode-dev arm64 20.19.2+dfsg-1+deb13u2 [537 kB]
#8 222.5 Get:338 http://deb.debian.org/debian trixie/main arm64 node-agent-base all 7.1.1~0~2024040606-6+deb13u1 [11.6 kB]
#8 222.5 Get:339 http://deb.debian.org/debian trixie/main arm64 node-ajv-keywords all 5.1.0-4 [32.3 kB]
#8 222.6 Get:340 http://deb.debian.org/debian trixie/main arm64 node-ansi-escapes all 5.0.0+really.4.3.1-1 [8896 B]
#8 222.6 Get:341 http://deb.debian.org/debian trixie/main arm64 node-aproba all 2.0.0-3 [5844 B]
#8 222.6 Get:342 http://deb.debian.org/debian trixie/main arm64 node-delegates all 1.0.0-3 [4528 B]
#8 222.6 Get:343 http://deb.debian.org/debian trixie/main arm64 node-are-we-there-yet all 3.0.1+~1.1.0-1 [10.0 kB]
#8 222.6 Get:344 http://deb.debian.org/debian trixie/main arm64 node-async-each all 1.0.3-3 [4292 B]
#8 222.6 Get:345 http://deb.debian.org/debian trixie/main arm64 node-babel-plugin-lodash all 3.3.4+~cs2.0.1-7 [11.0 kB]
#8 222.7 Get:346 http://deb.debian.org/debian trixie/main arm64 node-base64-js all 1.5.1+dfsg+~1.3.0-2 [7140 B]
#8 222.7 Get:347 http://deb.debian.org/debian trixie/main arm64 node-binary-extensions all 2.2.0-2 [4408 B]
#8 222.7 Get:348 http://deb.debian.org/debian trixie/main arm64 node-builtins all 5.0.1-1 [4072 B]
#8 222.7 Get:349 http://deb.debian.org/debian trixie/main arm64 node-chownr all 2.0.0-3 [4312 B]
#8 222.7 Get:350 http://deb.debian.org/debian trixie/main arm64 node-iconv-lite all 0.6.3-3 [115 kB]
#8 223.1 Get:351 http://deb.debian.org/debian trixie/main arm64 node-encoding all 0.1.13-2 [4400 B]
#8 223.1 Get:352 http://deb.debian.org/debian trixie/main arm64 node-jsonparse all 1.3.1-10 [8020 B]
#8 223.1 Get:353 http://deb.debian.org/debian trixie/main arm64 node-yallist all 4.0.0+~4.0.1-1 [8172 B]
#8 223.1 Get:354 http://deb.debian.org/debian trixie/main arm64 node-minipass all 5.0.0+~cs10.3.21-3 [46.9 kB]
#8 223.2 Get:355 http://deb.debian.org/debian trixie/main arm64 node-iferr all 1.0.2+~1.0.2-1 [4588 B]
#8 223.2 Get:356 http://deb.debian.org/debian trixie/main arm64 node-fs-write-stream-atomic all 1.0.10-6 [5316 B]
#8 223.2 Get:357 http://deb.debian.org/debian trixie/main arm64 node-run-queue all 2.0.0-3 [5156 B]
#8 223.2 Get:358 http://deb.debian.org/debian trixie/main arm64 node-copy-concurrently all 1.0.5-9 [7100 B]
#8 223.2 Get:359 http://deb.debian.org/debian trixie/main arm64 node-move-concurrently all 1.0.1-5 [5152 B]
#8 223.2 Get:360 http://deb.debian.org/debian trixie/main arm64 node-promise-inflight all 1.0.1+~1.0.0-1 [4864 B]
#8 223.2 Get:361 http://deb.debian.org/debian trixie/main arm64 node-ssri all 9.0.1-3 [18.1 kB]
#8 223.2 Get:362 http://deb.debian.org/debian trixie/main arm64 node-unique-filename all 1.1.1+ds-2 [4032 B]
#8 223.2 Get:363 http://deb.debian.org/debian trixie/main arm64 node-cacache all 17.0.3+~cs10.3.7-2 [45.2 kB]
#8 223.3 Get:364 http://deb.debian.org/debian trixie/main arm64 node-is-binary-path all 2.1.0-5 [3684 B]
#8 223.3 Get:365 http://deb.debian.org/debian trixie/main arm64 node-path-is-absolute all 2.0.0-2 [4068 B]
#8 223.3 Get:366 http://deb.debian.org/debian trixie/main arm64 node-set-immediate-shim all 2.0.0-2 [3740 B]
#8 223.3 Get:367 http://deb.debian.org/debian trixie/main arm64 node-readdirp all 3.6.0-1 [11.5 kB]
#8 223.3 Get:368 http://deb.debian.org/debian trixie/main arm64 node-chokidar all 3.6.0-3 [32.4 kB]
#8 223.3 Get:369 http://deb.debian.org/debian trixie/main arm64 node-tslib all 2.4.1-1 [19.5 kB]
#8 223.3 Get:370 http://deb.debian.org/debian trixie/main arm64 node-chrome-trace-event all 1.0.3-2 [6984 B]
#8 223.3 Get:371 http://deb.debian.org/debian trixie/main arm64 node-ci-info all 4.0.0+~cs1.1.0-1 [12.5 kB]
#8 223.3 Get:372 http://deb.debian.org/debian trixie/main arm64 node-colors all 1.4.0-4 [11.9 kB]
#8 223.3 Get:373 http://deb.debian.org/debian trixie/main arm64 node-cli-table all 0.3.11+~cs0.13.4-3 [23.6 kB]
#8 223.3 Get:374 http://deb.debian.org/debian trixie/main arm64 node-columnify all 1.6.0+~1.5.1-1 [12.4 kB]
#8 223.4 Get:375 http://deb.debian.org/debian trixie/main arm64 node-console-control-strings all 1.1.0-3 [5564 B]
#8 223.4 Get:376 http://deb.debian.org/debian trixie/main arm64 node-css-selector-tokenizer all 0.8.0+~cs4.8.3-1 [13.0 kB]
#8 223.4 Get:377 http://deb.debian.org/debian trixie/main arm64 node-postcss all 8.4.49+~cs9.2.32-1 [189 kB]
#8 223.7 Get:378 http://deb.debian.org/debian trixie/main arm64 node-icss-utils all 5.1.0+~5.1.0-1 [7564 B]
#8 223.7 Get:379 http://deb.debian.org/debian trixie/main arm64 node-postcss-modules-extract-imports all 3.0.0-2 [6584 B]
#8 223.7 Get:380 http://deb.debian.org/debian trixie/main arm64 node-postcss-modules-values all 4.0.0+~4.0.0-1 [7180 B]
#8 223.7 Get:381 http://deb.debian.org/debian trixie/main arm64 node-postcss-value-parser all 4.2.0-1 [10.4 kB]
#8 223.7 Get:382 http://deb.debian.org/debian trixie/main arm64 node-prr all 1.0.1-3 [4352 B]
#8 223.7 Get:383 http://deb.debian.org/debian trixie/main arm64 node-errno all 1.0.0-3 [7736 B]
#8 223.7 Get:384 http://deb.debian.org/debian trixie/main arm64 node-memory-fs all 0.5.0+~0.3.3-2 [7676 B]
#8 223.8 Get:385 http://deb.debian.org/debian trixie/main arm64 node-tapable all 2.2.1-3 [13.5 kB]
#8 223.8 Get:386 http://deb.debian.org/debian trixie/main arm64 node-enhanced-resolve all 5.15.0-1 [36.4 kB]
#8 223.8 Get:387 http://deb.debian.org/debian trixie/main arm64 node-es-module-lexer all 1.1.0+dfsg-3 [19.8 kB]
#8 223.8 Get:388 http://deb.debian.org/debian trixie/main arm64 node-events all 3.3.0+~3.0.0-3 [5888 B]
#8 223.8 Get:389 http://deb.debian.org/debian trixie/main arm64 node-resolve-cwd all 3.0.0-2 [4212 B]
#8 223.8 Get:390 http://deb.debian.org/debian trixie/main arm64 node-jest-debbundle all 29.6.2~ds1+~cs73.45.28-5 [135 kB]
#8 224.0 Get:391 http://deb.debian.org/debian trixie/main arm64 node-interpret all 2.2.0-3 [7660 B]
#8 224.0 Get:392 http://deb.debian.org/debian trixie/main arm64 node-merge-stream all 2.0.0+~1.1.2-2 [5124 B]
#8 224.0 Get:393 http://deb.debian.org/debian trixie/main arm64 node-jest-worker all 29.6.2~ds1+~cs73.45.28-5 [116 kB]
#8 224.1 Get:394 http://deb.debian.org/debian trixie/main arm64 node-loader-runner all 4.3.0-1 [7644 B]
#8 224.1 Get:395 http://deb.debian.org/debian trixie/main arm64 node-mime all 3.0.0+dfsg+~cs6.97.2-2 [40.3 kB]
#8 224.2 Get:396 http://deb.debian.org/debian trixie/main arm64 node-mime-types all 2.1.35-2 [8752 B]
#8 224.2 Get:397 http://deb.debian.org/debian trixie/main arm64 node-rechoir all 0.8.0+~0.6.1-2 [6628 B]
#8 224.2 Get:398 http://deb.debian.org/debian trixie/main arm64 node-schema-utils all 4.2.0~ds-3 [22.0 kB]
#8 224.2 Get:399 http://deb.debian.org/debian trixie/main arm64 node-randombytes all 2.1.0+~2.0.0-2 [4852 B]
#8 224.2 Get:400 http://deb.debian.org/debian trixie/main arm64 node-serialize-javascript all 6.0.2-1 [13.0 kB]
#8 224.3 Get:401 http://deb.debian.org/debian trixie/main arm64 node-watchpack all 2.4.0+~cs2.8.1-1 [20.2 kB]
#8 224.3 Get:402 http://deb.debian.org/debian trixie/main arm64 node-webassemblyjs all 1.11.4+dfsg+~cs10.11.17-2 [139 kB]
#8 224.5 Get:403 http://deb.debian.org/debian trixie/main arm64 node-source-list-map all 2.0.1+dfsg+~0.1.2-1 [10.1 kB]
#8 224.5 Get:404 http://deb.debian.org/debian trixie/main arm64 node-webpack-sources all 3.2.3+~3.2.0-2 [23.2 kB]
#8 224.5 Get:405 http://deb.debian.org/debian trixie/main arm64 node-terser all 5.38.0-1 [220 kB]
#8 224.8 Get:406 http://deb.debian.org/debian trixie/main arm64 terser all 5.38.0-1 [19.4 kB]
#8 224.8 Get:407 http://deb.debian.org/debian trixie/main arm64 node-get-stream all 8.0.1-11 [11.6 kB]
#8 224.8 Get:408 http://deb.debian.org/debian trixie/main arm64 node-mimic-fn all 4.0.0-5 [5492 B]
#8 224.8 Get:409 http://deb.debian.org/debian trixie/main arm64 node-strip-eof all 3.0.0-5 [4656 B]
#8 224.8 Get:410 http://deb.debian.org/debian trixie/main arm64 node-execa all 8.0.1+dfsg1+~cs12.0.0-1 [43.9 kB]
#8 224.9 Get:411 http://deb.debian.org/debian trixie/main arm64 node-envinfo all 7.11.0+~cs14.3.0-3 [32.6 kB]
#8 225.0 Get:412 http://deb.debian.org/debian trixie/main arm64 webpack all 5.97.1+dfsg1+~cs11.18.27-3 [810 kB]
#8 226.0 Get:413 http://deb.debian.org/debian trixie/main arm64 node-css-loader all 6.8.1+~cs14.0.17-1 [74.5 kB]
#8 226.0 Get:414 http://deb.debian.org/debian trixie/main arm64 node-data-uri-to-buffer all 6.0.2~0~2024040606-6+deb13u1 [9180 B]
#8 226.1 Get:415 http://deb.debian.org/debian trixie/main arm64 node-mimic-response all 3.1.0-9 [5424 B]
#8 226.1 Get:416 http://deb.debian.org/debian trixie/main arm64 node-decompress-response all 6.0.0-3 [4656 B]
#8 226.1 Get:417 http://deb.debian.org/debian trixie/main arm64 node-depd all 2.0.0-2 [11.2 kB]
#8 226.1 Get:418 http://deb.debian.org/debian trixie/main arm64 node-diff all 5.0.0~dfsg+~5.0.1-4 [69.7 kB]
#8 226.1 Get:419 http://deb.debian.org/debian trixie/main arm64 node-err-code all 2.0.3+dfsg-3 [4884 B]
#8 226.1 Get:420 http://deb.debian.org/debian trixie/main arm64 node-time-stamp all 2.2.0-2 [6016 B]
#8 226.1 Get:421 http://deb.debian.org/debian trixie/main arm64 node-fancy-log all 1.3.3+~cs1.3.1-2 [7940 B]
#8 226.1 Get:422 http://deb.debian.org/debian trixie/main arm64 node-fetch all 3.3.2+~cs11.4.11-3 [213 kB]
#8 226.3 Get:423 http://deb.debian.org/debian trixie/main arm64 node-has-unicode all 2.0.1-5 [3992 B]
#8 226.3 Get:424 http://deb.debian.org/debian trixie/main arm64 node-wide-align all 1.1.3-4 [4244 B]
#8 226.3 Get:425 http://deb.debian.org/debian trixie/main arm64 node-gauge all 4.0.4-2 [19.7 kB]
#8 226.3 Get:426 http://deb.debian.org/debian trixie/main arm64 node-lowercase-keys all 2.0.0-2 [3768 B]
#8 226.3 Get:427 http://deb.debian.org/debian trixie/main arm64 node-json-buffer all 3.0.1+~3.0.0-1 [4536 B]
#8 226.3 Get:428 http://deb.debian.org/debian trixie/main arm64 node-p-cancelable all 2.1.1-1 [7272 B]
#8 226.4 Get:429 http://deb.debian.org/debian trixie/main arm64 node-got all 11.8.5+~cs58.13.36-5 [121 kB]
#8 226.6 Get:430 http://deb.debian.org/debian trixie/main arm64 node-https-proxy-agent all 7.0.4~0~2024040606-6+deb13u1 [13.7 kB]
#8 226.6 Get:431 http://deb.debian.org/debian trixie/main arm64 node-set-blocking all 2.0.0-2 [4248 B]
#8 226.6 Get:432 http://deb.debian.org/debian trixie/main arm64 node-npmlog all 7.0.1+~4.1.4-1 [11.4 kB]
#8 226.7 Get:433 http://deb.debian.org/debian trixie/main arm64 node-osenv all 0.1.5+~0.1.1-1 [5884 B]
#8 226.7 Get:434 http://deb.debian.org/debian trixie/main arm64 node-tar all 6.2.1+~cs7.0.8-1+deb13u1 [52.7 kB]
#8 226.8 Get:435 http://deb.debian.org/debian trixie/main arm64 node-gyp all 11.1.0+~5.0.0-1 [67.6 kB]
#8 226.9 Get:436 http://deb.debian.org/debian trixie/main arm64 node-http-proxy-agent all 7.0.2~0~2024040606-6+deb13u1 [10.8 kB]
#8 226.9 Get:437 http://deb.debian.org/debian trixie/main arm64 node-ieee754 all 1.2.1-3 [5268 B]
#8 226.9 Get:438 http://deb.debian.org/debian trixie/main arm64 node-ini all 3.0.1-2 [6928 B]
#8 226.9 Get:439 http://deb.debian.org/debian trixie/main arm64 node-ip all 2.0.1+~1.1.3-3 [8616 B]
#8 226.9 Get:440 http://deb.debian.org/debian trixie/main arm64 node-ip-regex all 4.3.0+~4.1.1-1 [5188 B]
#8 226.9 Get:441 http://deb.debian.org/debian trixie/main arm64 node-mute-stream all 0.0.8+~0.0.1-3 [6232 B]
#8 226.9 Get:442 http://deb.debian.org/debian trixie/main arm64 node-negotiator all 0.6.3+~0.6.1-1 [10.8 kB]
#8 226.9 Get:443 http://deb.debian.org/debian trixie/main arm64 node-read-package-json all 5.0.2+~2.0.0-2 [11.6 kB]
#8 227.0 Get:444 http://deb.debian.org/debian trixie/main arm64 node-npm-bundled all 2.0.1-2 [6408 B]
#8 227.0 Get:445 http://deb.debian.org/debian trixie/main arm64 node-validate-npm-package-name all 5.0.0+~4.0.0-1 [7444 B]
#8 227.0 Get:446 http://deb.debian.org/debian trixie/main arm64 node-npm-package-arg all 10.0.0+~3.0.0-2 [11.4 kB]
#8 227.0 Get:447 http://deb.debian.org/debian trixie/main arm64 node-retry all 0.13.1.+~cs2.19.16-1 [14.2 kB]
#8 227.0 Get:448 http://deb.debian.org/debian trixie/main arm64 node-promise-retry all 2.0.1-4 [5016 B]
#8 227.0 Get:449 http://deb.debian.org/debian trixie/main arm64 node-read all 1.0.7-5 [5388 B]
#8 227.0 Get:450 http://deb.debian.org/debian trixie/main arm64 node-promzard all 0.3.0-2 [6788 B]
#8 227.0 Get:451 http://deb.debian.org/debian trixie/main arm64 node-text-table all 0.2.0-4 [4736 B]
#8 227.0 Get:452 http://deb.debian.org/debian trixie/main arm64 npm all 9.2.0~ds1-3 [669 kB]
#8 228.1 Get:453 http://deb.debian.org/debian trixie/main arm64 ripgrep arm64 14.1.1-1+b4 [1247 kB]
#8 229.3 debconf: unable to initialize frontend: Dialog
#8 229.3 debconf: (TERM is not set, so the dialog frontend is not usable.)
#8 229.3 debconf: falling back to frontend: Readline
#8 229.3 debconf: unable to initialize frontend: Readline
#8 229.3 debconf: (Can't locate Term/ReadLine.pm in @INC (you may need to install the Term::ReadLine module) (@INC entries checked: /etc/perl /usr/local/lib/aarch64-linux-gnu/perl/5.40.1 /usr/local/share/perl/5.40.1 /usr/lib/aarch64-linux-gnu/perl5/5.40 /usr/share/perl5 /usr/lib/aarch64-linux-gnu/perl-base /usr/lib/aarch64-linux-gnu/perl/5.40 /usr/share/perl/5.40 /usr/local/lib/site_perl) at /usr/share/perl5/Debconf/FrontEnd/Readline.pm line 8, <STDIN> line 453.)
#8 229.3 debconf: falling back to frontend: Teletype
#8 229.3 debconf: unable to initialize frontend: Teletype
#8 229.3 debconf: (This frontend requires a controlling tty.)
#8 229.3 debconf: falling back to frontend: Noninteractive
#8 233.9 Fetched 134 MB in 3min 29s (642 kB/s)
#8 233.9 Selecting previously unselected package libexpat1:arm64.
#8 233.9 (Reading database ... 
(Reading database ... 5%
(Reading database ... 10%
(Reading database ... 15%
(Reading database ... 20%
(Reading database ... 25%
(Reading database ... 30%
(Reading database ... 35%
(Reading database ... 40%
(Reading database ... 45%
(Reading database ... 50%
(Reading database ... 55%
(Reading database ... 60%
(Reading database ... 65%
(Reading database ... 70%
(Reading database ... 75%
(Reading database ... 80%
(Reading database ... 85%
(Reading database ... 90%
(Reading database ... 95%
(Reading database ... 100%
(Reading database ... 5642 files and directories currently installed.)
#8 233.9 Preparing to unpack .../libexpat1_2.7.1-2_arm64.deb ...
#8 233.9 Unpacking libexpat1:arm64 (2.7.1-2) ...
#8 233.9 Selecting previously unselected package libpython3.13-minimal:arm64.
#8 233.9 Preparing to unpack .../libpython3.13-minimal_3.13.5-2+deb13u2_arm64.deb ...
#8 233.9 Unpacking libpython3.13-minimal:arm64 (3.13.5-2+deb13u2) ...
#8 234.0 Selecting previously unselected package python3.13-minimal.
#8 234.0 Preparing to unpack .../python3.13-minimal_3.13.5-2+deb13u2_arm64.deb ...
#8 234.0 Unpacking python3.13-minimal (3.13.5-2+deb13u2) ...
#8 234.1 Setting up libpython3.13-minimal:arm64 (3.13.5-2+deb13u2) ...
#8 234.1 Setting up libexpat1:arm64 (2.7.1-2) ...
#8 234.1 Setting up python3.13-minimal (3.13.5-2+deb13u2) ...
#8 234.5 Selecting previously unselected package python3-minimal.
#8 234.5 (Reading database ... 
(Reading database ... 5%
(Reading database ... 10%
(Reading database ... 15%
(Reading database ... 20%
(Reading database ... 25%
(Reading database ... 30%
(Reading database ... 35%
(Reading database ... 40%
(Reading database ... 45%
(Reading database ... 50%
(Reading database ... 55%
(Reading database ... 60%
(Reading database ... 65%
(Reading database ... 70%
(Reading database ... 75%
(Reading database ... 80%
(Reading database ... 85%
(Reading database ... 90%
(Reading database ... 95%
(Reading database ... 100%
(Reading database ... 5976 files and directories currently installed.)
#8 234.5 Preparing to unpack .../python3-minimal_3.13.5-1_arm64.deb ...
#8 234.5 Unpacking python3-minimal (3.13.5-1) ...
#8 234.5 Selecting previously unselected package media-types.
#8 234.5 Preparing to unpack .../media-types_13.0.0_all.deb ...
#8 234.5 Unpacking media-types (13.0.0) ...
#8 234.5 Selecting previously unselected package libpython3.13-stdlib:arm64.
#8 234.5 Preparing to unpack .../libpython3.13-stdlib_3.13.5-2+deb13u2_arm64.deb ...
#8 234.5 Unpacking libpython3.13-stdlib:arm64 (3.13.5-2+deb13u2) ...
#8 234.6 Selecting previously unselected package python3.13.
#8 234.6 Preparing to unpack .../python3.13_3.13.5-2+deb13u2_arm64.deb ...
#8 234.6 Unpacking python3.13 (3.13.5-2+deb13u2) ...
#8 234.6 Selecting previously unselected package libpython3-stdlib:arm64.
#8 234.6 Preparing to unpack .../libpython3-stdlib_3.13.5-1_arm64.deb ...
#8 234.6 Unpacking libpython3-stdlib:arm64 (3.13.5-1) ...
#8 234.6 Setting up python3-minimal (3.13.5-1) ...
#8 234.7 Selecting previously unselected package python3.
#8 234.7 (Reading database ... 
(Reading database ... 5%
(Reading database ... 10%
(Reading database ... 15%
(Reading database ... 20%
(Reading database ... 25%
(Reading database ... 30%
(Reading database ... 35%
(Reading database ... 40%
(Reading database ... 45%
(Reading database ... 50%
(Reading database ... 55%
(Reading database ... 60%
(Reading database ... 65%
(Reading database ... 70%
(Reading database ... 75%
(Reading database ... 80%
(Reading database ... 85%
(Reading database ... 90%
(Reading database ... 95%
(Reading database ... 100%
(Reading database ... 6430 files and directories currently installed.)
#8 234.7 Preparing to unpack .../000-python3_3.13.5-1_arm64.deb ...
#8 234.7 Unpacking python3 (3.13.5-1) ...
#8 234.7 Selecting previously unselected package bzip2.
#8 234.7 Preparing to unpack .../001-bzip2_1.0.8-6_arm64.deb ...
#8 234.7 Unpacking bzip2 (1.0.8-6) ...
#8 234.8 Selecting previously unselected package perl-modules-5.40.
#8 234.8 Preparing to unpack .../002-perl-modules-5.40_5.40.1-6_all.deb ...
#8 234.8 Unpacking perl-modules-5.40 (5.40.1-6) ...
#8 234.9 Selecting previously unselected package libgdbm-compat4t64:arm64.
#8 234.9 Preparing to unpack .../003-libgdbm-compat4t64_1.24-2_arm64.deb ...
#8 234.9 Unpacking libgdbm-compat4t64:arm64 (1.24-2) ...
#8 235.0 Selecting previously unselected package libperl5.40:arm64.
#8 235.0 Preparing to unpack .../004-libperl5.40_5.40.1-6_arm64.deb ...
#8 235.0 Unpacking libperl5.40:arm64 (5.40.1-6) ...
#8 235.2 Selecting previously unselected package perl.
#8 235.2 Preparing to unpack .../005-perl_5.40.1-6_arm64.deb ...
#8 235.2 Unpacking perl (5.40.1-6) ...
#8 235.2 Selecting previously unselected package xz-utils.
#8 235.2 Preparing to unpack .../006-xz-utils_5.8.1-1_arm64.deb ...
#8 235.2 Unpacking xz-utils (5.8.1-1) ...
#8 235.2 Selecting previously unselected package libsframe1:arm64.
#8 235.2 Preparing to unpack .../007-libsframe1_2.44-3_arm64.deb ...
#8 235.2 Unpacking libsframe1:arm64 (2.44-3) ...
#8 235.2 Selecting previously unselected package binutils-common:arm64.
#8 235.2 Preparing to unpack .../008-binutils-common_2.44-3_arm64.deb ...
#8 235.2 Unpacking binutils-common:arm64 (2.44-3) ...
#8 235.4 Selecting previously unselected package libbinutils:arm64.
#8 235.4 Preparing to unpack .../009-libbinutils_2.44-3_arm64.deb ...
#8 235.4 Unpacking libbinutils:arm64 (2.44-3) ...
#8 235.4 Selecting previously unselected package libgprofng0:arm64.
#8 235.4 Preparing to unpack .../010-libgprofng0_2.44-3_arm64.deb ...
#8 235.4 Unpacking libgprofng0:arm64 (2.44-3) ...
#8 235.4 Selecting previously unselected package libctf-nobfd0:arm64.
#8 235.4 Preparing to unpack .../011-libctf-nobfd0_2.44-3_arm64.deb ...
#8 235.4 Unpacking libctf-nobfd0:arm64 (2.44-3) ...
#8 235.5 Selecting previously unselected package libctf0:arm64.
#8 235.5 Preparing to unpack .../012-libctf0_2.44-3_arm64.deb ...
#8 235.5 Unpacking libctf0:arm64 (2.44-3) ...
#8 235.5 Selecting previously unselected package libjansson4:arm64.
#8 235.5 Preparing to unpack .../013-libjansson4_2.14-2+b3_arm64.deb ...
#8 235.5 Unpacking libjansson4:arm64 (2.14-2+b3) ...
#8 235.5 Selecting previously unselected package binutils-aarch64-linux-gnu.
#8 235.5 Preparing to unpack .../014-binutils-aarch64-linux-gnu_2.44-3_arm64.deb ...
#8 235.5 Unpacking binutils-aarch64-linux-gnu (2.44-3) ...
#8 235.6 Selecting previously unselected package binutils.
#8 235.6 Preparing to unpack .../015-binutils_2.44-3_arm64.deb ...
#8 235.6 Unpacking binutils (2.44-3) ...
#8 235.6 Selecting previously unselected package libc-dev-bin.
#8 235.6 Preparing to unpack .../016-libc-dev-bin_2.41-12+deb13u3_arm64.deb ...
#8 235.6 Unpacking libc-dev-bin (2.41-12+deb13u3) ...
#8 235.6 Selecting previously unselected package linux-libc-dev.
#8 235.6 Preparing to unpack .../017-linux-libc-dev_6.12.95-1_all.deb ...
#8 235.7 Unpacking linux-libc-dev (6.12.95-1) ...
#8 236.0 Selecting previously unselected package libcrypt-dev:arm64.
#8 236.0 Preparing to unpack .../018-libcrypt-dev_1%3a4.4.38-1_arm64.deb ...
#8 236.0 Unpacking libcrypt-dev:arm64 (1:4.4.38-1) ...
#8 236.0 Selecting previously unselected package rpcsvc-proto.
#8 236.0 Preparing to unpack .../019-rpcsvc-proto_1.4.3-1+b1_arm64.deb ...
#8 236.0 Unpacking rpcsvc-proto (1.4.3-1+b1) ...
#8 236.0 Selecting previously unselected package libc6-dev:arm64.
#8 236.0 Preparing to unpack .../020-libc6-dev_2.41-12+deb13u3_arm64.deb ...
#8 236.0 Unpacking libc6-dev:arm64 (2.41-12+deb13u3) ...
#8 236.1 Selecting previously unselected package libisl23:arm64.
#8 236.1 Preparing to unpack .../021-libisl23_0.27-1_arm64.deb ...
#8 236.1 Unpacking libisl23:arm64 (0.27-1) ...
#8 236.2 Selecting previously unselected package libmpfr6:arm64.
#8 236.2 Preparing to unpack .../022-libmpfr6_4.2.2-1_arm64.deb ...
#8 236.2 Unpacking libmpfr6:arm64 (4.2.2-1) ...
#8 236.2 Selecting previously unselected package libmpc3:arm64.
#8 236.2 Preparing to unpack .../023-libmpc3_1.3.1-1+b3_arm64.deb ...
#8 236.2 Unpacking libmpc3:arm64 (1.3.1-1+b3) ...
#8 236.2 Selecting previously unselected package cpp-14-aarch64-linux-gnu.
#8 236.2 Preparing to unpack .../024-cpp-14-aarch64-linux-gnu_14.2.0-19_arm64.deb ...
#8 236.2 Unpacking cpp-14-aarch64-linux-gnu (14.2.0-19) ...
#8 236.6 Selecting previously unselected package cpp-14.
#8 236.6 Preparing to unpack .../025-cpp-14_14.2.0-19_arm64.deb ...
#8 236.6 Unpacking cpp-14 (14.2.0-19) ...
#8 236.6 Selecting previously unselected package cpp-aarch64-linux-gnu.
#8 236.6 Preparing to unpack .../026-cpp-aarch64-linux-gnu_4%3a14.2.0-1_arm64.deb ...
#8 236.6 Unpacking cpp-aarch64-linux-gnu (4:14.2.0-1) ...
#8 236.7 Selecting previously unselected package cpp.
#8 236.7 Preparing to unpack .../027-cpp_4%3a14.2.0-1_arm64.deb ...
#8 236.7 Unpacking cpp (4:14.2.0-1) ...
#8 236.7 Selecting previously unselected package libcc1-0:arm64.
#8 236.7 Preparing to unpack .../028-libcc1-0_14.2.0-19_arm64.deb ...
#8 236.7 Unpacking libcc1-0:arm64 (14.2.0-19) ...
#8 236.7 Selecting previously unselected package libgomp1:arm64.
#8 236.7 Preparing to unpack .../029-libgomp1_14.2.0-19_arm64.deb ...
#8 236.7 Unpacking libgomp1:arm64 (14.2.0-19) ...
#8 236.7 Selecting previously unselected package libitm1:arm64.
#8 236.7 Preparing to unpack .../030-libitm1_14.2.0-19_arm64.deb ...
#8 236.7 Unpacking libitm1:arm64 (14.2.0-19) ...
#8 236.7 Selecting previously unselected package libatomic1:arm64.
#8 236.7 Preparing to unpack .../031-libatomic1_14.2.0-19_arm64.deb ...
#8 236.7 Unpacking libatomic1:arm64 (14.2.0-19) ...
#8 236.7 Selecting previously unselected package libasan8:arm64.
#8 236.7 Preparing to unpack .../032-libasan8_14.2.0-19_arm64.deb ...
#8 236.7 Unpacking libasan8:arm64 (14.2.0-19) ...
#8 236.9 Selecting previously unselected package liblsan0:arm64.
#8 ...

#14 [frontend  9/13] RUN python3 -m venv .venv     && .venv/bin/python -m pip install --upgrade pip     && .venv/bin/python -m pip install -e .
#14 131.6    ━━━━━━━━━━━━━━━━━━━━━━━━━━━━━━━━━━━━━━━━ 10.8/10.8 MB 969.2 kB/s  0:00:11
#14 131.7 Downloading mcp-1.28.1-py3-none-any.whl (222 kB)
#14 131.8 Downloading httpx-0.28.1-py3-none-any.whl (73 kB)
#14 131.8 Downloading httpcore-1.0.9-py3-none-any.whl (78 kB)
#14 131.8 Downloading numpy-2.5.1-cp312-cp312-manylinux_2_27_aarch64.manylinux_2_28_aarch64.whl (15.2 MB)
#14 ...

#8 [runtime  3/29] RUN apt-get update     && apt-get install -y --no-install-recommends       build-essential       ca-certificates       curl       git       nodejs       npm       ripgrep     && rm -rf /var/lib/apt/lists/*
#8 236.9 Preparing to unpack .../033-liblsan0_14.2.0-19_arm64.deb ...
#8 236.9 Unpacking liblsan0:arm64 (14.2.0-19) ...
#8 236.9 Selecting previously unselected package libtsan2:arm64.
#8 236.9 Preparing to unpack .../034-libtsan2_14.2.0-19_arm64.deb ...
#8 236.9 Unpacking libtsan2:arm64 (14.2.0-19) ...
#8 237.1 Selecting previously unselected package libubsan1:arm64.
#8 237.1 Preparing to unpack .../035-libubsan1_14.2.0-19_arm64.deb ...
#8 237.1 Unpacking libubsan1:arm64 (14.2.0-19) ...
#8 237.1 Selecting previously unselected package libhwasan0:arm64.
#8 237.1 Preparing to unpack .../036-libhwasan0_14.2.0-19_arm64.deb ...
#8 237.1 Unpacking libhwasan0:arm64 (14.2.0-19) ...
#8 237.2 Selecting previously unselected package libgcc-14-dev:arm64.
#8 237.2 Preparing to unpack .../037-libgcc-14-dev_14.2.0-19_arm64.deb ...
#8 237.2 Unpacking libgcc-14-dev:arm64 (14.2.0-19) ...
#8 237.3 Selecting previously unselected package gcc-14-aarch64-linux-gnu.
#8 237.3 Preparing to unpack .../038-gcc-14-aarch64-linux-gnu_14.2.0-19_arm64.deb ...
#8 237.3 Unpacking gcc-14-aarch64-linux-gnu (14.2.0-19) ...
#8 237.7 Selecting previously unselected package gcc-14.
#8 237.7 Preparing to unpack .../039-gcc-14_14.2.0-19_arm64.deb ...
#8 237.7 Unpacking gcc-14 (14.2.0-19) ...
#8 237.8 Selecting previously unselected package gcc-aarch64-linux-gnu.
#8 237.8 Preparing to unpack .../040-gcc-aarch64-linux-gnu_4%3a14.2.0-1_arm64.deb ...
#8 237.8 Unpacking gcc-aarch64-linux-gnu (4:14.2.0-1) ...
#8 237.8 Selecting previously unselected package gcc.
#8 237.8 Preparing to unpack .../041-gcc_4%3a14.2.0-1_arm64.deb ...
#8 237.8 Unpacking gcc (4:14.2.0-1) ...
#8 237.8 Selecting previously unselected package libstdc++-14-dev:arm64.
#8 237.8 Preparing to unpack .../042-libstdc++-14-dev_14.2.0-19_arm64.deb ...
#8 237.8 Unpacking libstdc++-14-dev:arm64 (14.2.0-19) ...
#8 238.0 Selecting previously unselected package g++-14-aarch64-linux-gnu.
#8 238.0 Preparing to unpack .../043-g++-14-aarch64-linux-gnu_14.2.0-19_arm64.deb ...
#8 238.0 Unpacking g++-14-aarch64-linux-gnu (14.2.0-19) ...
#8 238.4 Selecting previously unselected package g++-14.
#8 238.4 Preparing to unpack .../044-g++-14_14.2.0-19_arm64.deb ...
#8 238.4 Unpacking g++-14 (14.2.0-19) ...
#8 238.4 Selecting previously unselected package g++-aarch64-linux-gnu.
#8 238.4 Preparing to unpack .../045-g++-aarch64-linux-gnu_4%3a14.2.0-1_arm64.deb ...
#8 238.4 Unpacking g++-aarch64-linux-gnu (4:14.2.0-1) ...
#8 238.4 Selecting previously unselected package g++.
#8 238.4 Preparing to unpack .../046-g++_4%3a14.2.0-1_arm64.deb ...
#8 238.4 Unpacking g++ (4:14.2.0-1) ...
#8 238.4 Selecting previously unselected package make.
#8 238.4 Preparing to unpack .../047-make_4.4.1-2_arm64.deb ...
#8 238.4 Unpacking make (4.4.1-2) ...
#8 238.4 Selecting previously unselected package libdpkg-perl.
#8 238.4 Preparing to unpack .../048-libdpkg-perl_1.22.22_all.deb ...
#8 238.4 Unpacking libdpkg-perl (1.22.22) ...
#8 238.5 Selecting previously unselected package patch.
#8 238.5 Preparing to unpack .../049-patch_2.8-2_arm64.deb ...
#8 238.5 Unpacking patch (2.8-2) ...
#8 238.5 Selecting previously unselected package dpkg-dev.
#8 238.5 Preparing to unpack .../050-dpkg-dev_1.22.22_all.deb ...
#8 238.5 Unpacking dpkg-dev (1.22.22) ...
#8 238.5 Selecting previously unselected package build-essential.
#8 238.5 Preparing to unpack .../051-build-essential_12.12_arm64.deb ...
#8 238.5 Unpacking build-essential (12.12) ...
#8 238.6 Selecting previously unselected package libbrotli1:arm64.
#8 238.6 Preparing to unpack .../052-libbrotli1_1.1.0-2+b7_arm64.deb ...
#8 238.6 Unpacking libbrotli1:arm64 (1.1.0-2+b7) ...
#8 238.6 Selecting previously unselected package libkrb5support0:arm64.
#8 238.6 Preparing to unpack .../053-libkrb5support0_1.21.3-5+deb13u1_arm64.deb ...
#8 238.6 Unpacking libkrb5support0:arm64 (1.21.3-5+deb13u1) ...
#8 238.6 Selecting previously unselected package libcom-err2:arm64.
#8 238.6 Preparing to unpack .../054-libcom-err2_1.47.2-3+b11_arm64.deb ...
#8 238.6 Unpacking libcom-err2:arm64 (1.47.2-3+b11) ...
#8 238.6 Selecting previously unselected package libk5crypto3:arm64.
#8 238.6 Preparing to unpack .../055-libk5crypto3_1.21.3-5+deb13u1_arm64.deb ...
#8 238.6 Unpacking libk5crypto3:arm64 (1.21.3-5+deb13u1) ...
#8 238.6 Selecting previously unselected package libkeyutils1:arm64.
#8 238.6 Preparing to unpack .../056-libkeyutils1_1.6.3-6_arm64.deb ...
#8 238.6 Unpacking libkeyutils1:arm64 (1.6.3-6) ...
#8 238.7 Selecting previously unselected package libkrb5-3:arm64.
#8 238.7 Preparing to unpack .../057-libkrb5-3_1.21.3-5+deb13u1_arm64.deb ...
#8 238.7 Unpacking libkrb5-3:arm64 (1.21.3-5+deb13u1) ...
#8 238.7 Selecting previously unselected package libgssapi-krb5-2:arm64.
#8 238.7 Preparing to unpack .../058-libgssapi-krb5-2_1.21.3-5+deb13u1_arm64.deb ...
#8 238.7 Unpacking libgssapi-krb5-2:arm64 (1.21.3-5+deb13u1) ...
#8 238.7 Selecting previously unselected package libunistring5:arm64.
#8 238.7 Preparing to unpack .../059-libunistring5_1.3-2_arm64.deb ...
#8 238.7 Unpacking libunistring5:arm64 (1.3-2) ...
#8 238.7 Selecting previously unselected package libidn2-0:arm64.
#8 238.7 Preparing to unpack .../060-libidn2-0_2.3.8-2_arm64.deb ...
#8 238.7 Unpacking libidn2-0:arm64 (2.3.8-2) ...
#8 238.8 Selecting previously unselected package libsasl2-modules-db:arm64.
#8 238.8 Preparing to unpack .../061-libsasl2-modules-db_2.1.28+dfsg1-9_arm64.deb ...
#8 238.8 Unpacking libsasl2-modules-db:arm64 (2.1.28+dfsg1-9) ...
#8 238.8 Selecting previously unselected package libsasl2-2:arm64.
#8 238.8 Preparing to unpack .../062-libsasl2-2_2.1.28+dfsg1-9_arm64.deb ...
#8 238.8 Unpacking libsasl2-2:arm64 (2.1.28+dfsg1-9) ...
#8 238.8 Selecting previously unselected package libldap2:arm64.
#8 238.8 Preparing to unpack .../063-libldap2_2.6.10+dfsg-1_arm64.deb ...
#8 238.8 Unpacking libldap2:arm64 (2.6.10+dfsg-1) ...
#8 238.8 Selecting previously unselected package libnghttp2-14:arm64.
#8 238.8 Preparing to unpack .../064-libnghttp2-14_1.64.0-1.1+deb13u1_arm64.deb ...
#8 238.8 Unpacking libnghttp2-14:arm64 (1.64.0-1.1+deb13u1) ...
#8 238.8 Selecting previously unselected package libnghttp3-9:arm64.
#8 238.8 Preparing to unpack .../065-libnghttp3-9_1.8.0-1_arm64.deb ...
#8 238.8 Unpacking libnghttp3-9:arm64 (1.8.0-1) ...
#8 238.8 Selecting previously unselected package libpsl5t64:arm64.
#8 238.8 Preparing to unpack .../066-libpsl5t64_0.21.2-1.1+b1_arm64.deb ...
#8 238.8 Unpacking libpsl5t64:arm64 (0.21.2-1.1+b1) ...
#8 238.9 Selecting previously unselected package libp11-kit0:arm64.
#8 238.9 Preparing to unpack .../067-libp11-kit0_0.25.5-3_arm64.deb ...
#8 238.9 Unpacking libp11-kit0:arm64 (0.25.5-3) ...
#8 238.9 Selecting previously unselected package libtasn1-6:arm64.
#8 238.9 Preparing to unpack .../068-libtasn1-6_4.20.0-2_arm64.deb ...
#8 238.9 Unpacking libtasn1-6:arm64 (4.20.0-2) ...
#8 238.9 Selecting previously unselected package libgnutls30t64:arm64.
#8 238.9 Preparing to unpack .../069-libgnutls30t64_3.8.9-3+deb13u4_arm64.deb ...
#8 238.9 Unpacking libgnutls30t64:arm64 (3.8.9-3+deb13u4) ...
#8 239.0 Selecting previously unselected package librtmp1:arm64.
#8 239.0 Preparing to unpack .../070-librtmp1_2.4+20151223.gitfa8646d.1-2+b5_arm64.deb ...
#8 239.0 Unpacking librtmp1:arm64 (2.4+20151223.gitfa8646d.1-2+b5) ...
#8 239.0 Selecting previously unselected package libssh2-1t64:arm64.
#8 239.0 Preparing to unpack .../071-libssh2-1t64_1.11.1-1+deb13u1_arm64.deb ...
#8 239.0 Unpacking libssh2-1t64:arm64 (1.11.1-1+deb13u1) ...
#8 239.0 Selecting previously unselected package libcurl4t64:arm64.
#8 239.0 Preparing to unpack .../072-libcurl4t64_8.14.1-2+deb13u3_arm64.deb ...
#8 239.0 Unpacking libcurl4t64:arm64 (8.14.1-2+deb13u3) ...
#8 239.0 Selecting previously unselected package curl.
#8 239.0 Preparing to unpack .../073-curl_8.14.1-2+deb13u3_arm64.deb ...
#8 239.0 Unpacking curl (8.14.1-2+deb13u3) ...
#8 239.0 Selecting previously unselected package node-fast-deep-equal.
#8 239.0 Preparing to unpack .../074-node-fast-deep-equal_3.1.3-3_all.deb ...
#8 239.0 Unpacking node-fast-deep-equal (3.1.3-3) ...
#8 239.1 Selecting previously unselected package node-json-schema-traverse.
#8 239.1 Preparing to unpack .../075-node-json-schema-traverse_1.0.0-3_all.deb ...
#8 239.1 Unpacking node-json-schema-traverse (1.0.0-3) ...
#8 239.1 Selecting previously unselected package node-jsonify.
#8 239.1 Preparing to unpack .../076-node-jsonify_0.0.1-1_all.deb ...
#8 239.1 Unpacking node-jsonify (0.0.1-1) ...
#8 239.1 Selecting previously unselected package node-json-stable-stringify.
#8 239.1 Preparing to unpack .../077-node-json-stable-stringify_1.0.2+repack1+~cs1.0.34-2_all.deb ...
#8 239.1 Unpacking node-json-stable-stringify (1.0.2+repack1+~cs1.0.34-2) ...
#8 239.1 Selecting previously unselected package node-punycode.
#8 239.1 Preparing to unpack .../078-node-punycode_2.3.1+~2.1.4-1_all.deb ...
#8 239.1 Unpacking node-punycode (2.3.1+~2.1.4-1) ...
#8 239.1 Selecting previously unselected package node-uri-js.
#8 239.1 Preparing to unpack .../079-node-uri-js_4.4.0+dfsg-8_all.deb ...
#8 239.1 Unpacking node-uri-js (4.4.0+dfsg-8) ...
#8 239.1 Selecting previously unselected package libcares2:arm64.
#8 239.1 Preparing to unpack .../080-libcares2_1.34.5-1+deb13u1_arm64.deb ...
#8 239.1 Unpacking libcares2:arm64 (1.34.5-1+deb13u1) ...
#8 239.1 Selecting previously unselected package libicu76:arm64.
#8 239.1 Preparing to unpack .../081-libicu76_76.1-4_arm64.deb ...
#8 239.1 Unpacking libicu76:arm64 (76.1-4) ...
#8 239.5 Selecting previously unselected package libuv1t64:arm64.
#8 239.5 Preparing to unpack .../082-libuv1t64_1.50.0-2_arm64.deb ...
#8 239.5 Unpacking libuv1t64:arm64 (1.50.0-2) ...
#8 239.5 Selecting previously unselected package node-xtend.
#8 239.5 Preparing to unpack .../083-node-xtend_4.0.2-3_all.deb ...
#8 239.5 Unpacking node-xtend (4.0.2-3) ...
#8 239.5 Selecting previously unselected package node-acorn.
#8 239.5 Preparing to unpack .../084-node-acorn_8.8.1+ds+~cs25.17.7-2_all.deb ...
#8 239.5 Unpacking node-acorn (8.8.1+ds+~cs25.17.7-2) ...
#8 239.5 Selecting previously unselected package node-cjs-module-lexer.
#8 239.5 Preparing to unpack .../085-node-cjs-module-lexer_1.2.3+dfsg-1_all.deb ...
#8 239.5 Unpacking node-cjs-module-lexer (1.2.3+dfsg-1) ...
#8 239.5 Selecting previously unselected package node-balanced-match.
#8 239.5 Preparing to unpack .../086-node-balanced-match_2.0.0-1_all.deb ...
#8 239.6 Unpacking node-balanced-match (2.0.0-1) ...
#8 239.6 Selecting previously unselected package node-brace-expansion.
#8 239.6 Preparing to unpack .../087-node-brace-expansion_2.0.1+~1.1.0-2_all.deb ...
#8 239.6 Unpacking node-brace-expansion (2.0.1+~1.1.0-2) ...
#8 239.6 Selecting previously unselected package node-minimatch.
#8 239.6 Preparing to unpack .../088-node-minimatch_9.0.3-6_all.deb ...
#8 239.6 Unpacking node-minimatch (9.0.3-6) ...
#8 239.6 Selecting previously unselected package node-undici.
#8 239.6 Preparing to unpack .../089-node-undici_7.3.0+dfsg1+~cs24.12.11-1_all.deb ...
#8 239.6 Unpacking node-undici (7.3.0+dfsg1+~cs24.12.11-1) ...
#8 239.6 Selecting previously unselected package libnode115:arm64.
#8 239.6 Preparing to unpack .../090-libnode115_20.19.2+dfsg-1+deb13u2_arm64.deb ...
#8 239.6 Unpacking libnode115:arm64 (20.19.2+dfsg-1+deb13u2) ...
#8 239.9 Selecting previously unselected package node-corepack.
#8 239.9 Preparing to unpack .../091-node-corepack_0.24.0-5_all.deb ...
#8 239.9 Unpacking node-corepack (0.24.0-5) ...
#8 240.0 Selecting previously unselected package nodejs.
#8 240.0 Preparing to unpack .../092-nodejs_20.19.2+dfsg-1+deb13u2_arm64.deb ...
#8 240.0 Unpacking nodejs (20.19.2+dfsg-1+deb13u2) ...
#8 240.0 Selecting previously unselected package node-ajv.
#8 240.0 Preparing to unpack .../093-node-ajv_8.12.0~ds+~2.1.1-5_all.deb ...
#8 240.0 Unpacking node-ajv (8.12.0~ds+~2.1.1-5) ...
#8 240.1 Selecting previously unselected package libjs-inherits.
#8 240.1 Preparing to unpack .../094-libjs-inherits_2.0.4-6_all.deb ...
#8 240.1 Unpacking libjs-inherits (2.0.4-6) ...
#8 240.1 Selecting previously unselected package node-inherits.
#8 240.1 Preparing to unpack .../095-node-inherits_2.0.4-6_all.deb ...
#8 240.1 Unpacking node-inherits (2.0.4-6) ...
#8 240.1 Selecting previously unselected package node-core-util-is.
#8 240.1 Preparing to unpack .../096-node-core-util-is_1.0.3-1_all.deb ...
#8 240.1 Unpacking node-core-util-is (1.0.3-1) ...
#8 240.1 Selecting previously unselected package node-safe-buffer.
#8 240.1 Preparing to unpack .../097-node-safe-buffer_5.2.1+~cs2.1.2-3_all.deb ...
#8 240.1 Unpacking node-safe-buffer (5.2.1+~cs2.1.2-3) ...
#8 240.1 Selecting previously unselected package node-string-decoder.
#8 240.1 Preparing to unpack .../098-node-string-decoder_1.3.0-6_all.deb ...
#8 240.1 Unpacking node-string-decoder (1.3.0-6) ...
#8 240.1 Selecting previously unselected package node-process-nextick-args.
#8 240.1 Preparing to unpack .../099-node-process-nextick-args_2.0.1-3_all.deb ...
#8 240.1 Unpacking node-process-nextick-args (2.0.1-3) ...
#8 240.2 Selecting previously unselected package node-util-deprecate.
#8 240.2 Preparing to unpack .../100-node-util-deprecate_1.0.2-3_all.deb ...
#8 240.2 Unpacking node-util-deprecate (1.0.2-3) ...
#8 240.2 Selecting previously unselected package node-isarray.
#8 240.2 Preparing to unpack .../101-node-isarray_2.0.5-4_all.deb ...
#8 240.2 Unpacking node-isarray (2.0.5-4) ...
#8 240.2 Selecting previously unselected package node-readable-stream.
#8 240.2 Preparing to unpack .../102-node-readable-stream_3.6.0+~cs3.0.0-4_all.deb ...
#8 240.2 Unpacking node-readable-stream (3.6.0+~cs3.0.0-4) ...
#8 240.2 Selecting previously unselected package node-typedarray.
#8 240.2 Preparing to unpack .../103-node-typedarray_0.0.7-1_all.deb ...
#8 240.2 Unpacking node-typedarray (0.0.7-1) ...
#8 240.2 Selecting previously unselected package node-concat-stream.
#8 240.2 Preparing to unpack .../104-node-concat-stream_2.0.0+~2.0.0-2_all.deb ...
#8 240.2 Unpacking node-concat-stream (2.0.0+~2.0.0-2) ...
#8 240.2 Selecting previously unselected package node-ms.
#8 240.2 Preparing to unpack .../105-node-ms_2.1.3+~cs0.7.31-3_all.deb ...
#8 240.2 Unpacking node-ms (2.1.3+~cs0.7.31-3) ...
#8 240.3 Selecting previously unselected package node-debug.
#8 240.3 Preparing to unpack .../106-node-debug_4.3.4+~cs4.1.7-1_all.deb ...
#8 240.3 Unpacking node-debug (4.3.4+~cs4.1.7-1) ...
#8 240.3 Selecting previously unselected package node-esutils.
#8 240.3 Preparing to unpack .../107-node-esutils_2.0.3+~2.0.0-1_all.deb ...
#8 240.3 Unpacking node-esutils (2.0.3+~2.0.0-1) ...
#8 240.3 Selecting previously unselected package node-doctrine.
#8 240.3 Preparing to unpack .../108-node-doctrine_3.0.0-4_all.deb ...
#8 240.3 Unpacking node-doctrine (3.0.0-4) ...
#8 240.3 Selecting previously unselected package node-eslint-visitor-keys.
#8 240.3 Preparing to unpack .../109-node-eslint-visitor-keys_3.3.0+~1.0.0-1_all.deb ...
#8 240.3 Unpacking node-eslint-visitor-keys (3.3.0+~1.0.0-1) ...
#8 240.3 Selecting previously unselected package node-estraverse.
#8 240.3 Preparing to unpack .../110-node-estraverse_5.3.0+ds+~5.1.1-1_all.deb ...
#8 240.3 Unpacking node-estraverse (5.3.0+ds+~5.1.1-1) ...
#8 240.3 Selecting previously unselected package node-object-assign.
#8 240.3 Preparing to unpack .../111-node-object-assign_4.1.1-7_all.deb ...
#8 240.3 Unpacking node-object-assign (4.1.1-7) ...
#8 240.3 Selecting previously unselected package node-esrecurse.
#8 240.3 Preparing to unpack .../112-node-esrecurse_4.3.0-2_all.deb ...
#8 240.3 Unpacking node-esrecurse (4.3.0-2) ...
#8 240.3 Selecting previously unselected package node-eslint-scope.
#8 240.3 Preparing to unpack .../113-node-eslint-scope_7.1.1+~3.7.4-1_all.deb ...
#8 240.3 Unpacking node-eslint-scope (7.1.1+~3.7.4-1) ...
#8 240.4 Selecting previously unselected package node-espree.
#8 240.4 Preparing to unpack .../114-node-espree_9.4.1~dfsg-2_all.deb ...
#8 240.4 Unpacking node-espree (9.4.1~dfsg-2) ...
#8 240.4 Selecting previously unselected package node-esquery.
#8 240.4 Preparing to unpack .../115-node-esquery_1.4.2~ds-1_all.deb ...
#8 240.4 Unpacking node-esquery (1.4.2~ds-1) ...
#8 240.4 Selecting previously unselected package node-eslint-utils.
#8 240.4 Preparing to unpack .../116-node-eslint-utils_3.0.0-3_all.deb ...
#8 240.4 Unpacking node-eslint-utils (3.0.0-3) ...
#8 240.4 Selecting previously unselected package node-flatted.
#8 240.4 Preparing to unpack .../117-node-flatted_3.2.7~ds-1+deb13u1_all.deb ...
#8 240.4 Unpacking node-flatted (3.2.7~ds-1+deb13u1) ...
#8 240.4 Selecting previously unselected package node-fs.realpath.
#8 240.4 Preparing to unpack .../118-node-fs.realpath_1.0.0-3_all.deb ...
#8 240.4 Unpacking node-fs.realpath (1.0.0-3) ...
#8 240.4 Selecting previously unselected package node-wrappy.
#8 240.4 Preparing to unpack .../119-node-wrappy_1.0.2-3_all.deb ...
#8 240.4 Unpacking node-wrappy (1.0.2-3) ...
#8 240.4 Selecting previously unselected package node-once.
#8 240.4 Preparing to unpack .../120-node-once_1.4.1-1_all.deb ...
#8 240.4 Unpacking node-once (1.4.1-1) ...
#8 240.4 Selecting previously unselected package node-inflight.
#8 240.4 Preparing to unpack .../121-node-inflight_1.0.6-2_all.deb ...
#8 240.4 Unpacking node-inflight (1.0.6-2) ...
#8 240.5 Selecting previously unselected package node-glob.
#8 240.5 Preparing to unpack .../122-node-glob_8.1.0+~cs8.5.15-1_all.deb ...
#8 240.5 Unpacking node-glob (8.1.0+~cs8.5.15-1) ...
#8 240.5 Selecting previously unselected package node-rimraf.
#8 240.5 Preparing to unpack .../123-node-rimraf_3.0.2-2_all.deb ...
#8 240.5 Unpacking node-rimraf (3.0.2-2) ...
#8 240.5 Selecting previously unselected package node-write.
#8 240.5 Preparing to unpack .../124-node-write_2.0.0~6.0.1+~3.0.4+~2.0.0+~1.0.0+~2.0.1-1_all.deb ...
#8 240.5 Unpacking node-write (2.0.0~6.0.1+~3.0.4+~2.0.0+~1.0.0+~2.0.1-1) ...
#8 240.5 Selecting previously unselected package node-flat-cache.
#8 240.5 Preparing to unpack .../125-node-flat-cache_3.0.4~6.0.1+~3.0.4+~2.0.0+~1.0.0+~2.0.1-1_all.deb ...
#8 240.5 Unpacking node-flat-cache (3.0.4~6.0.1+~3.0.4+~2.0.0+~1.0.0+~2.0.1-1) ...
#8 240.5 Selecting previously unselected package node-file-entry-cache.
#8 240.5 Preparing to unpack .../126-node-file-entry-cache_6.0.1+~3.0.4+~2.0.0+~1.0.0+~2.0.1-1_all.deb ...
#8 240.5 Unpacking node-file-entry-cache (6.0.1+~3.0.4+~2.0.0+~1.0.0+~2.0.1-1) ...
#8 240.5 Selecting previously unselected package node-functional-red-black-tree.
#8 240.5 Preparing to unpack .../127-node-functional-red-black-tree_1.0.1+20181105-7_all.deb ...
#8 240.5 Unpacking node-functional-red-black-tree (1.0.1+20181105-7) ...
#8 240.5 Selecting previously unselected package node-is-extglob.
#8 240.5 Preparing to unpack .../128-node-is-extglob_2.1.1-5_all.deb ...
#8 240.5 Unpacking node-is-extglob (2.1.1-5) ...
#8 240.5 Selecting previously unselected package node-is-glob.
#8 240.5 Preparing to unpack .../129-node-is-glob_4.0.3-2_all.deb ...
#8 240.5 Unpacking node-is-glob (4.0.3-2) ...
#8 240.6 Selecting previously unselected package node-path-dirname.
#8 240.6 Preparing to unpack .../130-node-path-dirname_1.0.2-2_all.deb ...
#8 240.6 Unpacking node-path-dirname (1.0.2-2) ...
#8 240.6 Selecting previously unselected package node-glob-parent.
#8 240.6 Preparing to unpack .../131-node-glob-parent_6.0.2+~5.1.1-2_all.deb ...
#8 240.6 Unpacking node-glob-parent (6.0.2+~5.1.1-2) ...
#8 240.6 Selecting previously unselected package node-globals.
#8 240.6 Preparing to unpack .../132-node-globals_13.23.0-1_all.deb ...
#8 240.6 Unpacking node-globals (13.23.0-1) ...
#8 240.6 Selecting previously unselected package node-resolve-from.
#8 240.6 Preparing to unpack .../133-node-resolve-from_5.0.0+~3.1.0+~3.3.0+~2.0.0-1_all.deb ...
#8 240.6 Unpacking node-resolve-from (5.0.0+~3.1.0+~3.3.0+~2.0.0-1) ...
#8 240.6 Selecting previously unselected package node-imurmurhash.
#8 240.6 Preparing to unpack .../134-node-imurmurhash_0.1.4+dfsg+~0.1.1-2_all.deb ...
#8 240.6 Unpacking node-imurmurhash (0.1.4+dfsg+~0.1.1-2) ...
#8 240.6 Selecting previously unselected package node-ignore.
#8 240.6 Preparing to unpack .../135-node-ignore_5.2.1-1_all.deb ...
#8 240.6 Unpacking node-ignore (5.2.1-1) ...
#8 240.6 Selecting previously unselected package node-prelude-ls.
#8 240.6 Preparing to unpack .../136-node-prelude-ls_1.2.1+dfsg-3_all.deb ...
#8 240.6 Unpacking node-prelude-ls (1.2.1+dfsg-3) ...
#8 240.6 Selecting previously unselected package node-type-check.
#8 240.6 Preparing to unpack .../137-node-type-check_0.4.0+dfsg-3_all.deb ...
#8 240.6 Unpacking node-type-check (0.4.0+dfsg-3) ...
#8 240.7 Selecting previously unselected package node-levn.
#8 240.7 Preparing to unpack .../138-node-levn_0.4.1+dfsg-2_all.deb ...
#8 240.7 Unpacking node-levn (0.4.1+dfsg-2) ...
#8 240.7 Selecting previously unselected package node-lodash.
#8 240.7 Preparing to unpack .../139-node-lodash_4.17.21+dfsg+~cs8.31.198.20210220-9_all.deb ...
#8 240.7 Unpacking node-lodash (4.17.21+dfsg+~cs8.31.198.20210220-9) ...
#8 240.9 Selecting previously unselected package node-memfs.
#8 240.9 Preparing to unpack .../140-node-memfs_3.4.12+~cs1.0.3-1_all.deb ...
#8 240.9 Unpacking node-memfs (3.4.12+~cs1.0.3-1) ...
#8 240.9 Selecting previously unselected package node-mkdirp.
#8 240.9 Preparing to unpack .../141-node-mkdirp_2.1.6+~cs5.2.1-2_all.deb ...
#8 240.9 Unpacking node-mkdirp (2.1.6+~cs5.2.1-2) ...
#8 240.9 Selecting previously unselected package node-deep-is.
#8 240.9 Preparing to unpack .../142-node-deep-is_0.1.4-1_all.deb ...
#8 240.9 Unpacking node-deep-is (0.1.4-1) ...
#8 240.9 Selecting previously unselected package node-fast-levenshtein.
#8 240.9 Preparing to unpack .../143-node-fast-levenshtein_2.0.6+ds-3_all.deb ...
#8 240.9 Unpacking node-fast-levenshtein (2.0.6+ds-3) ...
#8 241.0 Selecting previously unselected package node-optionator.
#8 241.0 Preparing to unpack .../144-node-optionator_0.9.1+dfsg+~cs1.2.3-1_all.deb ...
#8 241.0 Unpacking node-optionator (0.9.1+dfsg+~cs1.2.3-1) ...
#8 241.0 Selecting previously unselected package node-progress.
#8 241.0 Preparing to unpack .../145-node-progress_2.0.3-2_all.deb ...
#8 241.0 Unpacking node-progress (2.0.3-2) ...
#8 241.0 Selecting previously unselected package libjs-regenerate.
#8 241.0 Preparing to unpack .../146-libjs-regenerate_1.4.2-3_all.deb ...
#8 241.0 Unpacking libjs-regenerate (1.4.2-3) ...
#8 241.0 Selecting previously unselected package node-regenerate.
#8 241.0 Preparing to unpack .../147-node-regenerate_1.4.2-3_all.deb ...
#8 241.0 Unpacking node-regenerate (1.4.2-3) ...
#8 241.0 Selecting previously unselected package node-regenerate-unicode-properties.
#8 241.0 Preparing to unpack .../148-node-regenerate-unicode-properties_10.1.0+ds-1_all.deb ...
#8 241.0 Unpacking node-regenerate-unicode-properties (10.1.0+ds-1) ...
#8 241.0 Selecting previously unselected package node-regexpp.
#8 241.0 Preparing to unpack .../149-node-regexpp_3.2.0-5_all.deb ...
#8 241.0 Unpacking node-regexpp (3.2.0-5) ...
#8 241.1 Selecting previously unselected package node-lru-cache.
#8 241.1 Preparing to unpack .../150-node-lru-cache_10.0.1-3_all.deb ...
#8 241.1 Unpacking node-lru-cache (10.0.1-3) ...
#8 241.1 Selecting previously unselected package node-semver.
#8 241.1 Preparing to unpack .../151-node-semver_7.6.1+~7.5.8-2_all.deb ...
#8 241.1 Unpacking node-semver (7.6.1+~7.5.8-2) ...
#8 241.1 Selecting previously unselected package node-strip-json-comments.
#8 241.1 Preparing to unpack .../152-node-strip-json-comments_4.0.0-4_all.deb ...
#8 241.1 Unpacking node-strip-json-comments (4.0.0-4) ...
#8 241.1 Selecting previously unselected package node-json-schema.
#8 241.1 Preparing to unpack .../153-node-json-schema_0.4.0+~7.0.11-1_all.deb ...
#8 241.1 Unpacking node-json-schema (0.4.0+~7.0.11-1) ...
#8 241.1 Selecting previously unselected package node-v8-compile-cache.
#8 241.1 Preparing to unpack .../154-node-v8-compile-cache_2.4.0-2_all.deb ...
#8 241.1 Unpacking node-v8-compile-cache (2.4.0-2) ...
#8 241.1 Selecting previously unselected package eslint.
#8 241.1 Preparing to unpack .../155-eslint_6.4.0~dfsg+~6.1.9-12_all.deb ...
#8 241.2 Unpacking eslint (6.4.0~dfsg+~6.1.9-12) ...
#8 241.2 Selecting previously unselected package libngtcp2-16:arm64.
#8 241.2 Preparing to unpack .../156-libngtcp2-16_1.11.0-1+deb13u1_arm64.deb ...
#8 241.2 Unpacking libngtcp2-16:arm64 (1.11.0-1+deb13u1) ...
#8 241.2 Selecting previously unselected package libngtcp2-crypto-gnutls8:arm64.
#8 241.2 Preparing to unpack .../157-libngtcp2-crypto-gnutls8_1.11.0-1+deb13u1_arm64.deb ...
#8 241.2 Unpacking libngtcp2-crypto-gnutls8:arm64 (1.11.0-1+deb13u1) ...
#8 241.2 Selecting previously unselected package libcurl3t64-gnutls:arm64.
#8 241.2 Preparing to unpack .../158-libcurl3t64-gnutls_8.14.1-2+deb13u3_arm64.deb ...
#8 241.2 Unpacking libcurl3t64-gnutls:arm64 (8.14.1-2+deb13u3) ...
#8 241.3 Selecting previously unselected package liberror-perl.
#8 241.3 Preparing to unpack .../159-liberror-perl_0.17030-1_all.deb ...
#8 241.3 Unpacking liberror-perl (0.17030-1) ...
#8 241.3 Selecting previously unselected package git-man.
#8 241.3 Preparing to unpack .../160-git-man_1%3a2.47.3-0+deb13u1_all.deb ...
#8 241.3 Unpacking git-man (1:2.47.3-0+deb13u1) ...
#8 241.3 Selecting previously unselected package git.
#8 241.3 Preparing to unpack .../161-git_1%3a2.47.3-0+deb13u1_arm64.deb ...
#8 241.3 Unpacking git (1:2.47.3-0+deb13u1) ...
#8 241.6 Selecting previously unselected package python3-packaging.
#8 241.6 Preparing to unpack .../162-python3-packaging_25.0-1_all.deb ...
#8 241.6 Unpacking python3-packaging (25.0-1) ...
#8 241.6 Selecting previously unselected package gyp.
#8 241.6 Preparing to unpack .../163-gyp_0.16.2-2_all.deb ...
#8 241.6 Unpacking gyp (0.16.2-2) ...
#8 241.6 Selecting previously unselected package node-neo-async.
#8 241.6 Preparing to unpack .../164-node-neo-async_2.6.2+~cs3.0.0-3_all.deb ...
#8 241.6 Unpacking node-neo-async (2.6.2+~cs3.0.0-3) ...
#8 241.6 Selecting previously unselected package node-arrify.
#8 241.6 Preparing to unpack .../165-node-arrify_2.0.1-3_all.deb ...
#8 241.6 Unpacking node-arrify (2.0.1-3) ...
#8 241.6 Selecting previously unselected package node-is-plain-obj.
#8 241.6 Preparing to unpack .../166-node-is-plain-obj_3.0.0-2_all.deb ...
#8 241.6 Unpacking node-is-plain-obj (3.0.0-2) ...
#8 241.7 Selecting previously unselected package node-is-buffer.
#8 241.7 Preparing to unpack .../167-node-is-buffer_2.0.5-2_all.deb ...
#8 241.7 Unpacking node-is-buffer (2.0.5-2) ...
#8 241.7 Selecting previously unselected package node-kind-of.
#8 241.7 Preparing to unpack .../168-node-kind-of_6.0.3+dfsg-2_all.deb ...
#8 241.7 Unpacking node-kind-of (6.0.3+dfsg-2) ...
#8 241.7 Selecting previously unselected package node-minimist.
#8 241.7 Preparing to unpack .../169-node-minimist_1.2.8+~cs5.3.5-1_all.deb ...
#8 241.7 Unpacking node-minimist (1.2.8+~cs5.3.5-1) ...
#8 241.7 Selecting previously unselected package node-wordwrap.
#8 241.7 Preparing to unpack .../170-node-wordwrap_1.0.0-4_all.deb ...
#8 241.7 Unpacking node-wordwrap (1.0.0-4) ...
#8 241.7 Selecting previously unselected package node-optimist.
#8 241.7 Preparing to unpack .../171-node-optimist_0.6.1+~0.0.30-2_all.deb ...
#8 241.7 Unpacking node-optimist (0.6.1+~0.0.30-2) ...
#8 241.7 Selecting previously unselected package libjs-source-map.
#8 241.7 Preparing to unpack .../172-libjs-source-map_0.7.0++dfsg2+really.0.6.1-15_all.deb ...
#8 241.7 Unpacking libjs-source-map (0.7.0++dfsg2+really.0.6.1-15) ...
#8 241.7 Selecting previously unselected package node-source-map.
#8 241.7 Preparing to unpack .../173-node-source-map_0.7.0++dfsg2+really.0.6.1-15_all.deb ...
#8 241.7 Unpacking node-source-map (0.7.0++dfsg2+really.0.6.1-15) ...
#8 241.7 Selecting previously unselected package handlebars.
#8 241.7 Preparing to unpack .../174-handlebars_3%3a4.7.7+~4.1.0-1_all.deb ...
#8 241.8 Unpacking handlebars (3:4.7.7+~4.1.0-1) ...
#8 241.8 Selecting previously unselected package libjs-events.
#8 241.8 Preparing to unpack .../175-libjs-events_3.3.0+~3.0.0-3_all.deb ...
#8 241.8 Unpacking libjs-events (3.3.0+~3.0.0-3) ...
#8 241.8 Selecting previously unselected package libjs-is-typedarray.
#8 241.8 Preparing to unpack .../176-libjs-is-typedarray_1.0.0-4_all.deb ...
#8 241.8 Unpacking libjs-is-typedarray (1.0.0-4) ...
#8 241.8 Selecting previously unselected package libjs-prettify.
#8 241.8 Preparing to unpack .../177-libjs-prettify_2015.12.04+dfsg-1.1_all.deb ...
#8 241.8 Unpacking libjs-prettify (2015.12.04+dfsg-1.1) ...
#8 241.8 Selecting previously unselected package libjs-sprintf-js.
#8 241.8 Preparing to unpack .../178-libjs-sprintf-js_1.1.2+ds1+~1.1.2-1_all.deb ...
#8 241.8 Unpacking libjs-sprintf-js (1.1.2+ds1+~1.1.2-1) ...
#8 241.8 Selecting previously unselected package libjs-typedarray-to-buffer.
#8 241.8 Preparing to unpack .../179-libjs-typedarray-to-buffer_4.0.0-2_all.deb ...
#8 241.8 Unpacking libjs-typedarray-to-buffer (4.0.0-2) ...
#8 241.8 Selecting previously unselected package node-lodash-packages.
#8 241.8 Preparing to unpack .../180-node-lodash-packages_4.17.21+dfsg+~cs8.31.198.20210220-9_all.deb ...
#8 241.8 Unpacking node-lodash-packages (4.17.21+dfsg+~cs8.31.198.20210220-9) ...
#8 242.0 Selecting previously unselected package node-function-bind.
#8 242.0 Preparing to unpack .../181-node-function-bind_1.1.2+~cs2.1.14-1_all.deb ...
#8 242.0 Unpacking node-function-bind (1.1.2+~cs2.1.14-1) ...
#8 242.0 Selecting previously unselected package node-object-inspect.
#8 242.0 Preparing to unpack .../182-node-object-inspect_1.12.2+~cs1.8.1-1_all.deb ...
#8 242.0 Unpacking node-object-inspect (1.12.2+~cs1.8.1-1) ...
#8 242.0 Selecting previously unselected package node-es-abstract.
#8 242.0 Preparing to unpack .../183-node-es-abstract_1.20.4+~cs26.27.47-2_all.deb ...
#8 242.0 Unpacking node-es-abstract (1.20.4+~cs26.27.47-2) ...
#8 242.1 Selecting previously unselected package node-resolve.
#8 242.1 Preparing to unpack .../184-node-resolve_1.22.8+~cs5.34.15-2_all.deb ...
#8 242.1 Unpacking node-resolve (1.22.8+~cs5.34.15-2) ...
#8 242.1 Selecting previously unselected package node-define-properties.
#8 242.1 Preparing to unpack .../185-node-define-properties_1.2.1+~cs2.2.3-1_all.deb ...
#8 242.1 Unpacking node-define-properties (1.2.1+~cs2.2.3-1) ...
#8 242.1 Selecting previously unselected package node-debbundle-es-to-primitive.
#8 242.1 Preparing to unpack .../186-node-debbundle-es-to-primitive_1.2.1+~cs9.7.25-2_all.deb ...
#8 242.1 Unpacking node-debbundle-es-to-primitive (1.2.1+~cs9.7.25-2) ...
#8 242.1 Selecting previously unselected package node-isobject.
#8 242.1 Preparing to unpack .../187-node-isobject_4.0.0-2_all.deb ...
#8 242.1 Unpacking node-isobject (4.0.0-2) ...
#8 242.1 Selecting previously unselected package node-is-descriptor.
#8 242.2 Preparing to unpack .../188-node-is-descriptor_3.0.0-2_all.deb ...
#8 242.2 Unpacking node-is-descriptor (3.0.0-2) ...
#8 242.2 Selecting previously unselected package node-define-property.
#8 242.2 Preparing to unpack .../189-node-define-property_2.0.2+really+2.0.2-3_all.deb ...
#8 242.2 Unpacking node-define-property (2.0.2+really+2.0.2-3) ...
#8 242.2 Selecting previously unselected package node-defined.
#8 242.2 Preparing to unpack .../190-node-defined_1.0.1+~1.0.0-1_all.deb ...
#8 242.2 Unpacking node-defined (1.0.1+~1.0.0-1) ...
#8 242.2 Selecting previously unselected package node-abbrev.
#8 242.2 Preparing to unpack .../191-node-abbrev_1.1.1+~1.1.2-1_all.deb ...
#8 242.2 Unpacking node-abbrev (1.1.1+~1.1.2-1) ...
#8 242.2 Selecting previously unselected package node-archy.
#8 242.2 Preparing to unpack .../192-node-archy_1.0.0-6_all.deb ...
#8 242.2 Unpacking node-archy (1.0.0-6) ...
#8 242.2 Selecting previously unselected package node-async.
#8 242.2 Preparing to unpack .../193-node-async_3.2.6+dfsg-2_all.deb ...
#8 242.2 Unpacking node-async (3.2.6+dfsg-2) ...
#8 242.2 Selecting previously unselected package node-convert-source-map.
#8 242.2 Preparing to unpack .../194-node-convert-source-map_1.9.0+~1.5.2-1_all.deb ...
#8 242.2 Unpacking node-convert-source-map (1.9.0+~1.5.2-1) ...
#8 242.3 Selecting previously unselected package node-decamelize.
#8 242.3 Preparing to unpack .../195-node-decamelize_4.0.0-2_all.deb ...
#8 242.3 Unpacking node-decamelize (4.0.0-2) ...
#8 242.3 Selecting previously unselected package node-es6-error.
#8 242.3 Preparing to unpack .../196-node-es6-error_4.1.1-5_all.deb ...
#8 242.3 Unpacking node-es6-error (4.1.1-5) ...
#8 242.3 Selecting previously unselected package node-esprima.
#8 242.3 Preparing to unpack .../197-node-esprima_4.0.1+ds+~4.0.3-2_all.deb ...
#8 242.3 Unpacking node-esprima (4.0.1+ds+~4.0.3-2) ...
#8 242.3 Selecting previously unselected package node-escodegen.
#8 242.3 Preparing to unpack .../198-node-escodegen_2.1.0+dfsg+~0.0.8-1_all.deb ...
#8 242.3 Unpacking node-escodegen (2.1.0+dfsg+~0.0.8-1) ...
#8 242.3 Selecting previously unselected package node-commondir.
#8 242.3 Preparing to unpack .../199-node-commondir_1.0.1+~1.0.0-1_all.deb ...
#8 242.3 Unpacking node-commondir (1.0.1+~1.0.0-1) ...
#8 242.3 Selecting previously unselected package node-is-number.
#8 242.4 Preparing to unpack .../200-node-is-number_7.0.0-4_all.deb ...
#8 242.4 Unpacking node-is-number (7.0.0-4) ...
#8 242.4 Selecting previously unselected package node-repeat-string.
#8 242.4 Preparing to unpack .../201-node-repeat-string_1.6.1+repack-1_all.deb ...
#8 242.4 Unpacking node-repeat-string (1.6.1+repack-1) ...
#8 242.4 Selecting previously unselected package node-to-regex-range.
#8 242.4 Preparing to unpack .../202-node-to-regex-range_5.0.1-4_all.deb ...
#8 242.4 Unpacking node-to-regex-range (5.0.1-4) ...
#8 242.4 Selecting previously unselected package node-fill-range.
#8 242.4 Preparing to unpack .../203-node-fill-range_7.1.1+~7.0.3-1_all.deb ...
#8 242.4 Unpacking node-fill-range (7.1.1+~7.0.3-1) ...
#8 242.4 Selecting previously unselected package node-braces.
#8 242.4 Preparing to unpack .../204-node-braces_3.0.3+~3.0.5-1_all.deb ...
#8 242.4 Unpacking node-braces (3.0.3+~3.0.5-1) ...
#8 242.4 Selecting previously unselected package node-normalize-path.
#8 242.4 Preparing to unpack .../205-node-normalize-path_3.0.0+~3.0.0-1_all.deb ...
#8 242.4 Unpacking node-normalize-path (3.0.0+~3.0.0-1) ...
#8 242.4 Selecting previously unselected package node-anymatch.
#8 242.4 Preparing to unpack .../206-node-anymatch_3.1.3+~cs4.6.1-2_all.deb ...
#8 242.4 Unpacking node-anymatch (3.1.3+~cs4.6.1-2) ...
#8 242.4 Selecting previously unselected package node-micromatch.
#8 242.4 Preparing to unpack .../207-node-micromatch_4.0.7+~4.0.9-1_all.deb ...
#8 242.4 Unpacking node-micromatch (4.0.7+~4.0.9-1) ...
#8 242.5 Selecting previously unselected package node-pify.
#8 242.5 Preparing to unpack .../208-node-pify_5.0.0+~cs5.0.1-1_all.deb ...
#8 242.5 Unpacking node-pify (5.0.0+~cs5.0.1-1) ...
#8 242.5 Selecting previously unselected package node-path-type.
#8 242.5 Preparing to unpack .../209-node-path-type_4.0.0-3_all.deb ...
#8 242.5 Unpacking node-path-type (4.0.0-3) ...
#8 242.5 Selecting previously unselected package node-n3.
#8 242.5 Preparing to unpack .../210-node-n3_1.16.3+~1.2.3+~1.10.4-1_all.deb ...
#8 242.5 Unpacking node-n3 (1.16.3+~1.2.3+~1.10.4-1) ...
#8 242.5 Selecting previously unselected package node-slash.
#8 242.5 Preparing to unpack .../211-node-slash_4.0.0-3_all.deb ...
#8 242.5 Unpacking node-slash (4.0.0-3) ...
#8 242.5 Selecting previously unselected package node-globby.
#8 242.5 Preparing to unpack .../212-node-globby_13.1.3+~cs16.25.40-3_all.deb ...
#8 242.5 Unpacking node-globby (13.1.3+~cs16.25.40-3) ...
#8 242.5 Selecting previously unselected package node-graceful-fs.
#8 242.5 Preparing to unpack .../213-node-graceful-fs_4.2.10-1_all.deb ...
#8 242.5 Unpacking node-graceful-fs (4.2.10-1) ...
#8 242.5 Selecting previously unselected package node-is-path-cwd.
#8 242.5 Preparing to unpack .../214-node-is-path-cwd_2.2.0-2_all.deb ...
#8 242.5 Unpacking node-is-path-cwd (2.2.0-2) ...
#8 242.6 Selecting previously unselected package node-path-is-inside.
#8 242.6 Preparing to unpack .../215-node-path-is-inside_1.0.2+~1.0.0-1_all.deb ...
#8 242.6 Unpacking node-path-is-inside (1.0.2+~1.0.0-1) ...
#8 242.6 Selecting previously unselected package node-is-path-inside.
#8 242.6 Preparing to unpack .../216-node-is-path-inside_3.0.3-2_all.deb ...
#8 242.6 Unpacking node-is-path-inside (3.0.3-2) ...
#8 242.6 Selecting previously unselected package node-escape-string-regexp.
#8 242.6 Preparing to unpack .../217-node-escape-string-regexp_4.0.0-2_all.deb ...
#8 242.6 Unpacking node-escape-string-regexp (4.0.0-2) ...
#8 242.6 Selecting previously unselected package node-indent-string.
#8 242.6 Preparing to unpack .../218-node-indent-string_4.0.0-2_all.deb ...
#8 242.6 Unpacking node-indent-string (4.0.0-2) ...
#8 242.6 Selecting previously unselected package node-p-map.
#8 242.6 Preparing to unpack .../219-node-p-map_4.0.0+~3.1.0+~3.0.1-2_all.deb ...
#8 242.6 Unpacking node-p-map (4.0.0+~3.1.0+~3.0.1-2) ...
#8 242.6 Selecting previously unselected package node-del.
#8 242.6 Preparing to unpack .../220-node-del_7.1.0-1_all.deb ...
#8 242.6 Unpacking node-del (7.1.0-1) ...
#8 242.6 Selecting previously unselected package node-make-dir.
#8 242.6 Preparing to unpack .../221-node-make-dir_3.1.0-3_all.deb ...
#8 242.6 Unpacking node-make-dir (3.1.0-3) ...
#8 242.6 Selecting previously unselected package node-p-limit.
#8 242.6 Preparing to unpack .../222-node-p-limit_4.0.0+~cs4.0.0-5_all.deb ...
#8 242.6 Unpacking node-p-limit (4.0.0+~cs4.0.0-5) ...
#8 242.7 Selecting previously unselected package node-p-locate.
#8 242.7 Preparing to unpack .../223-node-p-locate_6.0.0-12_all.deb ...
#8 242.7 Unpacking node-p-locate (6.0.0-12) ...
#8 242.7 Selecting previously unselected package node-locate-path.
#8 242.7 Preparing to unpack .../224-node-locate-path_7.1.1-2_all.deb ...
#8 242.7 Unpacking node-locate-path (7.1.1-2) ...
#8 242.7 Selecting previously unselected package node-path-exists.
#8 242.7 Preparing to unpack .../225-node-path-exists_5.0.0-8_all.deb ...
#8 242.7 Unpacking node-path-exists (5.0.0-8) ...
#8 242.7 Selecting previously unselected package node-find-up.
#8 242.7 Preparing to unpack .../226-node-find-up_6.3.0-7_all.deb ...
#8 242.7 Unpacking node-find-up (6.3.0-7) ...
#8 242.7 Selecting previously unselected package node-pkg-dir.
#8 242.7 Preparing to unpack .../227-node-pkg-dir_5.0.0-2_all.deb ...
#8 242.7 Unpacking node-pkg-dir (5.0.0-2) ...
#8 242.7 Selecting previously unselected package node-find-cache-dir.
#8 242.7 Preparing to unpack .../228-node-find-cache-dir_3.3.2+~3.2.1-1_all.deb ...
#8 242.7 Unpacking node-find-cache-dir (3.3.2+~3.2.1-1) ...
#8 242.7 Selecting previously unselected package node-signal-exit.
#8 242.7 Preparing to unpack .../229-node-signal-exit_4.1.0-7_all.deb ...
#8 242.7 Unpacking node-signal-exit (4.1.0-7) ...
#8 242.7 Selecting previously unselected package node-foreground-child.
#8 242.7 Preparing to unpack .../230-node-foreground-child_3.1.1-2_all.deb ...
#8 242.8 Unpacking node-foreground-child (3.1.1-2) ...
#8 242.8 Selecting previously unselected package node-is-stream.
#8 242.8 Preparing to unpack .../231-node-is-stream_3.0.0-4_all.deb ...
#8 242.8 Unpacking node-is-stream (3.0.0-4) ...
#8 242.8 Selecting previously unselected package node-is-windows.
#8 242.8 Preparing to unpack .../232-node-is-windows_1.0.2+~cs1.0.0-1_all.deb ...
#8 242.8 Unpacking node-is-windows (1.0.2+~cs1.0.0-1) ...
#8 242.8 Selecting previously unselected package node-ampproject-remapping.
#8 242.8 Preparing to unpack .../233-node-ampproject-remapping_2.2.0+~cs5.15.37-1_all.deb ...
#8 242.8 Unpacking node-ampproject-remapping (2.2.0+~cs5.15.37-1) ...
#8 242.8 Selecting previously unselected package node-sprintf-js.
#8 242.8 Preparing to unpack .../234-node-sprintf-js_1.1.2+ds1+~1.1.2-1_all.deb ...
#8 242.8 Unpacking node-sprintf-js (1.1.2+ds1+~1.1.2-1) ...
#8 242.8 Selecting previously unselected package node-argparse.
#8 242.8 Preparing to unpack .../235-node-argparse_2.0.1-2_all.deb ...
#8 242.8 Unpacking node-argparse (2.0.1-2) ...
#8 242.8 Selecting previously unselected package node-js-yaml.
#8 242.8 Preparing to unpack .../236-node-js-yaml_4.1.0+dfsg+~4.0.5-7_all.deb ...
#8 242.8 Unpacking node-js-yaml (4.1.0+dfsg+~4.0.5-7) ...
#8 242.9 Selecting previously unselected package node-nopt.
#8 242.9 Preparing to unpack .../237-node-nopt_5.0.0-4_all.deb ...
#8 242.9 Unpacking node-nopt (5.0.0-4) ...
#8 242.9 Selecting previously unselected package node-npm-run-path.
#8 242.9 Preparing to unpack .../238-node-npm-run-path_5.1.0+~4.0.0-8_all.deb ...
#8 242.9 Unpacking node-npm-run-path (5.1.0+~4.0.0-8) ...
#8 242.9 Selecting previously unselected package node-shebang-regex.
#8 242.9 Preparing to unpack .../239-node-shebang-regex_3.0.0-2_all.deb ...
#8 242.9 Unpacking node-shebang-regex (3.0.0-2) ...
#8 242.9 Selecting previously unselected package node-shebang-command.
#8 242.9 Preparing to unpack .../240-node-shebang-command_2.0.0-1_all.deb ...
#8 242.9 Unpacking node-shebang-command (2.0.0-1) ...
#8 242.9 Selecting previously unselected package node-strip-bom.
#8 242.9 Preparing to unpack .../241-node-strip-bom_4.0.0-2_all.deb ...
#8 242.9 Unpacking node-strip-bom (4.0.0-2) ...
#8 242.9 Selecting previously unselected package node-has-flag.
#8 242.9 Preparing to unpack .../242-node-has-flag_5.0.1-1_all.deb ...
#8 242.9 Unpacking node-has-flag (5.0.1-1) ...
#8 242.9 Selecting previously unselected package node-supports-color.
#8 242.9 Preparing to unpack .../243-node-supports-color_8.1.1+~8.1.1-1_all.deb ...
#8 242.9 Unpacking node-supports-color (8.1.1+~8.1.1-1) ...
#8 242.9 Selecting previously unselected package node-util.
#8 242.9 Preparing to unpack .../244-node-util_0.12.5+~1.0.10-1_all.deb ...
#8 242.9 Unpacking node-util (0.12.5+~1.0.10-1) ...
#8 242.9 Selecting previously unselected package node-assert.
#8 243.0 Preparing to unpack .../245-node-assert_2.0.0+~cs3.9.8-2_all.deb ...
#8 243.0 Unpacking node-assert (2.0.0+~cs3.9.8-2) ...
#8 243.0 Selecting previously unselected package node-babel-plugin-add-module-exports.
#8 243.0 Preparing to unpack .../246-node-babel-plugin-add-module-exports_1.0.4+dfsg1~cs5.8.0-4_all.deb ...
#8 243.0 Unpacking node-babel-plugin-add-module-exports (1.0.4+dfsg1~cs5.8.0-4) ...
#8 243.0 Selecting previously unselected package node-regenerator-runtime.
#8 243.0 Preparing to unpack .../247-node-regenerator-runtime_0.15.2+~0.10.8-1_all.deb ...
#8 243.0 Unpacking node-regenerator-runtime (0.15.2+~0.10.8-1) ...
#8 243.0 Selecting previously unselected package node-babel7-runtime.
#8 243.0 Preparing to unpack .../248-node-babel7-runtime_7.20.15+ds1+~cs214.269.168-8_all.deb ...
#8 243.0 Unpacking node-babel7-runtime (7.20.15+ds1+~cs214.269.168-8) ...
#8 243.0 Selecting previously unselected package node-babel-helper-define-polyfill-provider.
#8 243.0 Preparing to unpack .../249-node-babel-helper-define-polyfill-provider_0.3.3~0~20220913+ds1-1_all.deb ...
#8 243.0 Unpacking node-babel-helper-define-polyfill-provider (0.3.3~0~20220913+ds1-1) ...
#8 243.0 Selecting previously unselected package node-babel-plugin-polyfill-corejs2.
#8 243.0 Preparing to unpack .../250-node-babel-plugin-polyfill-corejs2_0.3.3~0~20220913+ds1-1_all.deb ...
#8 243.0 Unpacking node-babel-plugin-polyfill-corejs2 (0.3.3~0~20220913+ds1-1) ...
#8 243.1 Selecting previously unselected package node-caniuse-lite.
#8 243.1 Preparing to unpack .../251-node-caniuse-lite_1.0.30001723+dfsg+~1.0.5-1_all.deb ...
#8 243.1 Unpacking node-caniuse-lite (1.0.30001723+dfsg+~1.0.5-1) ...
#8 243.1 Selecting previously unselected package node-electron-to-chromium.
#8 243.1 Preparing to unpack .../252-node-electron-to-chromium_1.5.166-1_all.deb ...
#8 243.1 Unpacking node-electron-to-chromium (1.5.166-1) ...
#8 243.1 Selecting previously unselected package node-picocolors.
#8 243.1 Preparing to unpack .../253-node-picocolors_1.0.0-4_all.deb ...
#8 243.1 Unpacking node-picocolors (1.0.0-4) ...
#8 243.1 Selecting previously unselected package node-browserslist.
#8 243.1 Preparing to unpack .../254-node-browserslist_4.25.0+~cs6.3.22-1_all.deb ...
#8 243.1 Unpacking node-browserslist (4.25.0+~cs6.3.22-1) ...
#8 243.1 Selecting previously unselected package node-core-js-compat.
#8 243.1 Preparing to unpack .../255-node-core-js-compat_3.33.2-1_all.deb ...
#8 243.1 Unpacking node-core-js-compat (3.33.2-1) ...
#8 243.2 Selecting previously unselected package node-babel-plugin-polyfill-corejs3.
#8 243.2 Preparing to unpack .../256-node-babel-plugin-polyfill-corejs3_0.6.0~0~20220913+ds1-1_all.deb ...
#8 243.2 Unpacking node-babel-plugin-polyfill-corejs3 (0.6.0~0~20220913+ds1-1) ...
#8 243.2 Selecting previously unselected package node-babel-plugin-polyfill-regenerator.
#8 243.2 Preparing to unpack .../257-node-babel-plugin-polyfill-regenerator_0.4.1~0~20220913+ds1-1_all.deb ...
#8 243.2 Unpacking node-babel-plugin-polyfill-regenerator (0.4.1~0~20220913+ds1-1) ...
#8 243.2 Selecting previously unselected package node-color-name.
#8 243.2 Preparing to unpack .../258-node-color-name_1.1.4+~1.1.1-2_all.deb ...
#8 243.2 Unpacking node-color-name (1.1.4+~1.1.1-2) ...
#8 243.2 Selecting previously unselected package node-color-convert.
#8 243.2 Preparing to unpack .../259-node-color-convert_2.0.1+~cs2.0.0-2_all.deb ...
#8 243.2 Unpacking node-color-convert (2.0.1+~cs2.0.0-2) ...
#8 243.2 Selecting previously unselected package node-ansi-styles.
#8 243.2 Preparing to unpack .../260-node-ansi-styles_6.2.1-3_all.deb ...
#8 243.2 Unpacking node-ansi-styles (6.2.1-3) ...
#8 243.2 Selecting previously unselected package node-chalk.
#8 243.2 Preparing to unpack .../261-node-chalk_5.3.0-1_all.deb ...
#8 243.2 Unpacking node-chalk (5.3.0-1) ...
#8 243.2 Selecting previously unselected package node-for-in.
#8 243.2 Preparing to unpack .../262-node-for-in_1.0.2-4_all.deb ...
#8 243.2 Unpacking node-for-in (1.0.2-4) ...
#8 243.2 Selecting previously unselected package node-for-own.
#8 243.2 Preparing to unpack .../263-node-for-own_1.0.0-3_all.deb ...
#8 243.2 Unpacking node-for-own (1.0.0-3) ...
#8 243.2 Selecting previously unselected package node-is-plain-object.
#8 243.2 Preparing to unpack .../264-node-is-plain-object_5.0.0-7_all.deb ...
#8 243.2 Unpacking node-is-plain-object (5.0.0-7) ...
#8 243.3 Selecting previously unselected package node-is-extendable.
#8 243.3 Preparing to unpack .../265-node-is-extendable_1.0.1-3_all.deb ...
#8 243.3 Unpacking node-is-extendable (1.0.1-3) ...
#8 243.3 Selecting previously unselected package node-clone-deep.
#8 243.3 Preparing to unpack .../266-node-clone-deep_4.0.1+~cs7.0.2-1_all.deb ...
#8 243.3 Unpacking node-clone-deep (4.0.1+~cs7.0.2-1) ...
#8 243.5 Selecting previously unselected package node-commander.
#8 243.5 Preparing to unpack .../267-node-commander_9.4.1-1_all.deb ...
#8 243.5 Unpacking node-commander (9.4.1-1) ...
#8 243.5 Selecting previously unselected package node-core-js.
#8 243.5 Preparing to unpack .../268-node-core-js_3.33.2-1_all.deb ...
#8 243.5 Unpacking node-core-js (3.33.2-1) ...
#8 243.6 Selecting previously unselected package node-core-js-pure.
#8 243.6 Preparing to unpack .../269-node-core-js-pure_3.33.2-1_all.deb ...
#8 243.6 Unpacking node-core-js-pure (3.33.2-1) ...
#8 243.8 Selecting previously unselected package node-fs-readdir-recursive.
#8 243.8 Preparing to unpack .../270-node-fs-readdir-recursive_1.1.0+~1.1.0-1_all.deb ...
#8 243.8 Unpacking node-fs-readdir-recursive (1.1.0+~1.1.0-1) ...
#8 243.8 Selecting previously unselected package node-js-tokens.
#8 243.8 Preparing to unpack .../271-node-js-tokens_8.0.0-2_all.deb ...
#8 243.8 Unpacking node-js-tokens (8.0.0-2) ...
#8 243.8 Selecting previously unselected package node-jsesc.
#8 243.8 Preparing to unpack .../272-node-jsesc_3.0.2+~3.0.1-1_all.deb ...
#8 243.8 Unpacking node-jsesc (3.0.2+~3.0.1-1) ...
#8 243.8 Selecting previously unselected package node-json5.
#8 243.8 Preparing to unpack .../273-node-json5_2.2.3+dfsg-1_all.deb ...
#8 243.8 Unpacking node-json5 (2.2.3+dfsg-1) ...
#8 243.8 Selecting previously unselected package node-quick-lru.
#8 243.8 Preparing to unpack .../274-node-quick-lru_6.1.1-4_all.deb ...
#8 243.8 Unpacking node-quick-lru (6.1.1-4) ...
#8 243.9 Selecting previously unselected package node-regenerator-transform.
#8 243.9 Preparing to unpack .../275-node-regenerator-transform_0.15.2+~0.10.8-1_all.deb ...
#8 243.9 Unpacking node-regenerator-transform (0.15.2+~0.10.8-1) ...
#8 243.9 Selecting previously unselected package node-regjsgen.
#8 243.9 Preparing to unpack .../276-node-regjsgen_0.7.1+ds-1_all.deb ...
#8 243.9 Unpacking node-regjsgen (0.7.1+ds-1) ...
#8 243.9 Selecting previously unselected package node-regjsparser.
#8 243.9 Preparing to unpack .../277-node-regjsparser_0.9.1+ds-2_all.deb ...
#8 243.9 Unpacking node-regjsparser (0.9.1+ds-2) ...
#8 243.9 Selecting previously unselected package node-unicode-canonical-property-names-ecmascript.
#8 243.9 Preparing to unpack .../278-node-unicode-canonical-property-names-ecmascript_2.0.0-2_all.deb ...
#8 243.9 Unpacking node-unicode-canonical-property-names-ecmascript (2.0.0-2) ...
#8 243.9 Selecting previously unselected package node-unicode-property-aliases-ecmascript.
#8 243.9 Preparing to unpack .../279-node-unicode-property-aliases-ecmascript_2.1.0+ds-1_all.deb ...
#8 243.9 Unpacking node-unicode-property-aliases-ecmascript (2.1.0+ds-1) ...
#8 243.9 Selecting previously unselected package node-unicode-match-property-ecmascript.
#8 243.9 Preparing to unpack .../280-node-unicode-match-property-ecmascript_2.0.0-2_all.deb ...
#8 243.9 Unpacking node-unicode-match-property-ecmascript (2.0.0-2) ...
#8 243.9 Selecting previously unselected package node-unicode-match-property-value-ecmascript.
#8 243.9 Preparing to unpack .../281-node-unicode-match-property-value-ecmascript_2.1.0+ds-1_all.deb ...
#8 243.9 Unpacking node-unicode-match-property-value-ecmascript (2.1.0+ds-1) ...
#8 243.9 Selecting previously unselected package node-regexpu-core.
#8 243.9 Preparing to unpack .../282-node-regexpu-core_5.2.2-3_all.deb ...
#8 243.9 Unpacking node-regexpu-core (5.2.2-3) ...
#8 244.0 Selecting previously unselected package node-source-map-support.
#8 244.0 Preparing to unpack .../283-node-source-map-support_0.5.21+ds+~0.5.10-1_all.deb ...
#8 244.0 Unpacking node-source-map-support (0.5.21+ds+~0.5.10-1) ...
#8 244.0 Selecting previously unselected package node-to-fast-properties.
#8 244.0 Preparing to unpack .../284-node-to-fast-properties_3.0.1-3_all.deb ...
#8 244.0 Unpacking node-to-fast-properties (3.0.1-3) ...
#8 244.0 Selecting previously unselected package node-v8flags.
#8 244.0 Preparing to unpack .../285-node-v8flags_3.2.0+~3.1.1-1_all.deb ...
#8 244.0 Unpacking node-v8flags (3.2.0+~3.1.1-1) ...
#8 244.0 Selecting previously unselected package node-babel7.
#8 244.0 Preparing to unpack .../286-node-babel7_7.20.15+ds1+~cs214.269.168-8_all.deb ...
#8 244.0 Unpacking node-babel7 (7.20.15+ds1+~cs214.269.168-8) ...
#8 244.2 Selecting previously unselected package node-is-arrayish.
#8 244.2 Preparing to unpack .../287-node-is-arrayish_0.3.2-3_all.deb ...
#8 244.2 Unpacking node-is-arrayish (0.3.2-3) ...
#8 244.2 Selecting previously unselected package node-error-ex.
#8 244.2 Preparing to unpack .../288-node-error-ex_1.3.2-4_all.deb ...
#8 244.2 Unpacking node-error-ex (1.3.2-4) ...
#8 244.2 Selecting previously unselected package node-json-parse-better-errors.
#8 244.2 Preparing to unpack .../289-node-json-parse-better-errors_1.0.2+~cs3.3.1-3_all.deb ...
#8 244.2 Unpacking node-json-parse-better-errors (1.0.2+~cs3.3.1-3) ...
#8 244.2 Selecting previously unselected package node-parse-json.
#8 244.2 Preparing to unpack .../290-node-parse-json_5.2.0+~cs5.1.7-2_all.deb ...
#8 244.2 Unpacking node-parse-json (5.2.0+~cs5.1.7-2) ...
#8 244.2 Selecting previously unselected package node-hosted-git-info.
#8 244.2 Preparing to unpack .../291-node-hosted-git-info_6.1.1-2_all.deb ...
#8 244.2 Unpacking node-hosted-git-info (6.1.1-2) ...
#8 244.2 Selecting previously unselected package node-spdx-license-ids.
#8 244.2 Preparing to unpack .../292-node-spdx-license-ids_3.0.12-1_all.deb ...
#8 244.2 Unpacking node-spdx-license-ids (3.0.12-1) ...
#8 244.2 Selecting previously unselected package node-spdx-exceptions.
#8 244.2 Preparing to unpack .../293-node-spdx-exceptions_2.3.0-2_all.deb ...
#8 244.2 Unpacking node-spdx-exceptions (2.3.0-2) ...
#8 244.2 Selecting previously unselected package node-spdx-expression-parse.
#8 244.2 Preparing to unpack .../294-node-spdx-expression-parse_3.0.1+~3.0.1-1_all.deb ...
#8 244.3 Unpacking node-spdx-expression-parse (3.0.1+~3.0.1-1) ...
#8 244.3 Selecting previously unselected package node-spdx-correct.
#8 244.3 Preparing to unpack .../295-node-spdx-correct_3.1.1-2_all.deb ...
#8 244.3 Unpacking node-spdx-correct (3.1.1-2) ...
#8 244.3 Selecting previously unselected package node-validate-npm-package-license.
#8 244.3 Preparing to unpack .../296-node-validate-npm-package-license_3.0.4-2_all.deb ...
#8 244.3 Unpacking node-validate-npm-package-license (3.0.4-2) ...
#8 244.3 Selecting previously unselected package node-normalize-package-data.
#8 244.3 Preparing to unpack .../297-node-normalize-package-data_4.0.1+~2.4.1-1_all.deb ...
#8 244.3 Unpacking node-normalize-package-data (4.0.1+~2.4.1-1) ...
#8 244.3 Selecting previously unselected package node-read-pkg.
#8 244.3 Preparing to unpack .../298-node-read-pkg_5.2.0-2_all.deb ...
#8 244.3 Unpacking node-read-pkg (5.2.0-2) ...
#8 244.3 Selecting previously unselected package node-uuid.
#8 244.3 Preparing to unpack .../299-node-uuid_8.3.2+~8.3.4-1_all.deb ...
#8 244.3 Unpacking node-uuid (8.3.2+~8.3.4-1) ...
#8 244.3 Selecting previously unselected package node-isexe.
#8 244.3 Preparing to unpack .../300-node-isexe_2.0.0+~2.0.1-5_all.deb ...
#8 244.3 Unpacking node-isexe (2.0.0+~2.0.1-5) ...
#8 244.3 Selecting previously unselected package node-which.
#8 244.3 Preparing to unpack .../301-node-which_2.0.2+~cs1.3.2-3_all.deb ...
#8 244.3 Unpacking node-which (2.0.2+~cs1.3.2-3) ...
#8 244.3 Selecting previously unselected package node-is-typedarray.
#8 244.3 Preparing to unpack .../302-node-is-typedarray_1.0.0-4_all.deb ...
#8 244.3 Unpacking node-is-typedarray (1.0.0-4) ...
#8 244.4 Selecting previously unselected package node-typedarray-to-buffer.
#8 244.4 Preparing to unpack .../303-node-typedarray-to-buffer_4.0.0-2_all.deb ...
#8 244.4 Unpacking node-typedarray-to-buffer (4.0.0-2) ...
#8 244.4 Selecting previously unselected package node-write-file-atomic.
#8 244.4 Preparing to unpack .../304-node-write-file-atomic_4.0.2+~4.0.0-2_all.deb ...
#8 244.4 Unpacking node-write-file-atomic (4.0.2+~4.0.0-2) ...
#8 244.4 Selecting previously unselected package node-slice-ansi.
#8 244.4 Preparing to unpack .../305-node-slice-ansi_5.0.0+~cs9.0.0-5_all.deb ...
#8 244.4 Unpacking node-slice-ansi (5.0.0+~cs9.0.0-5) ...
#8 244.4 Selecting previously unselected package node-ansi-regex.
#8 244.4 Preparing to unpack .../306-node-ansi-regex_5.0.1-1_all.deb ...
#8 244.4 Unpacking node-ansi-regex (5.0.1-1) ...
#8 244.4 Selecting previously unselected package node-strip-ansi.
#8 244.4 Preparing to unpack .../307-node-strip-ansi_6.0.1-2_all.deb ...
#8 244.4 Unpacking node-strip-ansi (6.0.1-2) ...
#8 244.4 Selecting previously unselected package node-clone.
#8 244.4 Preparing to unpack .../308-node-clone_2.1.2+~2.1.2-1_all.deb ...
#8 244.4 Unpacking node-clone (2.1.2+~2.1.2-1) ...
#8 244.4 Selecting previously unselected package node-defaults.
#8 244.4 Preparing to unpack .../309-node-defaults_1.0.4+~1.0.3-1_all.deb ...
#8 244.4 Unpacking node-defaults (1.0.4+~1.0.3-1) ...
#8 244.4 Selecting previously unselected package node-wcwidth.js.
#8 244.4 Preparing to unpack .../310-node-wcwidth.js_1.0.2-2_all.deb ...
#8 244.4 Unpacking node-wcwidth.js (1.0.2-2) ...
#8 244.4 Selecting previously unselected package node-string-width.
#8 244.5 Preparing to unpack .../311-node-string-width_4.2.3+~cs13.2.3-1_all.deb ...
#8 244.5 Unpacking node-string-width (4.2.3+~cs13.2.3-1) ...
#8 244.5 Selecting previously unselected package node-wrap-ansi.
#8 244.5 Preparing to unpack .../312-node-wrap-ansi_8.0.1+~8.0.1-3_all.deb ...
#8 244.5 Unpacking node-wrap-ansi (8.0.1+~8.0.1-3) ...
#8 244.5 Selecting previously unselected package node-cliui.
#8 244.5 Preparing to unpack .../313-node-cliui_7.0.4+repack+1+~cs1.4.2-2_all.deb ...
#8 244.5 Unpacking node-cliui (7.0.4+repack+1+~cs1.4.2-2) ...
#8 244.5 Selecting previously unselected package node-get-caller-file.
#8 244.5 Preparing to unpack .../314-node-get-caller-file_2.0.5+~cs1.1.1-4_all.deb ...
#8 244.5 Unpacking node-get-caller-file (2.0.5+~cs1.1.1-4) ...
#8 244.5 Selecting previously unselected package node-require-directory.
#8 244.5 Preparing to unpack .../315-node-require-directory_2.1.1+~2.1.2-1_all.deb ...
#8 244.5 Unpacking node-require-directory (2.1.1+~2.1.2-1) ...
#8 244.5 Selecting previously unselected package node-y18n.
#8 244.5 Preparing to unpack .../316-node-y18n_5.0.8+~5.0.0-3_all.deb ...
#8 244.5 Unpacking node-y18n (5.0.8+~5.0.0-3) ...
#8 244.5 Selecting previously unselected package node-camelcase.
#8 244.5 Preparing to unpack .../317-node-camelcase_7.0.0-3_all.deb ...
#8 244.5 Unpacking node-camelcase (7.0.0-3) ...
#8 244.5 Selecting previously unselected package node-yargs-parser.
#8 244.5 Preparing to unpack .../318-node-yargs-parser_21.1.1+~21.0.0-4_all.deb ...
#8 244.5 Unpacking node-yargs-parser (21.1.1+~21.0.0-4) ...
#8 244.5 Selecting previously unselected package node-yargs.
#8 244.5 Preparing to unpack .../319-node-yargs_16.2.0+~16.0.4-7_all.deb ...
#8 244.5 Unpacking node-yargs (16.2.0+~16.0.4-7) ...
#8 244.6 Selecting previously unselected package node-istanbul.
#8 244.6 Preparing to unpack .../320-node-istanbul_0.4.5+repack10+~cs98.25.59-3_all.deb ...
#8 244.6 Unpacking node-istanbul (0.4.5+repack10+~cs98.25.59-3) ...
#8 244.6 Selecting previously unselected package node-through.
#8 244.6 Preparing to unpack .../321-node-through_2.3.8+~cs0.0.30-1_all.deb ...
#8 244.6 Unpacking node-through (2.3.8+~cs0.0.30-1) ...
#8 244.6 Selecting previously unselected package node-resumer.
#8 244.6 Preparing to unpack .../322-node-resumer_0.0.0-6_all.deb ...
#8 244.6 Unpacking node-resumer (0.0.0-6) ...
#8 244.6 Selecting previously unselected package node-tape.
#8 244.6 Preparing to unpack .../323-node-tape_5.6.1+~cs8.20.19-3_all.deb ...
#8 244.6 Unpacking node-tape (5.6.1+~cs8.20.19-3) ...
#8 244.6 Selecting previously unselected package node-deep-equal.
#8 244.6 Preparing to unpack .../324-node-deep-equal_2.2.3+~cs43.15.94-1_all.deb ...
#8 244.6 Unpacking node-deep-equal (2.2.3+~cs43.15.94-1) ...
#8 244.7 Selecting previously unselected package libjs-util.
#8 244.7 Preparing to unpack .../325-libjs-util_0.12.5+~1.0.10-1_all.deb ...
#8 244.7 Unpacking libjs-util (0.12.5+~1.0.10-1) ...
#8 244.7 Selecting previously unselected package libssl-dev:arm64.
#8 244.7 Preparing to unpack .../326-libssl-dev_3.5.6-1~deb13u2_arm64.deb ...
#8 244.7 Unpacking libssl-dev:arm64 (3.5.6-1~deb13u2) ...
#8 244.8 Selecting previously unselected package libuv1-dev:arm64.
#8 244.8 Preparing to unpack .../327-libuv1-dev_1.50.0-2_arm64.deb ...
#8 244.8 Unpacking libuv1-dev:arm64 (1.50.0-2) ...
#8 244.8 Selecting previously unselected package libnode-dev.
#8 244.8 Preparing to unpack .../328-libnode-dev_20.19.2+dfsg-1+deb13u2_arm64.deb ...
#8 244.8 Unpacking libnode-dev (20.19.2+dfsg-1+deb13u2) ...
#8 244.9 Selecting previously unselected package node-agent-base.
#8 244.9 Preparing to unpack .../329-node-agent-base_7.1.1~0~2024040606-6+deb13u1_all.deb ...
#8 244.9 Unpacking node-agent-base (7.1.1~0~2024040606-6+deb13u1) ...
#8 244.9 Selecting previously unselected package node-ajv-keywords.
#8 244.9 Preparing to unpack .../330-node-ajv-keywords_5.1.0-4_all.deb ...
#8 244.9 Unpacking node-ajv-keywords (5.1.0-4) ...
#8 244.9 Selecting previously unselected package node-ansi-escapes.
#8 244.9 Preparing to unpack .../331-node-ansi-escapes_5.0.0+really.4.3.1-1_all.deb ...
#8 244.9 Unpacking node-ansi-escapes (5.0.0+really.4.3.1-1) ...
#8 244.9 Selecting previously unselected package node-aproba.
#8 244.9 Preparing to unpack .../332-node-aproba_2.0.0-3_all.deb ...
#8 244.9 Unpacking node-aproba (2.0.0-3) ...
#8 244.9 Selecting previously unselected package node-delegates.
#8 244.9 Preparing to unpack .../333-node-delegates_1.0.0-3_all.deb ...
#8 244.9 Unpacking node-delegates (1.0.0-3) ...
#8 244.9 Selecting previously unselected package node-are-we-there-yet.
#8 244.9 Preparing to unpack .../334-node-are-we-there-yet_3.0.1+~1.1.0-1_all.deb ...
#8 244.9 Unpacking node-are-we-there-yet (3.0.1+~1.1.0-1) ...
#8 245.0 Selecting previously unselected package node-async-each.
#8 245.0 Preparing to unpack .../335-node-async-each_1.0.3-3_all.deb ...
#8 245.0 Unpacking node-async-each (1.0.3-3) ...
#8 245.0 Selecting previously unselected package node-babel-plugin-lodash.
#8 245.0 Preparing to unpack .../336-node-babel-plugin-lodash_3.3.4+~cs2.0.1-7_all.deb ...
#8 245.0 Unpacking node-babel-plugin-lodash (3.3.4+~cs2.0.1-7) ...
#8 245.0 Selecting previously unselected package node-base64-js.
#8 245.0 Preparing to unpack .../337-node-base64-js_1.5.1+dfsg+~1.3.0-2_all.deb ...
#8 245.0 Unpacking node-base64-js (1.5.1+dfsg+~1.3.0-2) ...
#8 245.0 Selecting previously unselected package node-binary-extensions.
#8 245.0 Preparing to unpack .../338-node-binary-extensions_2.2.0-2_all.deb ...
#8 245.0 Unpacking node-binary-extensions (2.2.0-2) ...
#8 245.0 Selecting previously unselected package node-builtins.
#8 245.0 Preparing to unpack .../339-node-builtins_5.0.1-1_all.deb ...
#8 245.0 Unpacking node-builtins (5.0.1-1) ...
#8 245.0 Selecting previously unselected package node-chownr.
#8 245.0 Preparing to unpack .../340-node-chownr_2.0.0-3_all.deb ...
#8 245.0 Unpacking node-chownr (2.0.0-3) ...
#8 245.0 Selecting previously unselected package node-iconv-lite.
#8 245.0 Preparing to unpack .../341-node-iconv-lite_0.6.3-3_all.deb ...
#8 245.0 Unpacking node-iconv-lite (0.6.3-3) ...
#8 245.1 Selecting previously unselected package node-encoding.
#8 245.1 Preparing to unpack .../342-node-encoding_0.1.13-2_all.deb ...
#8 245.1 Unpacking node-encoding (0.1.13-2) ...
#8 245.1 Selecting previously unselected package node-jsonparse.
#8 245.1 Preparing to unpack .../343-node-jsonparse_1.3.1-10_all.deb ...
#8 245.1 Unpacking node-jsonparse (1.3.1-10) ...
#8 245.1 Selecting previously unselected package node-yallist.
#8 245.1 Preparing to unpack .../344-node-yallist_4.0.0+~4.0.1-1_all.deb ...
#8 245.1 Unpacking node-yallist (4.0.0+~4.0.1-1) ...
#8 245.1 Selecting previously unselected package node-minipass.
#8 245.1 Preparing to unpack .../345-node-minipass_5.0.0+~cs10.3.21-3_all.deb ...
#8 245.1 Unpacking node-minipass (5.0.0+~cs10.3.21-3) ...
#8 245.1 Selecting previously unselected package node-iferr.
#8 245.1 Preparing to unpack .../346-node-iferr_1.0.2+~1.0.2-1_all.deb ...
#8 245.1 Unpacking node-iferr (1.0.2+~1.0.2-1) ...
#8 245.1 Selecting previously unselected package node-fs-write-stream-atomic.
#8 245.1 Preparing to unpack .../347-node-fs-write-stream-atomic_1.0.10-6_all.deb ...
#8 245.1 Unpacking node-fs-write-stream-atomic (1.0.10-6) ...
#8 245.1 Selecting previously unselected package node-run-queue.
#8 245.1 Preparing to unpack .../348-node-run-queue_2.0.0-3_all.deb ...
#8 245.1 Unpacking node-run-queue (2.0.0-3) ...
#8 245.1 Selecting previously unselected package node-copy-concurrently.
#8 245.1 Preparing to unpack .../349-node-copy-concurrently_1.0.5-9_all.deb ...
#8 245.1 Unpacking node-copy-concurrently (1.0.5-9) ...
#8 245.1 Selecting previously unselected package node-move-concurrently.
#8 245.1 Preparing to unpack .../350-node-move-concurrently_1.0.1-5_all.deb ...
#8 245.1 Unpacking node-move-concurrently (1.0.1-5) ...
#8 245.2 Selecting previously unselected package node-promise-inflight.
#8 245.2 Preparing to unpack .../351-node-promise-inflight_1.0.1+~1.0.0-1_all.deb ...
#8 245.2 Unpacking node-promise-inflight (1.0.1+~1.0.0-1) ...
#8 245.2 Selecting previously unselected package node-ssri.
#8 245.2 Preparing to unpack .../352-node-ssri_9.0.1-3_all.deb ...
#8 245.2 Unpacking node-ssri (9.0.1-3) ...
#8 245.2 Selecting previously unselected package node-unique-filename.
#8 245.2 Preparing to unpack .../353-node-unique-filename_1.1.1+ds-2_all.deb ...
#8 245.2 Unpacking node-unique-filename (1.1.1+ds-2) ...
#8 245.2 Selecting previously unselected package node-cacache.
#8 245.2 Preparing to unpack .../354-node-cacache_17.0.3+~cs10.3.7-2_all.deb ...
#8 245.2 Unpacking node-cacache (17.0.3+~cs10.3.7-2) ...
#8 245.2 Selecting previously unselected package node-is-binary-path.
#8 245.2 Preparing to unpack .../355-node-is-binary-path_2.1.0-5_all.deb ...
#8 245.2 Unpacking node-is-binary-path (2.1.0-5) ...
#8 245.2 Selecting previously unselected package node-path-is-absolute.
#8 245.2 Preparing to unpack .../356-node-path-is-absolute_2.0.0-2_all.deb ...
#8 245.2 Unpacking node-path-is-absolute (2.0.0-2) ...
#8 245.2 Selecting previously unselected package node-set-immediate-shim.
#8 245.2 Preparing to unpack .../357-node-set-immediate-shim_2.0.0-2_all.deb ...
#8 245.2 Unpacking node-set-immediate-shim (2.0.0-2) ...
#8 245.2 Selecting previously unselected package node-readdirp.
#8 245.3 Preparing to unpack .../358-node-readdirp_3.6.0-1_all.deb ...
#8 245.3 Unpacking node-readdirp (3.6.0-1) ...
#8 245.3 Selecting previously unselected package node-chokidar.
#8 245.3 Preparing to unpack .../359-node-chokidar_3.6.0-3_all.deb ...
#8 245.3 Unpacking node-chokidar (3.6.0-3) ...
#8 245.3 Selecting previously unselected package node-tslib.
#8 245.3 Preparing to unpack .../360-node-tslib_2.4.1-1_all.deb ...
#8 245.3 Unpacking node-tslib (2.4.1-1) ...
#8 245.3 Selecting previously unselected package node-chrome-trace-event.
#8 245.3 Preparing to unpack .../361-node-chrome-trace-event_1.0.3-2_all.deb ...
#8 245.3 Unpacking node-chrome-trace-event (1.0.3-2) ...
#8 245.3 Selecting previously unselected package node-ci-info.
#8 245.3 Preparing to unpack .../362-node-ci-info_4.0.0+~cs1.1.0-1_all.deb ...
#8 245.3 Unpacking node-ci-info (4.0.0+~cs1.1.0-1) ...
#8 245.3 Selecting previously unselected package node-colors.
#8 245.3 Preparing to unpack .../363-node-colors_1.4.0-4_all.deb ...
#8 245.3 Unpacking node-colors (1.4.0-4) ...
#8 245.3 Selecting previously unselected package node-cli-table.
#8 245.3 Preparing to unpack .../364-node-cli-table_0.3.11+~cs0.13.4-3_all.deb ...
#8 245.3 Unpacking node-cli-table (0.3.11+~cs0.13.4-3) ...
#8 245.3 Selecting previously unselected package node-columnify.
#8 245.3 Preparing to unpack .../365-node-columnify_1.6.0+~1.5.1-1_all.deb ...
#8 245.3 Unpacking node-columnify (1.6.0+~1.5.1-1) ...
#8 245.3 Selecting previously unselected package node-console-control-strings.
#8 245.3 Preparing to unpack .../366-node-console-control-strings_1.1.0-3_all.deb ...
#8 245.3 Unpacking node-console-control-strings (1.1.0-3) ...
#8 245.4 Selecting previously unselected package node-css-selector-tokenizer.
#8 245.4 Preparing to unpack .../367-node-css-selector-tokenizer_0.8.0+~cs4.8.3-1_all.deb ...
#8 245.4 Unpacking node-css-selector-tokenizer (0.8.0+~cs4.8.3-1) ...
#8 245.4 Selecting previously unselected package node-postcss.
#8 245.4 Preparing to unpack .../368-node-postcss_8.4.49+~cs9.2.32-1_all.deb ...
#8 245.4 Unpacking node-postcss (8.4.49+~cs9.2.32-1) ...
#8 245.4 Selecting previously unselected package node-icss-utils.
#8 245.4 Preparing to unpack .../369-node-icss-utils_5.1.0+~5.1.0-1_all.deb ...
#8 245.4 Unpacking node-icss-utils (5.1.0+~5.1.0-1) ...
#8 245.4 Selecting previously unselected package node-postcss-modules-extract-imports.
#8 245.4 Preparing to unpack .../370-node-postcss-modules-extract-imports_3.0.0-2_all.deb ...
#8 245.4 Unpacking node-postcss-modules-extract-imports (3.0.0-2) ...
#8 245.4 Selecting previously unselected package node-postcss-modules-values.
#8 245.4 Preparing to unpack .../371-node-postcss-modules-values_4.0.0+~4.0.0-1_all.deb ...
#8 245.4 Unpacking node-postcss-modules-values (4.0.0+~4.0.0-1) ...
#8 245.4 Selecting previously unselected package node-postcss-value-parser.
#8 245.4 Preparing to unpack .../372-node-postcss-value-parser_4.2.0-1_all.deb ...
#8 245.4 Unpacking node-postcss-value-parser (4.2.0-1) ...
#8 245.4 Selecting previously unselected package node-prr.
#8 245.4 Preparing to unpack .../373-node-prr_1.0.1-3_all.deb ...
#8 245.4 Unpacking node-prr (1.0.1-3) ...
#8 245.4 Selecting previously unselected package node-errno.
#8 245.4 Preparing to unpack .../374-node-errno_1.0.0-3_all.deb ...
#8 245.4 Unpacking node-errno (1.0.0-3) ...
#8 245.5 Selecting previously unselected package node-memory-fs.
#8 245.5 Preparing to unpack .../375-node-memory-fs_0.5.0+~0.3.3-2_all.deb ...
#8 245.5 Unpacking node-memory-fs (0.5.0+~0.3.3-2) ...
#8 245.5 Selecting previously unselected package node-tapable.
#8 245.5 Preparing to unpack .../376-node-tapable_2.2.1-3_all.deb ...
#8 245.5 Unpacking node-tapable (2.2.1-3) ...
#8 245.5 Selecting previously unselected package node-enhanced-resolve.
#8 245.5 Preparing to unpack .../377-node-enhanced-resolve_5.15.0-1_all.deb ...
#8 245.5 Unpacking node-enhanced-resolve (5.15.0-1) ...
#8 245.5 Selecting previously unselected package node-es-module-lexer.
#8 245.5 Preparing to unpack .../378-node-es-module-lexer_1.1.0+dfsg-3_all.deb ...
#8 245.5 Unpacking node-es-module-lexer (1.1.0+dfsg-3) ...
#8 245.5 Selecting previously unselected package node-events.
#8 245.5 Preparing to unpack .../379-node-events_3.3.0+~3.0.0-3_all.deb ...
#8 245.5 Unpacking node-events (3.3.0+~3.0.0-3) ...
#8 245.5 Selecting previously unselected package node-resolve-cwd.
#8 245.5 Preparing to unpack .../380-node-resolve-cwd_3.0.0-2_all.deb ...
#8 245.5 Unpacking node-resolve-cwd (3.0.0-2) ...
#8 245.5 Selecting previously unselected package node-jest-debbundle.
#8 245.5 Preparing to unpack .../381-node-jest-debbundle_29.6.2~ds1+~cs73.45.28-5_all.deb ...
#8 245.5 Unpacking node-jest-debbundle (29.6.2~ds1+~cs73.45.28-5) ...
#8 245.5 Selecting previously unselected package node-interpret.
#8 245.5 Preparing to unpack .../382-node-interpret_2.2.0-3_all.deb ...
#8 245.5 Unpacking node-interpret (2.2.0-3) ...
#8 245.6 Selecting previously unselected package node-merge-stream.
#8 245.6 Preparing to unpack .../383-node-merge-stream_2.0.0+~1.1.2-2_all.deb ...
#8 245.6 Unpacking node-merge-stream (2.0.0+~1.1.2-2) ...
#8 245.6 Selecting previously unselected package node-jest-worker.
#8 245.6 Preparing to unpack .../384-node-jest-worker_29.6.2~ds1+~cs73.45.28-5_all.deb ...
#8 245.6 Unpacking node-jest-worker (29.6.2~ds1+~cs73.45.28-5) ...
#8 245.6 Selecting previously unselected package node-loader-runner.
#8 245.6 Preparing to unpack .../385-node-loader-runner_4.3.0-1_all.deb ...
#8 245.6 Unpacking node-loader-runner (4.3.0-1) ...
#8 245.6 Selecting previously unselected package node-mime.
#8 245.6 Preparing to unpack .../386-node-mime_3.0.0+dfsg+~cs6.97.2-2_all.deb ...
#8 245.6 Unpacking node-mime (3.0.0+dfsg+~cs6.97.2-2) ...
#8 245.6 Selecting previously unselected package node-mime-types.
#8 245.6 Preparing to unpack .../387-node-mime-types_2.1.35-2_all.deb ...
#8 245.6 Unpacking node-mime-types (2.1.35-2) ...
#8 245.6 Selecting previously unselected package node-rechoir.
#8 245.6 Preparing to unpack .../388-node-rechoir_0.8.0+~0.6.1-2_all.deb ...
#8 245.6 Unpacking node-rechoir (0.8.0+~0.6.1-2) ...
#8 245.6 Selecting previously unselected package node-schema-utils.
#8 245.6 Preparing to unpack .../389-node-schema-utils_4.2.0~ds-3_all.deb ...
#8 245.6 Unpacking node-schema-utils (4.2.0~ds-3) ...
#8 245.6 Selecting previously unselected package node-randombytes.
#8 245.6 Preparing to unpack .../390-node-randombytes_2.1.0+~2.0.0-2_all.deb ...
#8 245.6 Unpacking node-randombytes (2.1.0+~2.0.0-2) ...
#8 245.7 Selecting previously unselected package node-serialize-javascript.
#8 245.7 Preparing to unpack .../391-node-serialize-javascript_6.0.2-1_all.deb ...
#8 245.7 Unpacking node-serialize-javascript (6.0.2-1) ...
#8 245.7 Selecting previously unselected package node-watchpack.
#8 245.7 Preparing to unpack .../392-node-watchpack_2.4.0+~cs2.8.1-1_all.deb ...
#8 245.7 Unpacking node-watchpack (2.4.0+~cs2.8.1-1) ...
#8 245.7 Selecting previously unselected package node-webassemblyjs.
#8 245.7 Preparing to unpack .../393-node-webassemblyjs_1.11.4+dfsg+~cs10.11.17-2_all.deb ...
#8 245.7 Unpacking node-webassemblyjs (1.11.4+dfsg+~cs10.11.17-2) ...
#8 245.7 Selecting previously unselected package node-source-list-map.
#8 245.7 Preparing to unpack .../394-node-source-list-map_2.0.1+dfsg+~0.1.2-1_all.deb ...
#8 245.7 Unpacking node-source-list-map (2.0.1+dfsg+~0.1.2-1) ...
#8 245.7 Selecting previously unselected package node-webpack-sources.
#8 245.7 Preparing to unpack .../395-node-webpack-sources_3.2.3+~3.2.0-2_all.deb ...
#8 245.7 Unpacking node-webpack-sources (3.2.3+~3.2.0-2) ...
#8 245.8 Selecting previously unselected package node-terser.
#8 245.8 Preparing to unpack .../396-node-terser_5.38.0-1_all.deb ...
#8 245.8 Unpacking node-terser (5.38.0-1) ...
#8 245.8 Selecting previously unselected package terser.
#8 245.8 Preparing to unpack .../397-terser_5.38.0-1_all.deb ...
#8 245.8 Unpacking terser (5.38.0-1) ...
#8 245.8 Selecting previously unselected package node-get-stream.
#8 245.8 Preparing to unpack .../398-node-get-stream_8.0.1-11_all.deb ...
#8 245.8 Unpacking node-get-stream (8.0.1-11) ...
#8 245.8 Selecting previously unselected package node-mimic-fn.
#8 245.8 Preparing to unpack .../399-node-mimic-fn_4.0.0-5_all.deb ...
#8 245.8 Unpacking node-mimic-fn (4.0.0-5) ...
#8 245.8 Selecting previously unselected package node-strip-eof.
#8 245.8 Preparing to unpack .../400-node-strip-eof_3.0.0-5_all.deb ...
#8 245.8 Unpacking node-strip-eof (3.0.0-5) ...
#8 245.8 Selecting previously unselected package node-execa.
#8 245.8 Preparing to unpack .../401-node-execa_8.0.1+dfsg1+~cs12.0.0-1_all.deb ...
#8 245.8 Unpacking node-execa (8.0.1+dfsg1+~cs12.0.0-1) ...
#8 245.8 Selecting previously unselected package node-envinfo.
#8 245.8 Preparing to unpack .../402-node-envinfo_7.11.0+~cs14.3.0-3_all.deb ...
#8 245.8 Unpacking node-envinfo (7.11.0+~cs14.3.0-3) ...
#8 245.9 Selecting previously unselected package webpack.
#8 245.9 Preparing to unpack .../403-webpack_5.97.1+dfsg1+~cs11.18.27-3_all.deb ...
#8 245.9 Unpacking webpack (5.97.1+dfsg1+~cs11.18.27-3) ...
#8 245.9 Selecting previously unselected package node-css-loader.
#8 245.9 Preparing to unpack .../404-node-css-loader_6.8.1+~cs14.0.17-1_all.deb ...
#8 245.9 Unpacking node-css-loader (6.8.1+~cs14.0.17-1) ...
#8 245.9 Selecting previously unselected package node-data-uri-to-buffer.
#8 245.9 Preparing to unpack .../405-node-data-uri-to-buffer_6.0.2~0~2024040606-6+deb13u1_all.deb ...
#8 245.9 Unpacking node-data-uri-to-buffer (6.0.2~0~2024040606-6+deb13u1) ...
#8 246.0 Selecting previously unselected package node-mimic-response.
#8 246.0 Preparing to unpack .../406-node-mimic-response_3.1.0-9_all.deb ...
#8 246.0 Unpacking node-mimic-response (3.1.0-9) ...
#8 246.0 Selecting previously unselected package node-decompress-response.
#8 246.0 Preparing to unpack .../407-node-decompress-response_6.0.0-3_all.deb ...
#8 246.0 Unpacking node-decompress-response (6.0.0-3) ...
#8 246.0 Selecting previously unselected package node-depd.
#8 246.0 Preparing to unpack .../408-node-depd_2.0.0-2_all.deb ...
#8 246.0 Unpacking node-depd (2.0.0-2) ...
#8 246.0 Selecting previously unselected package node-diff.
#8 246.0 Preparing to unpack .../409-node-diff_5.0.0~dfsg+~5.0.1-4_all.deb ...
#8 246.0 Unpacking node-diff (5.0.0~dfsg+~5.0.1-4) ...
#8 246.0 Selecting previously unselected package node-err-code.
#8 246.0 Preparing to unpack .../410-node-err-code_2.0.3+dfsg-3_all.deb ...
#8 246.0 Unpacking node-err-code (2.0.3+dfsg-3) ...
#8 246.0 Selecting previously unselected package node-time-stamp.
#8 246.0 Preparing to unpack .../411-node-time-stamp_2.2.0-2_all.deb ...
#8 246.0 Unpacking node-time-stamp (2.2.0-2) ...
#8 246.0 Selecting previously unselected package node-fancy-log.
#8 246.0 Preparing to unpack .../412-node-fancy-log_1.3.3+~cs1.3.1-2_all.deb ...
#8 246.0 Unpacking node-fancy-log (1.3.3+~cs1.3.1-2) ...
#8 246.0 Selecting previously unselected package node-fetch.
#8 246.0 Preparing to unpack .../413-node-fetch_3.3.2+~cs11.4.11-3_all.deb ...
#8 246.0 Unpacking node-fetch (3.3.2+~cs11.4.11-3) ...
#8 246.1 Selecting previously unselected package node-has-unicode.
#8 246.1 Preparing to unpack .../414-node-has-unicode_2.0.1-5_all.deb ...
#8 246.1 Unpacking node-has-unicode (2.0.1-5) ...
#8 246.1 Selecting previously unselected package node-wide-align.
#8 246.1 Preparing to unpack .../415-node-wide-align_1.1.3-4_all.deb ...
#8 246.1 Unpacking node-wide-align (1.1.3-4) ...
#8 246.1 Selecting previously unselected package node-gauge.
#8 246.1 Preparing to unpack .../416-node-gauge_4.0.4-2_all.deb ...
#8 246.1 Unpacking node-gauge (4.0.4-2) ...
#8 246.1 Selecting previously unselected package node-lowercase-keys.
#8 246.1 Preparing to unpack .../417-node-lowercase-keys_2.0.0-2_all.deb ...
#8 246.1 Unpacking node-lowercase-keys (2.0.0-2) ...
#8 246.1 Selecting previously unselected package node-json-buffer.
#8 246.1 Preparing to unpack .../418-node-json-buffer_3.0.1+~3.0.0-1_all.deb ...
#8 246.1 Unpacking node-json-buffer (3.0.1+~3.0.0-1) ...
#8 246.1 Selecting previously unselected package node-p-cancelable.
#8 246.1 Preparing to unpack .../419-node-p-cancelable_2.1.1-1_all.deb ...
#8 246.2 Unpacking node-p-cancelable (2.1.1-1) ...
#8 246.2 Selecting previously unselected package node-got.
#8 246.2 Preparing to unpack .../420-node-got_11.8.5+~cs58.13.36-5_all.deb ...
#8 246.2 Unpacking node-got (11.8.5+~cs58.13.36-5) ...
#8 246.2 Selecting previously unselected package node-https-proxy-agent.
#8 246.2 Preparing to unpack .../421-node-https-proxy-agent_7.0.4~0~2024040606-6+deb13u1_all.deb ...
#8 246.2 Unpacking node-https-proxy-agent (7.0.4~0~2024040606-6+deb13u1) ...
#8 246.2 Selecting previously unselected package node-set-blocking.
#8 246.2 Preparing to unpack .../422-node-set-blocking_2.0.0-2_all.deb ...
#8 246.2 Unpacking node-set-blocking (2.0.0-2) ...
#8 246.2 Selecting previously unselected package node-npmlog.
#8 246.2 Preparing to unpack .../423-node-npmlog_7.0.1+~4.1.4-1_all.deb ...
#8 246.2 Unpacking node-npmlog (7.0.1+~4.1.4-1) ...
#8 246.2 Selecting previously unselected package node-osenv.
#8 246.2 Preparing to unpack .../424-node-osenv_0.1.5+~0.1.1-1_all.deb ...
#8 246.2 Unpacking node-osenv (0.1.5+~0.1.1-1) ...
#8 246.2 Selecting previously unselected package node-tar.
#8 246.2 Preparing to unpack .../425-node-tar_6.2.1+~cs7.0.8-1+deb13u1_all.deb ...
#8 246.2 Unpacking node-tar (6.2.1+~cs7.0.8-1+deb13u1) ...
#8 246.2 Selecting previously unselected package node-gyp.
#8 246.2 Preparing to unpack .../426-node-gyp_11.1.0+~5.0.0-1_all.deb ...
#8 246.2 Unpacking node-gyp (11.1.0+~5.0.0-1) ...
#8 246.3 Selecting previously unselected package node-http-proxy-agent.
#8 246.3 Preparing to unpack .../427-node-http-proxy-agent_7.0.2~0~2024040606-6+deb13u1_all.deb ...
#8 246.3 Unpacking node-http-proxy-agent (7.0.2~0~2024040606-6+deb13u1) ...
#8 246.3 Selecting previously unselected package node-ieee754.
#8 246.3 Preparing to unpack .../428-node-ieee754_1.2.1-3_all.deb ...
#8 246.3 Unpacking node-ieee754 (1.2.1-3) ...
#8 246.3 Selecting previously unselected package node-ini.
#8 246.3 Preparing to unpack .../429-node-ini_3.0.1-2_all.deb ...
#8 246.3 Unpacking node-ini (3.0.1-2) ...
#8 246.3 Selecting previously unselected package node-ip.
#8 246.3 Preparing to unpack .../430-node-ip_2.0.1+~1.1.3-3_all.deb ...
#8 246.3 Unpacking node-ip (2.0.1+~1.1.3-3) ...
#8 246.3 Selecting previously unselected package node-ip-regex.
#8 246.3 Preparing to unpack .../431-node-ip-regex_4.3.0+~4.1.1-1_all.deb ...
#8 246.3 Unpacking node-ip-regex (4.3.0+~4.1.1-1) ...
#8 246.3 Selecting previously unselected package node-mute-stream.
#8 246.3 Preparing to unpack .../432-node-mute-stream_0.0.8+~0.0.1-3_all.deb ...
#8 246.3 Unpacking node-mute-stream (0.0.8+~0.0.1-3) ...
#8 246.4 Selecting previously unselected package node-negotiator.
#8 246.4 Preparing to unpack .../433-node-negotiator_0.6.3+~0.6.1-1_all.deb ...
#8 246.4 Unpacking node-negotiator (0.6.3+~0.6.1-1) ...
#8 246.4 Selecting previously unselected package node-read-package-json.
#8 246.4 Preparing to unpack .../434-node-read-package-json_5.0.2+~2.0.0-2_all.deb ...
#8 246.4 Unpacking node-read-package-json (5.0.2+~2.0.0-2) ...
#8 246.4 Selecting previously unselected package node-npm-bundled.
#8 246.4 Preparing to unpack .../435-node-npm-bundled_2.0.1-2_all.deb ...
#8 246.4 Unpacking node-npm-bundled (2.0.1-2) ...
#8 246.4 Selecting previously unselected package node-validate-npm-package-name.
#8 246.4 Preparing to unpack .../436-node-validate-npm-package-name_5.0.0+~4.0.0-1_all.deb ...
#8 246.4 Unpacking node-validate-npm-package-name (5.0.0+~4.0.0-1) ...
#8 246.4 Selecting previously unselected package node-npm-package-arg.
#8 246.4 Preparing to unpack .../437-node-npm-package-arg_10.0.0+~3.0.0-2_all.deb ...
#8 246.4 Unpacking node-npm-package-arg (10.0.0+~3.0.0-2) ...
#8 246.4 Selecting previously unselected package node-retry.
#8 246.4 Preparing to unpack .../438-node-retry_0.13.1.+~cs2.19.16-1_all.deb ...
#8 246.4 Unpacking node-retry (0.13.1.+~cs2.19.16-1) ...
#8 246.4 Selecting previously unselected package node-promise-retry.
#8 246.4 Preparing to unpack .../439-node-promise-retry_2.0.1-4_all.deb ...
#8 246.4 Unpacking node-promise-retry (2.0.1-4) ...
#8 246.4 Selecting previously unselected package node-read.
#8 246.4 Preparing to unpack .../440-node-read_1.0.7-5_all.deb ...
#8 246.4 Unpacking node-read (1.0.7-5) ...
#8 246.4 Selecting previously unselected package node-promzard.
#8 246.4 Preparing to unpack .../441-node-promzard_0.3.0-2_all.deb ...
#8 246.4 Unpacking node-promzard (0.3.0-2) ...
#8 246.5 Selecting previously unselected package node-text-table.
#8 246.5 Preparing to unpack .../442-node-text-table_0.2.0-4_all.deb ...
#8 246.5 Unpacking node-text-table (0.2.0-4) ...
#8 246.5 Selecting previously unselected package npm.
#8 246.5 Preparing to unpack .../443-npm_9.2.0~ds1-3_all.deb ...
#8 246.5 Unpacking npm (9.2.0~ds1-3) ...
#8 246.5 Selecting previously unselected package ripgrep.
#8 246.6 Preparing to unpack .../444-ripgrep_14.1.1-1+b4_arm64.deb ...
#8 246.6 Unpacking ripgrep (14.1.1-1+b4) ...
#8 246.6 Setting up media-types (13.0.0) ...
#8 246.6 Setting up node-colors (1.4.0-4) ...
#8 246.6 Setting up node-fs.realpath (1.0.0-3) ...
#8 246.6 Setting up node-ampproject-remapping (2.2.0+~cs5.15.37-1) ...
#8 246.6 Setting up node-diff (5.0.0~dfsg+~5.0.1-4) ...
#8 246.6 Setting up node-lru-cache (10.0.1-3) ...
#8 246.6 Setting up libkeyutils1:arm64 (1.6.3-6) ...
#8 246.6 Setting up node-abbrev (1.1.1+~1.1.2-1) ...
#8 246.7 Setting up node-path-is-inside (1.0.2+~1.0.0-1) ...
#8 246.7 Setting up libjs-sprintf-js (1.1.2+ds1+~1.1.2-1) ...
#8 246.7 Setting up node-pify (5.0.0+~cs5.0.1-1) ...
#8 246.7 Setting up node-p-limit (4.0.0+~cs4.0.0-5) ...
#8 246.7 Setting up node-yallist (4.0.0+~4.0.1-1) ...
#8 246.7 Setting up libjs-inherits (2.0.4-6) ...
#8 246.7 Setting up node-p-cancelable (2.1.1-1) ...
#8 246.7 Setting up node-is-windows (1.0.2+~cs1.0.0-1) ...
#8 246.7 Setting up node-ansi-regex (5.0.1-1) ...
#8 246.7 Setting up node-loader-runner (4.3.0-1) ...
#8 246.7 Setting up node-object-inspect (1.12.2+~cs1.8.1-1) ...
#8 246.7 Setting up node-slash (4.0.0-3) ...
#8 246.7 Setting up libgdbm-compat4t64:arm64 (1.24-2) ...
#8 246.7 Setting up node-util-deprecate (1.0.2-3) ...
#8 246.7 Setting up node-ieee754 (1.2.1-3) ...
#8 246.7 Setting up node-fs-readdir-recursive (1.1.0+~1.1.0-1) ...
#8 246.7 Setting up node-v8flags (3.2.0+~3.1.1-1) ...
#8 246.7 Setting up node-retry (0.13.1.+~cs2.19.16-1) ...
#8 246.7 Setting up node-get-caller-file (2.0.5+~cs1.1.1-4) ...
#8 246.7 Setting up node-arrify (2.0.1-3) ...
#8 246.7 Setting up node-eslint-visitor-keys (3.3.0+~1.0.0-1) ...
#8 246.7 Setting up node-caniuse-lite (1.0.30001723+dfsg+~1.0.5-1) ...
#8 246.7 Setting up node-isobject (4.0.0-2) ...
#8 246.7 Setting up node-delegates (1.0.0-3) ...
#8 246.7 Setting up node-depd (2.0.0-2) ...
#8 246.7 Setting up node-isexe (2.0.0+~2.0.1-5) ...
#8 246.8 Setting up libbrotli1:arm64 (1.1.0-2+b7) ...
#8 246.8 Setting up node-resolve (1.22.8+~cs5.34.15-2) ...
#8 246.8 Setting up node-jsonparse (1.3.1-10) ...
#8 246.8 Setting up node-core-js-pure (3.33.2-1) ...
#8 246.8 Setting up node-es-module-lexer (1.1.0+dfsg-3) ...
#8 246.8 Setting up node-path-exists (5.0.0-8) ...
#8 246.8 Setting up libuv1t64:arm64 (1.50.0-2) ...
#8 246.8 Setting up node-unicode-match-property-value-ecmascript (2.1.0+ds-1) ...
#8 246.8 Setting up node-escape-string-regexp (4.0.0-2) ...
#8 246.8 Setting up node-through (2.3.8+~cs0.0.30-1) ...
#8 246.8 Setting up binutils-common:arm64 (2.44-3) ...
#8 246.8 Setting up libjs-source-map (0.7.0++dfsg2+really.0.6.1-15) ...
#8 246.8 Setting up node-p-locate (6.0.0-12) ...
#8 246.8 Setting up node-negotiator (0.6.3+~0.6.1-1) ...
#8 246.8 Setting up node-tslib (2.4.1-1) ...
#8 246.8 Setting up libnghttp2-14:arm64 (1.64.0-1.1+deb13u1) ...
#8 246.8 Setting up node-strip-bom (4.0.0-2) ...
#8 246.8 Setting up linux-libc-dev (6.12.95-1) ...
#8 246.8 Setting up libctf-nobfd0:arm64 (2.44-3) ...
#8 246.8 Setting up node-ci-info (4.0.0+~cs1.1.0-1) ...
#8 246.8 Setting up node-color-name (1.1.4+~1.1.1-2) ...
#8 246.8 Setting up node-chrome-trace-event (1.0.3-2) ...
#8 246.8 Setting up node-json-buffer (3.0.1+~3.0.0-1) ...
#8 246.8 Setting up node-electron-to-chromium (1.5.166-1) ...
#8 246.8 Setting up node-cjs-module-lexer (1.2.3+dfsg-1) ...
#8 246.8 Setting up node-console-control-strings (1.1.0-3) ...
#8 246.8 Setting up node-source-list-map (2.0.1+dfsg+~0.1.2-1) ...
#8 246.8 Setting up libcom-err2:arm64 (1.47.2-3+b11) ...
#8 246.8 Setting up node-camelcase (7.0.0-3) ...
#8 246.8 Setting up node-resumer (0.0.0-6) ...
#8 246.8 Setting up node-uuid (8.3.2+~8.3.4-1) ...
#8 246.8 Setting up libgomp1:arm64 (14.2.0-19) ...
#8 246.8 Setting up bzip2 (1.0.8-6) ...
#8 246.9 Setting up node-terser (5.38.0-1) ...
#8 246.9 Setting up node-path-type (4.0.0-3) ...
#8 246.9 Setting up node-indent-string (4.0.0-2) ...
#8 246.9 Setting up libsframe1:arm64 (2.44-3) ...
#8 246.9 Setting up node-typedarray (0.0.7-1) ...
#8 246.9 Setting up libjansson4:arm64 (2.14-2+b3) ...
#8 246.9 Setting up node-function-bind (1.1.2+~cs2.1.14-1) ...
#8 246.9 Setting up node-clone (2.1.2+~2.1.2-1) ...
#8 246.9 Setting up node-p-map (4.0.0+~3.1.0+~3.0.1-2) ...
#8 246.9 Setting up node-iferr (1.0.2+~1.0.2-1) ...
#8 246.9 Setting up libkrb5support0:arm64 (1.21.3-5+deb13u1) ...
#8 246.9 Setting up node-chownr (2.0.0-3) ...
#8 246.9 Setting up node-has-flag (5.0.1-1) ...
#8 246.9 Setting up node-estraverse (5.3.0+ds+~5.1.1-1) ...
#8 246.9 Setting up libsasl2-modules-db:arm64 (2.1.28+dfsg1-9) ...
#8 246.9 Setting up node-regjsgen (0.7.1+ds-1) ...
#8 246.9 Setting up node-lodash-packages (4.17.21+dfsg+~cs8.31.198.20210220-9) ...
#8 246.9 Setting up node-json-schema-traverse (1.0.0-3) ...
#8 246.9 Setting up node-inherits (2.0.4-6) ...
#8 246.9 Setting up node-path-is-absolute (2.0.0-2) ...
#8 246.9 Setting up node-locate-path (7.1.1-2) ...
#8 246.9 Setting up node-ini (3.0.1-2) ...
#8 246.9 Setting up node-postcss-value-parser (4.2.0-1) ...
#8 246.9 Setting up node-is-descriptor (3.0.0-2) ...
#8 246.9 Setting up node-safe-buffer (5.2.1+~cs2.1.2-3) ...
#8 246.9 Setting up node-promise-inflight (1.0.1+~1.0.0-1) ...
#8 246.9 Setting up rpcsvc-proto (1.4.3-1+b1) ...
#8 246.9 Setting up node-rechoir (0.8.0+~0.6.1-2) ...
#8 246.9 Setting up node-json-parse-better-errors (1.0.2+~cs3.3.1-3) ...
#8 246.9 Setting up node-unicode-canonical-property-names-ecmascript (2.0.0-2) ...
#8 246.9 Setting up node-sprintf-js (1.1.2+ds1+~1.1.2-1) ...
#8 247.0 Setting up node-flatted (3.2.7~ds-1+deb13u1) ...
#8 247.0 Setting up node-y18n (5.0.8+~5.0.0-3) ...
#8 247.0 Setting up node-fast-deep-equal (3.1.3-3) ...
#8 247.0 Setting up node-shebang-regex (3.0.0-2) ...
#8 247.0 Setting up node-err-code (2.0.3+dfsg-3) ...
#8 247.0 Setting up node-resolve-from (5.0.0+~3.1.0+~3.3.0+~2.0.0-1) ...
#8 247.0 Setting up make (4.4.1-2) ...
#8 247.0 Setting up libmpfr6:arm64 (4.2.2-1) ...
#8 247.0 Setting up node-balanced-match (2.0.0-1) ...
#8 247.0 Setting up node-convert-source-map (1.9.0+~1.5.2-1) ...
#8 247.0 Setting up node-brace-expansion (2.0.1+~1.1.0-2) ...
#8 247.0 Setting up node-is-stream (3.0.0-4) ...
#8 247.0 Setting up node-spdx-exceptions (2.3.0-2) ...
#8 247.0 Setting up xz-utils (5.8.1-1) ...
#8 247.0 update-alternatives: using /usr/bin/xz to provide /usr/bin/lzma (lzma) in auto mode
#8 247.0 update-alternatives: warning: skip creation of /usr/share/man/man1/lzma.1.gz because associated file /usr/share/man/man1/xz.1.gz (of link group lzma) doesn't exist
#8 247.0 update-alternatives: warning: skip creation of /usr/share/man/man1/unlzma.1.gz because associated file /usr/share/man/man1/unxz.1.gz (of link group lzma) doesn't exist
#8 247.0 update-alternatives: warning: skip creation of /usr/share/man/man1/lzcat.1.gz because associated file /usr/share/man/man1/xzcat.1.gz (of link group lzma) doesn't exist
#8 247.0 update-alternatives: warning: skip creation of /usr/share/man/man1/lzmore.1.gz because associated file /usr/share/man/man1/xzmore.1.gz (of link group lzma) doesn't exist
#8 247.0 update-alternatives: warning: skip creation of /usr/share/man/man1/lzless.1.gz because associated file /usr/share/man/man1/xzless.1.gz (of link group lzma) doesn't exist
#8 247.0 update-alternatives: warning: skip creation of /usr/share/man/man1/lzdiff.1.gz because associated file /usr/share/man/man1/xzdiff.1.gz (of link group lzma) doesn't exist
#8 247.0 update-alternatives: warning: skip creation of /usr/share/man/man1/lzcmp.1.gz because associated file /usr/share/man/man1/xzcmp.1.gz (of link group lzma) doesn't exist
#8 247.0 update-alternatives: warning: skip creation of /usr/share/man/man1/lzgrep.1.gz because associated file /usr/share/man/man1/xzgrep.1.gz (of link group lzma) doesn't exist
#8 247.0 update-alternatives: warning: skip creation of /usr/share/man/man1/lzegrep.1.gz because associated file /usr/share/man/man1/xzegrep.1.gz (of link group lzma) doesn't exist
#8 247.0 update-alternatives: warning: skip creation of /usr/share/man/man1/lzfgrep.1.gz because associated file /usr/share/man/man1/xzfgrep.1.gz (of link group lzma) doesn't exist
#8 247.0 Setting up node-get-stream (8.0.1-11) ...
#8 247.0 Setting up libp11-kit0:arm64 (0.25.5-3) ...
#8 247.0 Setting up node-js-tokens (8.0.0-2) ...
#8 247.0 Setting up node-core-js (3.33.2-1) ...
#8 247.0 Setting up node-interpret (2.2.0-3) ...
#8 247.0 Setting up node-set-blocking (2.0.0-2) ...
#8 247.0 Setting up libunistring5:arm64 (1.3-2) ...
#8 247.0 Setting up node-prr (1.0.1-3) ...
#8 247.0 Setting up libssl-dev:arm64 (3.5.6-1~deb13u2) ...
#8 247.0 Setting up libcares2:arm64 (1.34.5-1+deb13u1) ...
#8 247.0 Setting up libmpc3:arm64 (1.3.1-1+b3) ...
#8 247.0 Setting up node-repeat-string (1.6.1+repack-1) ...
#8 247.0 Setting up libatomic1:arm64 (14.2.0-19) ...
#8 247.0 Setting up node-globals (13.23.0-1) ...
#8 247.0 Setting up node-deep-is (0.1.4-1) ...
#8 247.0 Setting up patch (2.8-2) ...
#8 247.1 Setting up node-async (3.2.6+dfsg-2) ...
#8 247.1 Setting up node-signal-exit (4.1.0-7) ...
#8 247.1 Setting up node-randombytes (2.1.0+~2.0.0-2) ...
#8 247.1 Setting up libk5crypto3:arm64 (1.21.3-5+deb13u1) ...
#8 247.1 Setting up node-source-map (0.7.0++dfsg2+really.0.6.1-15) ...
#8 247.1 Setting up node-wrappy (1.0.2-3) ...
#8 247.1 Setting up node-text-table (0.2.0-4) ...
#8 247.1 Setting up libsasl2-2:arm64 (2.1.28+dfsg1-9) ...
#8 247.1 Setting up libnghttp3-9:arm64 (1.8.0-1) ...
#8 247.1 Setting up node-require-directory (2.1.1+~2.1.2-1) ...
#8 247.1 Setting up node-ip (2.0.1+~1.1.3-3) ...
#8 247.1 Setting up node-quick-lru (6.1.1-4) ...
#8 247.1 Setting up node-regenerator-runtime (0.15.2+~0.10.8-1) ...
#8 247.1 Setting up node-punycode (2.3.1+~2.1.4-1) ...
#8 247.1 Setting up libubsan1:arm64 (14.2.0-19) ...
#8 247.1 Setting up node-to-fast-properties (3.0.1-3) ...
#8 247.1 Setting up node-defaults (1.0.4+~1.0.3-1) ...
#8 247.1 Setting up node-mute-stream (0.0.8+~0.0.1-3) ...
#8 247.1 Setting up node-memfs (3.4.12+~cs1.0.3-1) ...
#8 247.1 Setting up node-mimic-response (3.1.0-9) ...
#8 247.1 Setting up node-commander (9.4.1-1) ...
#8 247.1 Setting up node-undici (7.3.0+dfsg1+~cs24.12.11-1) ...
#8 247.1 Setting up libjs-typedarray-to-buffer (4.0.0-2) ...
#8 247.1 Setting up perl-modules-5.40 (5.40.1-6) ...
#8 247.1 Setting up node-graceful-fs (4.2.10-1) ...
#8 247.1 Setting up ripgrep (14.1.1-1+b4) ...
#8 247.1 Setting up node-merge-stream (2.0.0+~1.1.2-2) ...
#8 247.1 Setting up node-is-path-cwd (2.2.0-2) ...
#8 247.1 Setting up libhwasan0:arm64 (14.2.0-19) ...
#8 247.1 Setting up libcrypt-dev:arm64 (1:4.4.38-1) ...
#8 247.2 Setting up node-jsonify (0.0.1-1) ...
#8 247.2 Setting up libasan8:arm64 (14.2.0-19) ...
#8 247.2 Setting up node-json-stable-stringify (1.0.2+repack1+~cs1.0.34-2) ...
#8 247.2 Setting up node-fast-levenshtein (2.0.6+ds-3) ...
#8 247.2 Setting up libjs-regenerate (1.4.2-3) ...
#8 247.2 Setting up node-hosted-git-info (6.1.1-2) ...
#8 247.2 Setting up node-aproba (2.0.0-3) ...
#8 247.2 Setting up node-unicode-property-aliases-ecmascript (2.1.0+ds-1) ...
#8 247.2 Setting up node-binary-extensions (2.2.0-2) ...
#8 247.2 Setting up node-is-plain-object (5.0.0-7) ...
#8 247.2 Setting up node-eslint-utils (3.0.0-3) ...
#8 247.2 Setting up libtasn1-6:arm64 (4.20.0-2) ...
#8 247.2 Setting up node-mimic-fn (4.0.0-5) ...
#8 247.2 Setting up node-path-dirname (1.0.2-2) ...
#8 247.2 Setting up node-ip-regex (4.3.0+~4.1.1-1) ...
#8 247.2 Setting up git-man (1:2.47.3-0+deb13u1) ...
#8 247.2 Setting up node-spdx-license-ids (3.0.12-1) ...
#8 247.2 Setting up node-string-decoder (1.3.0-6) ...
#8 247.2 Setting up node-esutils (2.0.3+~2.0.0-1) ...
#8 247.2 Setting up libngtcp2-16:arm64 (1.11.0-1+deb13u1) ...
#8 247.2 Setting up node-time-stamp (2.2.0-2) ...
#8 247.2 Setting up node-commondir (1.0.1+~1.0.0-1) ...
#8 247.2 Setting up libjs-prettify (2015.12.04+dfsg-1.1) ...
#8 247.2 Setting up libjs-events (3.3.0+~3.0.0-3) ...
#8 247.2 Setting up node-run-queue (2.0.0-3) ...
#8 247.2 Setting up libkrb5-3:arm64 (1.21.3-5+deb13u1) ...
#8 247.2 Setting up node-core-util-is (1.0.3-1) ...
#8 247.2 Setting up node-json-schema (0.4.0+~7.0.11-1) ...
#8 247.2 Setting up node-uri-js (4.4.0+dfsg-8) ...
#8 247.3 Setting up node-prelude-ls (1.2.1+dfsg-3) ...
#8 247.3 Setting up libicu76:arm64 (76.1-4) ...
#8 247.3 Setting up node-minimatch (9.0.3-6) ...
#8 247.3 Setting up libssh2-1t64:arm64 (1.11.1-1+deb13u1) ...
#8 247.3 Setting up libtsan2:arm64 (14.2.0-19) ...
#8 247.3 Setting up libbinutils:arm64 (2.44-3) ...
#8 247.3 Setting up node-imurmurhash (0.1.4+dfsg+~0.1.1-2) ...
#8 247.3 Setting up node-xtend (4.0.2-3) ...
#8 247.3 Setting up libisl23:arm64 (0.27-1) ...
#8 247.3 Setting up node-set-immediate-shim (2.0.0-2) ...
#8 247.3 Setting up node-foreground-child (3.1.1-2) ...
#8 247.3 Setting up libc-dev-bin (2.41-12+deb13u3) ...
#8 247.3 Setting up node-wordwrap (1.0.0-4) ...
#8 247.3 Setting up node-read (1.0.7-5) ...
#8 247.3 Setting up node-regexpp (3.2.0-5) ...
#8 247.3 Setting up node-is-arrayish (0.3.2-3) ...
#8 247.3 Setting up node-base64-js (1.5.1+dfsg+~1.3.0-2) ...
#8 247.3 Setting up node-esquery (1.4.2~ds-1) ...
#8 247.3 Setting up libpython3.13-stdlib:arm64 (3.13.5-2+deb13u2) ...
#8 247.3 Setting up node-npm-run-path (5.1.0+~4.0.0-8) ...
#8 247.3 Setting up node-is-buffer (2.0.5-2) ...
#8 247.3 Setting up node-color-convert (2.0.1+~cs2.0.0-2) ...
#8 247.3 Setting up libcc1-0:arm64 (14.2.0-19) ...
#8 247.3 Setting up libldap2:arm64 (2.6.10+dfsg-1) ...
#8 247.4 Setting up node-data-uri-to-buffer (6.0.2~0~2024040606-6+deb13u1) ...
#8 247.4 Setting up liblsan0:arm64 (14.2.0-19) ...
#8 247.4 Setting up node-async-each (1.0.3-3) ...
#8 247.4 Setting up libitm1:arm64 (14.2.0-19) ...
#8 247.4 Setting up node-isarray (2.0.5-4) ...
#8 247.4 Setting up node-osenv (0.1.5+~0.1.1-1) ...
#8 247.4 Setting up node-is-plain-obj (3.0.0-2) ...
#8 247.4 Setting up node-is-extglob (2.1.1-5) ...
#8 247.4 Setting up libpython3-stdlib:arm64 (3.13.5-1) ...
#8 247.4 Setting up node-tapable (2.2.1-3) ...
#8 247.4 Setting up node-shebang-command (2.0.0-1) ...
#8 247.4 Setting up libjs-is-typedarray (1.0.0-4) ...
#8 247.4 Setting up node-lowercase-keys (2.0.0-2) ...
#8 247.4 Setting up node-babel-plugin-add-module-exports (1.0.4+dfsg1~cs5.8.0-4) ...
#8 247.4 Setting up node-decompress-response (6.0.0-3) ...
#8 247.4 Setting up node-strip-eof (3.0.0-5) ...
#8 247.4 Setting up node-process-nextick-args (2.0.1-3) ...
#8 247.4 Setting up node-has-unicode (2.0.1-5) ...
#8 247.4 Setting up libctf0:arm64 (2.44-3) ...
#8 247.4 Setting up libuv1-dev:arm64 (1.50.0-2) ...
#8 247.4 Setting up node-readable-stream (3.6.0+~cs3.0.0-4) ...
#8 247.4 Setting up node-promise-retry (2.0.1-4) ...
#8 247.4 Setting up node-supports-color (8.1.1+~8.1.1-1) ...
#8 247.4 Setting up node-error-ex (1.3.2-4) ...
#8 247.4 Setting up node-once (1.4.1-1) ...
#8 247.4 Setting up node-webpack-sources (3.2.3+~3.2.0-2) ...
#8 247.4 Setting up node-n3 (1.16.3+~1.2.3+~1.10.4-1) ...
#8 247.4 Setting up python3.13 (3.13.5-2+deb13u2) ...
#8 247.9 Setting up node-serialize-javascript (6.0.2-1) ...
#8 247.9 Setting up node-are-we-there-yet (3.0.1+~1.1.0-1) ...
#8 247.9 Setting up node-find-up (6.3.0-7) ...
#8 247.9 Setting up node-kind-of (6.0.3+dfsg-2) ...
#8 247.9 Setting up binutils-aarch64-linux-gnu (2.44-3) ...
#8 247.9 Setting up python3 (3.13.5-1) ...
#8 247.9 running python rtupdate hooks for python3.13...
#8 247.9 running python post-rtupdate hooks for python3.13...
#8 247.9 Setting up libidn2-0:arm64 (2.3.8-2) ...
#8 247.9 Setting up node-is-binary-path (2.1.0-5) ...
#8 247.9 Setting up node-events (3.3.0+~3.0.0-3) ...
#8 247.9 Setting up node-minimist (1.2.8+~cs5.3.5-1) ...
#8 247.9 Setting up node-fancy-log (1.3.3+~cs1.3.1-2) ...
#8 247.9 Setting up node-define-property (2.0.2+really+2.0.2-3) ...
#8 247.9 Setting up node-promzard (0.3.0-2) ...
#8 248.0 Setting up node-wcwidth.js (1.0.2-2) ...
#8 248.0 Setting up node-resolve-cwd (3.0.0-2) ...
#8 248.0 Setting up libperl5.40:arm64 (5.40.1-6) ...
#8 248.0 Setting up node-fetch (3.3.2+~cs11.4.11-3) ...
#8 248.0 Setting up node-babel7-runtime (7.20.15+ds1+~cs214.269.168-8) ...
#8 248.0 Setting up node-iconv-lite (0.6.3-3) ...
#8 248.0 Setting up perl (5.40.1-6) ...
#8 248.0 Setting up node-type-check (0.4.0+dfsg-3) ...
#8 248.0 Setting up libgprofng0:arm64 (2.44-3) ...
#8 248.0 Setting up python3-packaging (25.0-1) ...
#8 248.0 Setting up node-ansi-styles (6.2.1-3) ...
#8 248.0 Setting up node-pkg-dir (5.0.0-2) ...
#8 248.1 Setting up node-got (11.8.5+~cs58.13.36-5) ...
#8 248.1 Setting up libgssapi-krb5-2:arm64 (1.21.3-5+deb13u1) ...
#8 248.1 Setting up node-optimist (0.6.1+~0.0.30-2) ...
#8 248.1 Setting up node-spdx-expression-parse (3.0.1+~3.0.1-1) ...
#8 248.1 Setting up libdpkg-perl (1.22.22) ...
#8 248.1 Setting up node-concat-stream (2.0.0+~2.0.0-2) ...
#8 248.1 Setting up node-is-typedarray (1.0.0-4) ...
#8 248.1 Setting up cpp-14-aarch64-linux-gnu (14.2.0-19) ...
#8 248.1 Setting up node-inflight (1.0.6-2) ...
#8 248.1 Setting up libc6-dev:arm64 (2.41-12+deb13u3) ...
#8 248.1 Setting up libgcc-14-dev:arm64 (14.2.0-19) ...
#8 248.1 Setting up node-encoding (0.1.13-2) ...
#8 248.1 Setting up libstdc++-14-dev:arm64 (14.2.0-19) ...
#8 248.1 Setting up node-slice-ansi (5.0.0+~cs9.0.0-5) ...
#8 248.1 Setting up node-fs-write-stream-atomic (1.0.10-6) ...
#8 248.1 Setting up gyp (0.16.2-2) ...
#8 248.2 Setting up libgnutls30t64:arm64 (3.8.9-3+deb13u4) ...
#8 248.2 Setting up node-regenerator-transform (0.15.2+~0.10.8-1) ...
#8 248.2 Setting up libpsl5t64:arm64 (0.21.2-1.1+b1) ...
#8 248.2 Setting up binutils (2.44-3) ...
#8 248.2 Setting up dpkg-dev (1.22.22) ...
#8 248.2 Setting up liberror-perl (0.17030-1) ...
#8 248.3 Setting up node-levn (0.4.1+dfsg-2) ...
#8 248.3 Setting up node-spdx-correct (3.1.1-2) ...
#8 248.3 Setting up cpp-aarch64-linux-gnu (4:14.2.0-1) ...
#8 248.3 Setting up node-glob (8.1.0+~cs8.5.15-1) ...
#8 248.3 Setting up librtmp1:arm64 (2.4+20151223.gitfa8646d.1-2+b5) ...
#8 248.3 Setting up node-typedarray-to-buffer (4.0.0-2) ...
#8 248.3 Setting up cpp-14 (14.2.0-19) ...
#8 248.3 Setting up node-minipass (5.0.0+~cs10.3.21-3) ...
#8 248.3 Setting up cpp (4:14.2.0-1) ...
#8 248.3 Setting up gcc-14-aarch64-linux-gnu (14.2.0-19) ...
#8 248.3 Setting up libngtcp2-crypto-gnutls8:arm64 (1.11.0-1+deb13u1) ...
#8 248.3 Setting up node-validate-npm-package-license (3.0.4-2) ...
#8 248.3 Setting up gcc-aarch64-linux-gnu (4:14.2.0-1) ...
#8 248.3 Setting up node-optionator (0.9.1+dfsg+~cs1.2.3-1) ...
#8 248.3 Setting up node-ssri (9.0.1-3) ...
#8 248.3 Setting up g++-14-aarch64-linux-gnu (14.2.0-19) ...
#8 248.3 Setting up node-write-file-atomic (4.0.2+~4.0.0-2) ...
#8 248.3 Setting up libcurl4t64:arm64 (8.14.1-2+deb13u3) ...
#8 248.3 Setting up libcurl3t64-gnutls:arm64 (8.14.1-2+deb13u3) ...
#8 248.3 Setting up gcc-14 (14.2.0-19) ...
#8 248.3 Setting up git (1:2.47.3-0+deb13u1) ...
#8 248.3 Setting up g++-aarch64-linux-gnu (4:14.2.0-1) ...
#8 248.3 Setting up curl (8.14.1-2+deb13u3) ...
#8 248.3 Setting up g++-14 (14.2.0-19) ...
#8 248.3 Setting up gcc (4:14.2.0-1) ...
#8 248.4 Setting up g++ (4:14.2.0-1) ...
#8 248.4 update-alternatives: using /usr/bin/g++ to provide /usr/bin/c++ (c++) in auto mode
#8 248.4 Setting up build-essential (12.12) ...
#8 248.4 Setting up node-corepack (0.24.0-5) ...
#8 248.4 Setting up node-define-properties (1.2.1+~cs2.2.3-1) ...
#8 248.4 Setting up node-acorn (8.8.1+ds+~cs25.17.7-2) ...
#8 248.4 Setting up node-espree (9.4.1~dfsg-2) ...
#8 248.4 Setting up node-debbundle-es-to-primitive (1.2.1+~cs9.7.25-2) ...
#8 248.4 Setting up libnode115:arm64 (20.19.2+dfsg-1+deb13u2) ...
#8 248.4 Setting up libnode-dev (20.19.2+dfsg-1+deb13u2) ...
#8 248.4 Setting up nodejs (20.19.2+dfsg-1+deb13u2) ...
#8 248.4 update-alternatives: using /usr/bin/nodejs to provide /usr/bin/js (js) in auto mode
#8 248.4 update-alternatives: warning: skip creation of /usr/share/man/man1/js.1.gz because associated file /usr/share/man/man1/nodejs.1.gz (of link group js) doesn't exist
#8 248.4 Setting up node-argparse (2.0.1-2) ...
#8 248.4 Setting up terser (5.38.0-1) ...
#8 248.4 Setting up node-mime (3.0.0+dfsg+~cs6.97.2-2) ...
#8 248.4 Setting up node-source-map-support (0.5.21+ds+~0.5.10-1) ...
#8 248.4 Setting up node-unique-filename (1.1.1+ds-2) ...
#8 248.4 Setting up node-unicode-match-property-ecmascript (2.0.0-2) ...
#8 248.4 Setting up node-defined (1.0.1+~1.0.0-1) ...
#8 248.4 Setting up node-mime-types (2.1.35-2) ...
#8 248.4 Setting up node-ansi-escapes (5.0.0+really.4.3.1-1) ...
#8 248.4 Setting up node-strip-ansi (6.0.1-2) ...
#8 248.4 Setting up node-write (2.0.0~6.0.1+~3.0.4+~2.0.0+~1.0.0+~2.0.1-1) ...
#8 248.4 Setting up node-ignore (5.2.1-1) ...
#8 248.4 Setting up node-chalk (5.3.0-1) ...
#8 248.5 Setting up node-which (2.0.2+~cs1.3.2-3) ...
#8 248.5 Setting up node-css-selector-tokenizer (0.8.0+~cs4.8.3-1) ...
#8 248.5 Setting up node-esprima (4.0.1+ds+~4.0.3-2) ...
#8 248.5 Setting up node-is-path-inside (3.0.3-2) ...
#8 248.5 Setting up node-neo-async (2.6.2+~cs3.0.0-3) ...
#8 248.5 Setting up node-mkdirp (2.1.6+~cs5.2.1-2) ...
#8 248.5 Setting up node-es6-error (4.1.1-5) ...
#8 248.5 Setting up node-archy (1.0.0-6) ...
#8 248.5 Setting up node-js-yaml (4.1.0+dfsg+~4.0.5-7) ...
#8 248.5 Setting up node-nopt (5.0.0-4) ...
#8 248.5 Setting up node-lodash (4.17.21+dfsg+~cs8.31.198.20210220-9) ...
#8 248.5 Setting up node-progress (2.0.3-2) ...
#8 248.5 Setting up node-json5 (2.2.3+dfsg-1) ...
#8 248.5 Setting up node-ms (2.1.3+~cs0.7.31-3) ...
#8 248.5 Setting up node-rimraf (3.0.2-2) ...
#8 248.5 Setting up node-string-width (4.2.3+~cs13.2.3-1) ...
#8 248.5 Setting up node-regenerate (1.4.2-3) ...
#8 248.5 Setting up node-semver (7.6.1+~7.5.8-2) ...
#8 248.5 Setting up node-picocolors (1.0.0-4) ...
#8 248.5 Setting up node-es-abstract (1.20.4+~cs26.27.47-2) ...
#8 248.5 Setting up node-builtins (5.0.1-1) ...
#8 248.5 Setting up handlebars (3:4.7.7+~4.1.0-1) ...
#8 248.5 Setting up node-object-assign (4.1.1-7) ...
#8 248.6 Setting up node-is-glob (4.0.3-2) ...
#8 248.6 Setting up node-v8-compile-cache (2.4.0-2) ...
#8 248.6 Setting up node-flat-cache (3.0.4~6.0.1+~3.0.4+~2.0.0+~1.0.0+~2.0.1-1) ...
#8 248.6 Setting up node-is-number (7.0.0-4) ...
#8 248.6 Setting up node-babel-plugin-polyfill-corejs2 (0.3.3~0~20220913+ds1-1) ...
#8 248.6 Setting up node-for-in (1.0.2-4) ...
#8 248.6 Setting up node-webassemblyjs (1.11.4+dfsg+~cs10.11.17-2) ...
#8 248.6 Setting up node-execa (8.0.1+dfsg1+~cs12.0.0-1) ...
#8 248.6 Setting up node-strip-json-comments (4.0.0-4) ...
#8 248.6 Setting up node-is-extendable (1.0.1-3) ...
#8 248.6 Setting up node-columnify (1.6.0+~1.5.1-1) ...
#8 248.6 Setting up node-doctrine (3.0.0-4) ...
#8 248.6 Setting up node-copy-concurrently (1.0.5-9) ...
#8 248.6 Setting up node-ajv (8.12.0~ds+~2.1.1-5) ...
#8 248.6 Setting up node-jsesc (3.0.2+~3.0.1-1) ...
#8 248.6 Setting up node-regjsparser (0.9.1+ds-2) ...
#8 248.6 Setting up node-errno (1.0.0-3) ...
#8 248.6 Setting up node-decamelize (4.0.0-2) ...
#8 248.6 Setting up node-move-concurrently (1.0.1-5) ...
#8 248.6 Setting up node-normalize-path (3.0.0+~3.0.0-1) ...
#8 248.6 Setting up node-functional-red-black-tree (1.0.1+20181105-7) ...
#8 248.6 Setting up node-debug (4.3.4+~cs4.1.7-1) ...
#8 248.6 Setting up node-agent-base (7.1.1~0~2024040606-6+deb13u1) ...
#8 248.6 Setting up node-browserslist (4.25.0+~cs6.3.22-1) ...
#8 248.6 Setting up node-yargs-parser (21.1.1+~21.0.0-4) ...
#8 248.6 Setting up node-make-dir (3.1.0-3) ...
#8 248.6 Setting up node-validate-npm-package-name (5.0.0+~4.0.0-1) ...
#8 248.6 Setting up node-esrecurse (4.3.0-2) ...
#8 248.7 Setting up node-file-entry-cache (6.0.1+~3.0.4+~2.0.0+~1.0.0+~2.0.1-1) ...
#8 248.7 Setting up node-wrap-ansi (8.0.1+~8.0.1-3) ...
#8 248.7 Setting up node-normalize-package-data (4.0.1+~2.4.1-1) ...
#8 248.7 Setting up node-for-own (1.0.0-3) ...
#8 248.7 Setting up node-eslint-scope (7.1.1+~3.7.4-1) ...
#8 248.7 Setting up node-escodegen (2.1.0+dfsg+~0.0.8-1) ...
#8 248.7 Setting up node-memory-fs (0.5.0+~0.3.3-2) ...
#8 248.7 Setting up node-babel-helper-define-polyfill-provider (0.3.3~0~20220913+ds1-1) ...
#8 248.7 Setting up node-cli-table (0.3.11+~cs0.13.4-3) ...
#8 248.7 Setting up node-tar (6.2.1+~cs7.0.8-1+deb13u1) ...
#8 248.7 Setting up node-regenerate-unicode-properties (10.1.0+ds-1) ...
#8 248.7 Setting up node-glob-parent (6.0.2+~5.1.1-2) ...
#8 248.7 Setting up node-enhanced-resolve (5.15.0-1) ...
#8 248.7 Setting up node-postcss (8.4.49+~cs9.2.32-1) ...
#8 248.7 Setting up node-wide-align (1.1.3-4) ...
#8 248.7 Setting up node-npm-package-arg (10.0.0+~3.0.0-2) ...
#8 248.7 Setting up node-anymatch (3.1.3+~cs4.6.1-2) ...
#8 248.7 Setting up node-postcss-modules-extract-imports (3.0.0-2) ...
#8 248.7 Setting up node-read-pkg (5.2.0-2) ...
#8 248.7 Setting up node-https-proxy-agent (7.0.4~0~2024040606-6+deb13u1) ...
#8 248.7 Setting up node-cliui (7.0.4+repack+1+~cs1.4.2-2) ...
#8 248.7 Setting up node-regexpu-core (5.2.2-3) ...
#8 248.7 Setting up node-yargs (16.2.0+~16.0.4-7) ...
#8 248.7 Setting up node-to-regex-range (5.0.1-4) ...
#8 248.7 Setting up node-cacache (17.0.3+~cs10.3.7-2) ...
#8 248.7 Setting up node-envinfo (7.11.0+~cs14.3.0-3) ...
#8 248.7 Setting up node-ajv-keywords (5.1.0-4) ...
#8 248.8 Setting up node-read-package-json (5.0.2+~2.0.0-2) ...
#8 248.8 Setting up node-core-js-compat (3.33.2-1) ...
#8 248.8 Setting up node-http-proxy-agent (7.0.2~0~2024040606-6+deb13u1) ...
#8 248.8 Setting up node-clone-deep (4.0.1+~cs7.0.2-1) ...
#8 248.8 Setting up eslint (6.4.0~dfsg+~6.1.9-12) ...
#8 248.8 Setting up node-babel-plugin-polyfill-regenerator (0.4.1~0~20220913+ds1-1) ...
#8 248.8 Setting up node-gauge (4.0.4-2) ...
#8 248.8 Setting up node-readdirp (3.6.0-1) ...
#8 248.8 Setting up node-icss-utils (5.1.0+~5.1.0-1) ...
#8 248.8 Setting up node-npm-bundled (2.0.1-2) ...
#8 248.8 Setting up node-schema-utils (4.2.0~ds-3) ...
#8 248.8 Setting up node-jest-worker (29.6.2~ds1+~cs73.45.28-5) ...
#8 248.8 Setting up node-npmlog (7.0.1+~4.1.4-1) ...
#8 248.8 Setting up node-babel-plugin-polyfill-corejs3 (0.6.0~0~20220913+ds1-1) ...
#8 248.8 Setting up node-postcss-modules-values (4.0.0+~4.0.0-1) ...
#8 248.8 Setting up node-fill-range (7.1.1+~7.0.3-1) ...
#8 248.8 Setting up node-gyp (11.1.0+~5.0.0-1) ...
#8 248.8 Setting up node-braces (3.0.3+~3.0.5-1) ...
#8 248.8 Setting up node-chokidar (3.6.0-3) ...
#8 248.8 Setting up node-watchpack (2.4.0+~cs2.8.1-1) ...
#8 248.8 Setting up node-micromatch (4.0.7+~4.0.9-1) ...
#8 248.8 Setting up node-globby (13.1.3+~cs16.25.40-3) ...
#8 248.8 Setting up node-del (7.1.0-1) ...
#8 248.8 Setting up node-find-cache-dir (3.3.2+~3.2.1-1) ...
#8 248.8 Setting up node-istanbul (0.4.5+repack10+~cs98.25.59-3) ...
#8 248.9 Setting up node-tape (5.6.1+~cs8.20.19-3) ...
#8 248.9 Setting up node-babel7 (7.20.15+ds1+~cs214.269.168-8) ...
#8 248.9 update-alternatives: using /usr/bin/babeljs-7 to provide /usr/bin/babeljs (babeljs) in auto mode
#8 248.9 update-alternatives: using /usr/bin/babeljs-7-external-helpers to provide /usr/bin/babeljs-external-helpers (babeljs-external-helpers) in auto mode
#8 248.9 update-alternatives: using /usr/bin/babeljs-7-node to provide /usr/bin/babeljs-node (babeljs-node) in auto mode
#8 248.9 update-alternatives: using /usr/bin/babeljs-7-parser to provide /usr/bin/babeljs-parser (babeljs-parser) in auto mode
#8 248.9 Setting up node-deep-equal (2.2.3+~cs43.15.94-1) ...
#8 248.9 Setting up libjs-util (0.12.5+~1.0.10-1) ...
#8 248.9 Setting up node-babel-plugin-lodash (3.3.4+~cs2.0.1-7) ...
#8 248.9 Setting up node-jest-debbundle (29.6.2~ds1+~cs73.45.28-5) ...
#8 248.9 Setting up node-util (0.12.5+~1.0.10-1) ...
#8 248.9 Setting up webpack (5.97.1+dfsg1+~cs11.18.27-3) ...
#8 248.9 Setting up node-assert (2.0.0+~cs3.9.8-2) ...
#8 248.9 Setting up node-css-loader (6.8.1+~cs14.0.17-1) ...
#8 248.9 Setting up node-parse-json (5.2.0+~cs5.1.7-2) ...
#8 248.9 Setting up npm (9.2.0~ds1-3) ...
#8 248.9 Processing triggers for libc-bin (2.41-12+deb13u3) ...
#8 DONE 250.1s

#14 [frontend  9/13] RUN python3 -m venv .venv     && .venv/bin/python -m pip install --upgrade pip     && .venv/bin/python -m pip install -e .
#14 ...

#15 [runtime  4/29] RUN npm install -g n     && n 22     && npm install -g @openai/codex@0.131.0     && python -m pip install --upgrade pip
#15 0.610 
#15 0.610 added 1 package in 189ms
#15 0.754   installing : node-v22.23.1
#15 1.192        mkdir : /usr/local/n/versions/node/22.23.1
#15 1.199        fetch : https://nodejs.org/dist/v22.23.1/node-v22.23.1-linux-arm64.tar.xz
#15 4.756      copying : node/22.23.1
#15 5.104    installed : v22.23.1 (with npm 10.9.8)
#15 5.104 
#15 5.104 Note: the node command changed location and the old location may be remembered in your current shell.
#15 5.104          old : /usr/bin/node
#15 5.104          new : /usr/local/bin/node
#15 5.104 If "node --version" shows the old version then start a new shell, or reset the location hash with:
#15 5.104 hash -r  (for bash, zsh, ash, dash, and ksh)
#15 5.104 rehash   (for csh and tcsh)
#15 ...

#14 [frontend  9/13] RUN python3 -m venv .venv     && .venv/bin/python -m pip install --upgrade pip     && .venv/bin/python -m pip install -e .
#14 157.6    ━━━━━━━━━━━━━━━━━━━━━━━━━━━━━━━━━━━━━━━━ 15.2/15.2 MB 581.7 kB/s  0:00:25
#14 157.7 Downloading pandas-2.3.3-cp312-cp312-manylinux_2_24_aarch64.manylinux_2_28_aarch64.whl (11.7 MB)
#14 ...

#15 [runtime  4/29] RUN npm install -g n     && n 22     && npm install -g @openai/codex@0.131.0     && python -m pip install --upgrade pip
#15 17.91 
#15 17.91 added 2 packages in 13s
#15 18.68 Requirement already satisfied: pip in /usr/local/lib/python3.12/site-packages (25.0.1)
#15 18.74 Collecting pip
#15 19.80   Downloading pip-26.1.2-py3-none-any.whl.metadata (4.6 kB)
#15 19.82 Downloading pip-26.1.2-py3-none-any.whl (1.8 MB)
#15 21.25    ━━━━━━━━━━━━━━━━━━━━━━━━━━━━━━━━━━━━━━━━ 1.8/1.8 MB 1.2 MB/s eta 0:00:00
#15 21.27 Installing collected packages: pip
#15 21.27   Attempting uninstall: pip
#15 21.27     Found existing installation: pip 25.0.1
#15 21.29     Uninstalling pip-25.0.1:
#15 21.35       Successfully uninstalled pip-25.0.1
#15 21.76 Successfully installed pip-26.1.2
#15 21.76 WARNING: Running pip as the 'root' user can result in broken permissions and conflicting behaviour with the system package manager, possibly rendering your system unusable. It is recommended to use a virtual environment instead: https://pip.pypa.io/warnings/venv. Use the --root-user-action option if you know what you are doing and want to suppress this warning.
#15 DONE 22.7s

#14 [frontend  9/13] RUN python3 -m venv .venv     && .venv/bin/python -m pip install --upgrade pip     && .venv/bin/python -m pip install -e .
#14 ...

#16 [runtime  5/29] RUN git clone --recurse-submodules https://github.com/NousResearch/hermes-agent.git /opt/hermes-agent     && cd /opt/hermes-agent     && python -m venv venv     && /opt/hermes-agent/venv/bin/python -m pip install --upgrade pip     && /opt/hermes-agent/venv/bin/python -m pip install -e ".[all]"     && ln -sf /opt/hermes-agent/venv/bin/hermes /usr/local/bin/hermes
#16 0.171 Cloning into '/opt/hermes-agent'...
#16 ...

#14 [frontend  9/13] RUN python3 -m venv .venv     && .venv/bin/python -m pip install --upgrade pip     && .venv/bin/python -m pip install -e .
#14 170.2    ━━━━━━━━━━━━━━━━━━━━━━━━━━━━━━━━━━━━━━━━ 11.7/11.7 MB 964.3 kB/s  0:00:12
#14 170.2 Downloading pillow-12.3.0-cp312-cp312-manylinux_2_27_aarch64.manylinux_2_28_aarch64.whl (6.3 MB)
#14 176.8    ━━━━━━━━━━━━━━━━━━━━━━━━━━━━━━━━━━━━━━━━ 6.3/6.3 MB 956.6 kB/s  0:00:06
#14 176.8 Downloading pytz-2025.2-py2.py3-none-any.whl (509 kB)
#14 177.0 Downloading pyyaml-6.0.3-cp312-cp312-manylinux2014_aarch64.manylinux_2_17_aarch64.manylinux_2_28_aarch64.whl (775 kB)
#14 178.0    ━━━━━━━━━━━━━━━━━━━━━━━━━━━━━━━━━━━━━━━━ 775.1/775.1 kB 905.4 kB/s  0:00:00
#14 178.0 Downloading scipy-1.18.0-cp312-cp312-manylinux_2_27_aarch64.manylinux_2_28_aarch64.whl (34.0 MB)
#14 214.0    ━━━━━━━━━━━━━━━━━━━━━━━━━━━━━━━━━━━━━━━━ 34.0/34.0 MB 1.0 MB/s  0:00:36
#14 214.0 Downloading annotated_types-0.7.0-py3-none-any.whl (13 kB)
#14 214.0 Downloading anyio-4.14.1-py3-none-any.whl (124 kB)
#14 214.1 Downloading contourpy-1.3.3-cp312-cp312-manylinux_2_26_aarch64.manylinux_2_28_aarch64.whl (332 kB)
#14 214.5 Downloading cycler-0.12.1-py3-none-any.whl (8.3 kB)
#14 214.7 Downloading fonttools-4.63.0-cp312-cp312-manylinux2014_aarch64.manylinux_2_17_aarch64.manylinux_2_28_aarch64.whl (5.0 MB)
#14 219.1    ━━━━━━━━━━━━━━━━━━━━━━━━━━━━━━━━━━━━━━━━ 5.0/5.0 MB 1.2 MB/s  0:00:04
#14 219.2 Downloading h11-0.16.0-py3-none-any.whl (37 kB)
#14 219.2 Downloading httpx_sse-0.4.3-py3-none-any.whl (9.0 kB)
#14 219.2 Downloading idna-3.18-py3-none-any.whl (65 kB)
#14 219.2 Downloading jsonschema-4.26.0-py3-none-any.whl (90 kB)
#14 219.2 Downloading attrs-26.1.0-py3-none-any.whl (67 kB)
#14 219.3 Downloading jsonschema_specifications-2025.9.1-py3-none-any.whl (18 kB)
#14 219.3 Downloading kiwisolver-1.5.0-cp312-cp312-manylinux_2_24_aarch64.manylinux_2_28_aarch64.whl (1.3 MB)
#14 220.5    ━━━━━━━━━━━━━━━━━━━━━━━━━━━━━━━━━━━━━━━━ 1.3/1.3 MB 884.3 kB/s  0:00:01
#14 220.6 Downloading packaging-26.2-py3-none-any.whl (100 kB)
#14 220.6 Downloading pydantic_settings-2.14.2-py3-none-any.whl (61 kB)
#14 220.7 Downloading pyjwt-2.13.0-py3-none-any.whl (31 kB)
#14 220.8 Downloading cryptography-49.0.0-cp311-abi3-manylinux_2_34_aarch64.whl (4.7 MB)
#14 225.1    ━━━━━━━━━━━━━━━━━━━━━━━━━━━━━━━━━━━━━━━━ 4.7/4.7 MB 1.1 MB/s  0:00:04
#14 225.2 Downloading cffi-2.1.0-cp312-cp312-manylinux2014_aarch64.manylinux_2_17_aarch64.whl (222 kB)
#14 225.9 Downloading pyparsing-3.3.2-py3-none-any.whl (122 kB)
#14 226.0 Downloading python_dateutil-2.9.0.post0-py2.py3-none-any.whl (229 kB)
#14 226.5 Downloading python_dotenv-1.2.2-py3-none-any.whl (22 kB)
#14 226.5 Downloading python_multipart-0.0.32-py3-none-any.whl (30 kB)
#14 226.5 Downloading referencing-0.37.0-py3-none-any.whl (26 kB)
#14 226.6 Downloading rpds_py-2026.6.3-cp312-cp312-manylinux_2_17_aarch64.manylinux2014_aarch64.whl (368 kB)
#14 226.8 Downloading six-1.17.0-py2.py3-none-any.whl (11 kB)
#14 226.9 Downloading sse_starlette-3.4.5-py3-none-any.whl (16 kB)
#14 226.9 Downloading starlette-1.3.1-py3-none-any.whl (73 kB)
#14 227.0 Downloading typing_extensions-4.16.0-py3-none-any.whl (45 kB)
#14 227.0 Downloading typing_inspection-0.4.2-py3-none-any.whl (14 kB)
#14 227.0 Downloading tzdata-2026.3-py2.py3-none-any.whl (348 kB)
#14 227.2 Downloading uvicorn-0.51.0-py3-none-any.whl (73 kB)
#14 227.2 Downloading click-8.4.2-py3-none-any.whl (119 kB)
#14 227.3 Downloading certifi-2026.6.17-py3-none-any.whl (133 kB)
#14 227.4 Downloading pycparser-3.0-py3-none-any.whl (48 kB)
#14 227.6 Building wheels for collected packages: entrelineas-tactical-evidence
#14 227.6   Building editable for entrelineas-tactical-evidence (pyproject.toml): started
#14 227.7   Building editable for entrelineas-tactical-evidence (pyproject.toml): finished with status 'done'
#14 227.7   Created wheel for entrelineas-tactical-evidence: filename=entrelineas_tactical_evidence-0.1.0-0.editable-py3-none-any.whl size=1556 sha256=3c4d08b73648eb897581b43e672e08ddac72c76b81a3ba83c5f8aa5377be29c9
#14 227.7   Stored in directory: /tmp/pip-ephem-wheel-cache-siomfnbe/wheels/54/1b/b7/aa63e25c8f14f4f2ae7b04e6097bdecb770e455c5c1ee0a600
#14 227.7 Successfully built entrelineas-tactical-evidence
#14 227.8 Installing collected packages: pytz, tzdata, typing-extensions, six, rpds-py, PyYAML, python-multipart, python-dotenv, pyparsing, pyjwt, pycparser, pyarrow, pillow, packaging, numpy, lxml, kiwisolver, iso8601, idna, httpx-sse, h11, fonttools, cycler, click, certifi, attrs, annotated-types, uvicorn, typing-inspection, scipy, referencing, python-dateutil, pydantic-core, httpcore, h5py, contourpy, cffi, anyio, starlette, pydantic, pandas, matplotlib, jsonschema-specifications, httpx, cryptography, sse-starlette, pydantic-settings, jsonschema, floodlight, mcp, entrelineas-tactical-evidence
#14 236.9 
#14 236.9 Successfully installed PyYAML-6.0.3 annotated-types-0.7.0 anyio-4.14.1 attrs-26.1.0 certifi-2026.6.17 cffi-2.1.0 click-8.4.2 contourpy-1.3.3 cryptography-49.0.0 cycler-0.12.1 entrelineas-tactical-evidence-0.1.0 floodlight-1.2.0 fonttools-4.63.0 h11-0.16.0 h5py-3.16.0 httpcore-1.0.9 httpx-0.28.1 httpx-sse-0.4.3 idna-3.18 iso8601-2.1.0 jsonschema-4.26.0 jsonschema-specifications-2025.9.1 kiwisolver-1.5.0 lxml-5.4.0 matplotlib-3.11.0 mcp-1.28.1 numpy-2.5.1 packaging-26.2 pandas-2.3.3 pillow-12.3.0 pyarrow-24.0.0 pycparser-3.0 pydantic-2.12.5 pydantic-core-2.41.5 pydantic-settings-2.14.2 pyjwt-2.13.0 pyparsing-3.3.2 python-dateutil-2.9.0.post0 python-dotenv-1.2.2 python-multipart-0.0.32 pytz-2025.2 referencing-0.37.0 rpds-py-2026.6.3 scipy-1.18.0 six-1.17.0 sse-starlette-3.4.5 starlette-1.3.1 typing-extensions-4.16.0 typing-inspection-0.4.2 tzdata-2026.3 uvicorn-0.51.0
#14 DONE 238.3s

#16 [runtime  5/29] RUN git clone --recurse-submodules https://github.com/NousResearch/hermes-agent.git /opt/hermes-agent     && cd /opt/hermes-agent     && python -m venv venv     && /opt/hermes-agent/venv/bin/python -m pip install --upgrade pip     && /opt/hermes-agent/venv/bin/python -m pip install -e ".[all]"     && ln -sf /opt/hermes-agent/venv/bin/hermes /usr/local/bin/hermes
#16 ...

#17 [frontend 10/13] COPY apps/workbench-alpha/package*.json ./apps/workbench-alpha/
#17 DONE 0.1s

#18 [frontend 11/13] RUN npm --prefix apps/workbench-alpha ci
#18 4.355 
#18 4.355 added 83 packages, and audited 84 packages in 4s
#18 4.355 
#18 4.355 11 packages are looking for funding
#18 4.355   run `npm fund` for details
#18 4.358 
#18 4.358 1 low severity vulnerability
#18 4.358 
#18 4.358 To address all issues, run:
#18 4.358   npm audit fix
#18 4.358 
#18 4.358 Run `npm audit` for details.
#18 DONE 4.7s

#16 [runtime  5/29] RUN git clone --recurse-submodules https://github.com/NousResearch/hermes-agent.git /opt/hermes-agent     && cd /opt/hermes-agent     && python -m venv venv     && /opt/hermes-agent/venv/bin/python -m pip install --upgrade pip     && /opt/hermes-agent/venv/bin/python -m pip install -e ".[all]"     && ln -sf /opt/hermes-agent/venv/bin/hermes /usr/local/bin/hermes
#16 ...

#19 [frontend 12/13] COPY apps/workbench-alpha ./apps/workbench-alpha
#19 DONE 0.2s

#16 [runtime  5/29] RUN git clone --recurse-submodules https://github.com/NousResearch/hermes-agent.git /opt/hermes-agent     && cd /opt/hermes-agent     && python -m venv venv     && /opt/hermes-agent/venv/bin/python -m pip install --upgrade pip     && /opt/hermes-agent/venv/bin/python -m pip install -e ".[all]"     && ln -sf /opt/hermes-agent/venv/bin/hermes /usr/local/bin/hermes
#16 ...

#20 [frontend 13/13] RUN npm --prefix apps/workbench-alpha run build
#20 0.150 
#20 0.150 > entrelineas-workbench-alpha@0.1.0 build
#20 0.150 > npm run generate:contracts && tsc --noEmit -p tsconfig.json && vite build
#20 0.150 
#20 0.196 
#20 0.196 > entrelineas-workbench-alpha@0.1.0 generate:contracts
#20 0.196 > PYTHONPATH=../../src ${PYTHON:-../../.venv/bin/python} ../../scripts/workbench_alpha/generate_contracts.py
#20 0.196 
#20 3.259 vite v7.3.5 building client environment for production...
#20 3.291 transforming...
#20 3.979 ✓ 179 modules transformed.
#20 4.168 rendering chunks...
#20 4.179 computing gzip size...
#20 4.199 dist/index.html                     0.41 kB │ gzip:   0.28 kB
#20 4.199 dist/assets/index-D-nsxbd-.css     32.91 kB │ gzip:   7.05 kB
#20 4.199 dist/assets/index-CPyCMeOV.js   2,033.23 kB │ gzip: 238.39 kB
#20 4.199 
#20 4.199 (!) Some chunks are larger than 500 kB after minification. Consider:
#20 4.199 - Using dynamic import() to code-split the application
#20 4.199 - Use build.rollupOptions.output.manualChunks to improve chunking: https://rollupjs.org/configuration-options/#output-manualchunks
#20 4.199 - Adjust chunk size limit for this warning via build.chunkSizeWarningLimit.
#20 4.199 ✓ built in 927ms
#20 DONE 4.3s

#16 [runtime  5/29] RUN git clone --recurse-submodules https://github.com/NousResearch/hermes-agent.git /opt/hermes-agent     && cd /opt/hermes-agent     && python -m venv venv     && /opt/hermes-agent/venv/bin/python -m pip install --upgrade pip     && /opt/hermes-agent/venv/bin/python -m pip install -e ".[all]"     && ln -sf /opt/hermes-agent/venv/bin/hermes /usr/local/bin/hermes
#16 1970.4 Updating files:  34% (2132/6227)
Updating files:  35% (2180/6227)
Updating files:  36% (2242/6227)
Updating files:  37% (2304/6227)
Updating files:  38% (2367/6227)
Updating files:  39% (2429/6227)
Updating files:  40% (2491/6227)
Updating files:  41% (2554/6227)
Updating files:  42% (2616/6227)
Updating files:  43% (2678/6227)
Updating files:  44% (2740/6227)
Updating files:  45% (2803/6227)
Updating files:  46% (2865/6227)
Updating files:  47% (2927/6227)
Updating files:  48% (2989/6227)
Updating files:  49% (3052/6227)
Updating files:  50% (3114/6227)
Updating files:  51% (3176/6227)
Updating files:  52% (3239/6227)
Updating files:  53% (3301/6227)
Updating files:  54% (3363/6227)
Updating files:  55% (3425/6227)
Updating files:  56% (3488/6227)
Updating files:  57% (3550/6227)
Updating files:  58% (3612/6227)
Updating files:  59% (3674/6227)
Updating files:  60% (3737/6227)
Updating files:  61% (3799/6227)
Updating files:  62% (3861/6227)
Updating files:  63% (3924/6227)
Updating files:  64% (3986/6227)
Updating files:  65% (4048/6227)
Updating files:  66% (4110/6227)
Updating files:  67% (4173/6227)
Updating files:  68% (4235/6227)
Updating files:  69% (4297/6227)
Updating files:  70% (4359/6227)
Updating files:  71% (4422/6227)
Updating files:  72% (4484/6227)
Updating files:  73% (4546/6227)
Updating files:  74% (4608/6227)
Updating files:  75% (4671/6227)
Updating files:  76% (4733/6227)
Updating files:  77% (4795/6227)
Updating files:  78% (4858/6227)
Updating files:  79% (4920/6227)
Updating files:  80% (4982/6227)
Updating files:  81% (5044/6227)
Updating files:  82% (5107/6227)
Updating files:  83% (5169/6227)
Updating files:  84% (5231/6227)
Updating files:  85% (5293/6227)
Updating files:  86% (5356/6227)
Updating files:  87% (5418/6227)
Updating files:  88% (5480/6227)
Updating files:  89% (5543/6227)
Updating files:  90% (5605/6227)
Updating files:  91% (5667/6227)
Updating files:  92% (5729/6227)
Updating files:  93% (5792/6227)
Updating files:  94% (5854/6227)
Updating files:  95% (5916/6227)
Updating files:  96% (5978/6227)
Updating files:  97% (6041/6227)
Updating files:  98% (6103/6227)
Updating files:  99% (6165/6227)
Updating files: 100% (6227/6227)
Updating files: 100% (6227/6227), done.
#16 1973.0 Requirement already satisfied: pip in ./venv/lib/python3.12/site-packages (25.0.1)
#16 1973.0 Collecting pip
#16 1973.0   Using cached pip-26.1.2-py3-none-any.whl.metadata (4.6 kB)
#16 1973.0 Using cached pip-26.1.2-py3-none-any.whl (1.8 MB)
#16 1973.1 Installing collected packages: pip
#16 1973.1   Attempting uninstall: pip
#16 1973.1     Found existing installation: pip 25.0.1
#16 1973.1     Uninstalling pip-25.0.1:
#16 1973.1       Successfully uninstalled pip-25.0.1
#16 1973.5 Successfully installed pip-26.1.2
#16 1973.8 Obtaining file:///opt/hermes-agent
#16 1973.8   Installing build dependencies: started
#16 1975.4   Installing build dependencies: finished with status 'done'
#16 1975.4   Checking if build backend supports build_editable: started
#16 1975.7   Checking if build backend supports build_editable: finished with status 'done'
#16 1975.7   Getting requirements to build editable: started
#16 1976.0   Getting requirements to build editable: finished with status 'done'
#16 1976.0   Preparing editable metadata (pyproject.toml): started
#16 1976.2   Preparing editable metadata (pyproject.toml): finished with status 'done'
#16 1977.3 Collecting openai==2.24.0 (from hermes-agent==0.18.2)
#16 1977.7   Downloading openai-2.24.0-py3-none-any.whl.metadata (29 kB)
#16 1978.1 Collecting certifi==2026.5.20 (from hermes-agent==0.18.2)
#16 1978.1   Downloading certifi-2026.5.20-py3-none-any.whl.metadata (2.5 kB)
#16 1978.3 Collecting python-dotenv==1.2.2 (from hermes-agent==0.18.2)
#16 1978.3   Downloading python_dotenv-1.2.2-py3-none-any.whl.metadata (27 kB)
#16 1978.4 Collecting fire==0.7.1 (from hermes-agent==0.18.2)
#16 1978.5   Downloading fire-0.7.1-py3-none-any.whl.metadata (5.8 kB)
#16 1978.6 Collecting httpx==0.28.1 (from httpx[socks]==0.28.1->hermes-agent==0.18.2)
#16 1978.6   Downloading httpx-0.28.1-py3-none-any.whl.metadata (7.1 kB)
#16 1978.7 Collecting rich==14.3.3 (from hermes-agent==0.18.2)
#16 1978.7   Downloading rich-14.3.3-py3-none-any.whl.metadata (18 kB)
#16 1978.8 Collecting tenacity==9.1.4 (from hermes-agent==0.18.2)
#16 1978.8   Downloading tenacity-9.1.4-py3-none-any.whl.metadata (1.2 kB)
#16 1978.9 Collecting pyyaml==6.0.3 (from hermes-agent==0.18.2)
#16 1978.9   Downloading pyyaml-6.0.3-cp312-cp312-manylinux2014_aarch64.manylinux_2_17_aarch64.manylinux_2_28_aarch64.whl.metadata (2.4 kB)
#16 1979.2 Collecting ruamel.yaml==0.18.17 (from hermes-agent==0.18.2)
#16 1979.2   Downloading ruamel_yaml-0.18.17-py3-none-any.whl.metadata (27 kB)
#16 1979.3 Collecting requests==2.33.0 (from hermes-agent==0.18.2)
#16 1979.3   Downloading requests-2.33.0-py3-none-any.whl.metadata (5.1 kB)
#16 1979.3 Collecting jinja2==3.1.6 (from hermes-agent==0.18.2)
#16 1979.4   Downloading jinja2-3.1.6-py3-none-any.whl.metadata (2.9 kB)
#16 1979.7 Collecting pydantic==2.13.4 (from hermes-agent==0.18.2)
#16 1979.8   Downloading pydantic-2.13.4-py3-none-any.whl.metadata (109 kB)
#16 1980.0 Collecting prompt_toolkit==3.0.52 (from hermes-agent==0.18.2)
#16 1980.2   Downloading prompt_toolkit-3.0.52-py3-none-any.whl.metadata (6.4 kB)
#16 1980.3 Collecting croniter==6.0.0 (from hermes-agent==0.18.2)
#16 1980.3   Downloading croniter-6.0.0-py2.py3-none-any.whl.metadata (32 kB)
#16 1980.4 Collecting packaging==26.0 (from hermes-agent==0.18.2)
#16 1980.4   Downloading packaging-26.0-py3-none-any.whl.metadata (3.3 kB)
#16 1980.5 Collecting Markdown==3.10.2 (from hermes-agent==0.18.2)
#16 1980.5   Downloading markdown-3.10.2-py3-none-any.whl.metadata (5.1 kB)
#16 1980.6 Collecting PyJWT==2.13.0 (from PyJWT[crypto]==2.13.0->hermes-agent==0.18.2)
#16 1980.6   Downloading pyjwt-2.13.0-py3-none-any.whl.metadata (3.4 kB)
#16 1980.7 Collecting urllib3<3,>=2.7.0 (from hermes-agent==0.18.2)
#16 1980.7   Downloading urllib3-2.7.0-py3-none-any.whl.metadata (6.9 kB)
#16 1981.4 Collecting cryptography==46.0.7 (from hermes-agent==0.18.2)
#16 1981.4   Downloading cryptography-46.0.7-cp311-abi3-manylinux_2_34_aarch64.whl.metadata (5.7 kB)
#16 1982.2 Collecting psutil==7.2.2 (from hermes-agent==0.18.2)
#16 1982.2   Downloading psutil-7.2.2-cp36-abi3-manylinux2014_aarch64.manylinux_2_17_aarch64.manylinux_2_28_aarch64.whl.metadata (22 kB)
#16 1982.6 Collecting websockets==15.0.1 (from hermes-agent==0.18.2)
#16 1982.6   Downloading websockets-15.0.1-cp312-cp312-manylinux_2_17_aarch64.manylinux2014_aarch64.whl.metadata (6.8 kB)
#16 1982.6 Collecting pathspec==1.1.1 (from hermes-agent==0.18.2)
#16 1982.7   Downloading pathspec-1.1.1-py3-none-any.whl.metadata (14 kB)
#16 1982.9 Collecting fastapi<1,>=0.104.0 (from hermes-agent==0.18.2)
#16 1982.9   Downloading fastapi-0.139.0-py3-none-any.whl.metadata (26 kB)
#16 1983.0 Collecting uvicorn<1,>=0.24.0 (from uvicorn[standard]<1,>=0.24.0->hermes-agent==0.18.2)
#16 1983.0   Downloading uvicorn-0.51.0-py3-none-any.whl.metadata (6.6 kB)
#16 1983.0 Collecting python-multipart<1,>=0.0.9 (from hermes-agent==0.18.2)
#16 1983.0   Downloading python_multipart-0.0.32-py3-none-any.whl.metadata (2.1 kB)
#16 1983.1 Collecting ptyprocess<1,>=0.7.0 (from hermes-agent==0.18.2)
#16 1983.1   Downloading ptyprocess-0.7.0-py2.py3-none-any.whl.metadata (1.3 kB)
#16 1983.9 Collecting Pillow==12.2.0 (from hermes-agent==0.18.2)
#16 1983.9   Downloading pillow-12.2.0-cp312-cp312-manylinux_2_27_aarch64.manylinux_2_28_aarch64.whl.metadata (8.8 kB)
#16 1983.9 Collecting python-dateutil (from croniter==6.0.0->hermes-agent==0.18.2)
#16 1983.9   Downloading python_dateutil-2.9.0.post0-py2.py3-none-any.whl.metadata (8.4 kB)
#16 1984.0 Collecting pytz>2021.1 (from croniter==6.0.0->hermes-agent==0.18.2)
#16 1984.1   Downloading pytz-2026.2-py2.py3-none-any.whl.metadata (22 kB)
#16 1984.3 Collecting cffi>=2.0.0 (from cryptography==46.0.7->hermes-agent==0.18.2)
#16 1984.3   Downloading cffi-2.1.0-cp312-cp312-manylinux2014_aarch64.manylinux_2_17_aarch64.whl.metadata (2.5 kB)
#16 1984.3 Collecting termcolor (from fire==0.7.1->hermes-agent==0.18.2)
#16 1984.3   Downloading termcolor-3.3.0-py3-none-any.whl.metadata (6.5 kB)
#16 1984.4 Collecting anyio (from httpx==0.28.1->httpx[socks]==0.28.1->hermes-agent==0.18.2)
#16 1984.4   Downloading anyio-4.14.1-py3-none-any.whl.metadata (4.6 kB)
#16 1984.4 Collecting httpcore==1.* (from httpx==0.28.1->httpx[socks]==0.28.1->hermes-agent==0.18.2)
#16 1984.4   Downloading httpcore-1.0.9-py3-none-any.whl.metadata (21 kB)
#16 1984.5 Collecting idna (from httpx==0.28.1->httpx[socks]==0.28.1->hermes-agent==0.18.2)
#16 1984.5   Downloading idna-3.18-py3-none-any.whl.metadata (6.1 kB)
#16 1984.5 Collecting socksio==1.* (from httpx[socks]==0.28.1->hermes-agent==0.18.2)
#16 1984.6   Downloading socksio-1.0.0-py3-none-any.whl.metadata (6.1 kB)
#16 1984.7 Collecting MarkupSafe>=2.0 (from jinja2==3.1.6->hermes-agent==0.18.2)
#16 1984.7   Downloading markupsafe-3.0.3-cp312-cp312-manylinux2014_aarch64.manylinux_2_17_aarch64.manylinux_2_28_aarch64.whl.metadata (2.7 kB)
#16 1984.7 Collecting distro<2,>=1.7.0 (from openai==2.24.0->hermes-agent==0.18.2)
#16 1984.7   Downloading distro-1.9.0-py3-none-any.whl.metadata (6.8 kB)
#16 1984.9 Collecting jiter<1,>=0.10.0 (from openai==2.24.0->hermes-agent==0.18.2)
#16 1984.9   Downloading jiter-0.16.0-cp312-cp312-manylinux_2_17_aarch64.manylinux2014_aarch64.whl.metadata (5.2 kB)
#16 1985.0 Collecting sniffio (from openai==2.24.0->hermes-agent==0.18.2)
#16 1985.0   Downloading sniffio-1.3.1-py3-none-any.whl.metadata (3.9 kB)
#16 1985.3 Collecting tqdm>4 (from openai==2.24.0->hermes-agent==0.18.2)
#16 1985.3   Downloading tqdm-4.68.4-py3-none-any.whl.metadata (57 kB)
#16 1985.4 Collecting typing-extensions<5,>=4.11 (from openai==2.24.0->hermes-agent==0.18.2)
#16 1985.4   Downloading typing_extensions-4.16.0-py3-none-any.whl.metadata (3.3 kB)
#16 1985.4 Collecting annotated-types>=0.6.0 (from pydantic==2.13.4->hermes-agent==0.18.2)
#16 1985.4   Downloading annotated_types-0.7.0-py3-none-any.whl.metadata (15 kB)
#16 1988.1 Collecting pydantic-core==2.46.4 (from pydantic==2.13.4->hermes-agent==0.18.2)
#16 1988.1   Downloading pydantic_core-2.46.4-cp312-cp312-manylinux_2_17_aarch64.manylinux2014_aarch64.whl.metadata (6.6 kB)
#16 1988.4 Collecting typing-inspection>=0.4.2 (from pydantic==2.13.4->hermes-agent==0.18.2)
#16 1988.4   Downloading typing_inspection-0.4.2-py3-none-any.whl.metadata (2.6 kB)
#16 1988.4 Collecting wcwidth (from prompt_toolkit==3.0.52->hermes-agent==0.18.2)
#16 1988.5   Downloading wcwidth-0.8.2-py3-none-any.whl.metadata (43 kB)
#16 1988.8 Collecting charset_normalizer<4,>=2 (from requests==2.33.0->hermes-agent==0.18.2)
#16 1988.8   Downloading charset_normalizer-3.4.9-cp312-cp312-manylinux2014_aarch64.manylinux_2_17_aarch64.manylinux_2_28_aarch64.whl.metadata (41 kB)
#16 1988.8 Collecting markdown-it-py>=2.2.0 (from rich==14.3.3->hermes-agent==0.18.2)
#16 1988.8   Downloading markdown_it_py-4.2.0-py3-none-any.whl.metadata (7.4 kB)
#16 1988.9 Collecting pygments<3.0.0,>=2.13.0 (from rich==14.3.3->hermes-agent==0.18.2)
#16 1988.9   Downloading pygments-2.20.0-py3-none-any.whl.metadata (2.5 kB)
#16 1989.0 Collecting ruamel.yaml.clib>=0.2.15 (from ruamel.yaml==0.18.17->hermes-agent==0.18.2)
#16 1989.0   Downloading ruamel_yaml_clib-0.2.15-cp312-cp312-manylinux2014_aarch64.manylinux_2_17_aarch64.manylinux_2_28_aarch64.whl.metadata (3.5 kB)
#16 1989.1 Collecting starlette>=0.46.0 (from fastapi<1,>=0.104.0->hermes-agent==0.18.2)
#16 1989.1   Downloading starlette-1.3.1-py3-none-any.whl.metadata (6.4 kB)
#16 1989.1 Collecting annotated-doc>=0.0.2 (from fastapi<1,>=0.104.0->hermes-agent==0.18.2)
#16 1989.1   Downloading annotated_doc-0.0.4-py3-none-any.whl.metadata (6.6 kB)
#16 1989.2 Collecting h11>=0.16 (from httpcore==1.*->httpx==0.28.1->httpx[socks]==0.28.1->hermes-agent==0.18.2)
#16 1989.2   Downloading h11-0.16.0-py3-none-any.whl.metadata (8.3 kB)
#16 1989.5 Collecting click>=7.0 (from uvicorn<1,>=0.24.0->uvicorn[standard]<1,>=0.24.0->hermes-agent==0.18.2)
#16 1989.5   Downloading click-8.4.2-py3-none-any.whl.metadata (2.6 kB)
#16 1990.0 Collecting httptools>=0.8.0 (from uvicorn[standard]<1,>=0.24.0->hermes-agent==0.18.2)
#16 1990.0   Downloading httptools-0.8.0-cp312-cp312-manylinux2014_aarch64.manylinux_2_17_aarch64.manylinux_2_28_aarch64.whl.metadata (3.5 kB)
#16 1990.1 Collecting uvloop>=0.15.1 (from uvicorn[standard]<1,>=0.24.0->hermes-agent==0.18.2)
#16 1990.1   Downloading uvloop-0.22.1-cp312-cp312-manylinux2014_aarch64.manylinux_2_17_aarch64.manylinux_2_28_aarch64.whl.metadata (4.9 kB)
#16 1990.3 Collecting watchfiles>=0.20 (from uvicorn[standard]<1,>=0.24.0->hermes-agent==0.18.2)
#16 1990.3   Downloading watchfiles-1.2.0-cp312-cp312-manylinux_2_17_aarch64.manylinux2014_aarch64.whl.metadata (4.9 kB)
#16 1990.4 Collecting pycparser (from cffi>=2.0.0->cryptography==46.0.7->hermes-agent==0.18.2)
#16 1990.4   Downloading pycparser-3.0-py3-none-any.whl.metadata (8.2 kB)
#16 1990.4 Collecting mdurl~=0.1 (from markdown-it-py>=2.2.0->rich==14.3.3->hermes-agent==0.18.2)
#16 1990.4   Downloading mdurl-0.1.2-py3-none-any.whl.metadata (1.6 kB)
#16 1990.4 Collecting agent-client-protocol==0.9.0 (from hermes-agent==0.18.2)
#16 1990.5   Downloading agent_client_protocol-0.9.0-py3-none-any.whl.metadata (5.7 kB)
#16 1990.5 Collecting simple-term-menu==1.6.6 (from hermes-agent==0.18.2)
#16 1990.5   Downloading simple_term_menu-1.6.6-py3-none-any.whl.metadata (29 kB)
#16 1990.7 Collecting google-api-python-client==2.194.0 (from hermes-agent==0.18.2)
#16 1990.9   Downloading google_api_python_client-2.194.0-py3-none-any.whl.metadata (7.0 kB)
#16 1990.9 Collecting google-auth-oauthlib==1.3.1 (from hermes-agent==0.18.2)
#16 1991.0   Downloading google_auth_oauthlib-1.3.1-py3-none-any.whl.metadata (2.6 kB)
#16 1991.0 Collecting google-auth-httplib2==0.3.1 (from hermes-agent==0.18.2)
#16 1991.0   Downloading google_auth_httplib2-0.3.1-py3-none-any.whl.metadata (3.0 kB)
#16 1991.0 Collecting httplib2<1.0.0,>=0.19.0 (from google-api-python-client==2.194.0->hermes-agent==0.18.2)
#16 1991.0   Downloading httplib2-0.32.0-py3-none-any.whl.metadata (2.2 kB)
#16 1991.1 Collecting google-auth!=2.24.0,!=2.25.0,<3.0.0,>=1.32.0 (from google-api-python-client==2.194.0->hermes-agent==0.18.2)
#16 1991.1   Downloading google_auth-2.55.2-py3-none-any.whl.metadata (5.2 kB)
#16 1991.2 Collecting google-api-core!=2.0.*,!=2.1.*,!=2.2.*,!=2.3.0,<3.0.0,>=1.31.5 (from google-api-python-client==2.194.0->hermes-agent==0.18.2)
#16 1991.2   Downloading google_api_core-2.31.0-py3-none-any.whl.metadata (3.2 kB)
#16 1991.2 Collecting uritemplate<5,>=3.0.1 (from google-api-python-client==2.194.0->hermes-agent==0.18.2)
#16 1991.2   Downloading uritemplate-4.2.0-py3-none-any.whl.metadata (2.6 kB)
#16 1991.3 Collecting requests-oauthlib>=0.7.0 (from google-auth-oauthlib==1.3.1->hermes-agent==0.18.2)
#16 1991.3   Downloading requests_oauthlib-2.0.0-py2.py3-none-any.whl.metadata (11 kB)
#16 1991.3 Collecting googleapis-common-protos<2.0.0,>=1.63.2 (from google-api-core!=2.0.*,!=2.1.*,!=2.2.*,!=2.3.0,<3.0.0,>=1.31.5->google-api-python-client==2.194.0->hermes-agent==0.18.2)
#16 1991.3   Downloading googleapis_common_protos-1.75.0-py3-none-any.whl.metadata (8.6 kB)
#16 1992.1 Collecting protobuf<8.0.0,>=5.29.6 (from google-api-core!=2.0.*,!=2.1.*,!=2.2.*,!=2.3.0,<3.0.0,>=1.31.5->google-api-python-client==2.194.0->hermes-agent==0.18.2)
#16 1992.1   Downloading protobuf-7.35.1-cp310-abi3-manylinux2014_aarch64.whl.metadata (595 bytes)
#16 1992.2 Collecting proto-plus<2.0.0,>=1.24.0 (from google-api-core!=2.0.*,!=2.1.*,!=2.2.*,!=2.3.0,<3.0.0,>=1.31.5->google-api-python-client==2.194.0->hermes-agent==0.18.2)
#16 1992.2   Downloading proto_plus-1.28.1-py3-none-any.whl.metadata (2.2 kB)
#16 1992.2 Collecting pyasn1-modules>=0.2.1 (from google-auth!=2.24.0,!=2.25.0,<3.0.0,>=1.32.0->google-api-python-client==2.194.0->hermes-agent==0.18.2)
#16 1992.2   Downloading pyasn1_modules-0.4.2-py3-none-any.whl.metadata (3.5 kB)
#16 1992.3 Collecting pyparsing<4,>=3.1 (from httplib2<1.0.0,>=0.19.0->google-api-python-client==2.194.0->hermes-agent==0.18.2)
#16 1992.3   Downloading pyparsing-3.3.2-py3-none-any.whl.metadata (5.8 kB)
#16 1992.4 Collecting pyasn1<0.7.0,>=0.6.1 (from pyasn1-modules>=0.2.1->google-auth!=2.24.0,!=2.25.0,<3.0.0,>=1.32.0->google-api-python-client==2.194.0->hermes-agent==0.18.2)
#16 1992.4   Downloading pyasn1-0.6.4-py3-none-any.whl.metadata (8.4 kB)
#16 1992.5 Collecting oauthlib>=3.0.0 (from requests-oauthlib>=0.7.0->google-auth-oauthlib==1.3.1->hermes-agent==0.18.2)
#16 1992.5   Downloading oauthlib-3.3.1-py3-none-any.whl.metadata (7.9 kB)
#16 1995.1 Collecting aiohttp==3.14.1 (from hermes-agent==0.18.2)
#16 1995.2   Downloading aiohttp-3.14.1-cp312-cp312-manylinux2014_aarch64.manylinux_2_17_aarch64.manylinux_2_28_aarch64.whl.metadata (8.3 kB)
#16 1995.2 Collecting aiohappyeyeballs>=2.5.0 (from aiohttp==3.14.1->hermes-agent==0.18.2)
#16 1995.2   Downloading aiohappyeyeballs-2.7.1-py3-none-any.whl.metadata (5.9 kB)
#16 1995.2 Collecting aiosignal>=1.4.0 (from aiohttp==3.14.1->hermes-agent==0.18.2)
#16 1995.2   Downloading aiosignal-1.4.0-py3-none-any.whl.metadata (3.7 kB)
#16 1995.3 Collecting attrs>=17.3.0 (from aiohttp==3.14.1->hermes-agent==0.18.2)
#16 1995.3   Downloading attrs-26.1.0-py3-none-any.whl.metadata (8.8 kB)
#16 1995.4 Collecting frozenlist>=1.1.1 (from aiohttp==3.14.1->hermes-agent==0.18.2)
#16 1995.4   Downloading frozenlist-1.8.0-cp312-cp312-manylinux2014_aarch64.manylinux_2_17_aarch64.manylinux_2_28_aarch64.whl.metadata (20 kB)
#16 1996.1 Collecting multidict<7.0,>=4.5 (from aiohttp==3.14.1->hermes-agent==0.18.2)
#16 1996.1   Downloading multidict-6.7.1-cp312-cp312-manylinux2014_aarch64.manylinux_2_17_aarch64.manylinux_2_28_aarch64.whl.metadata (5.3 kB)
#16 1996.2 Collecting propcache>=0.2.0 (from aiohttp==3.14.1->hermes-agent==0.18.2)
#16 1996.2   Downloading propcache-0.5.2-cp312-cp312-manylinux2014_aarch64.manylinux_2_17_aarch64.manylinux_2_28_aarch64.whl.metadata (16 kB)
#16 1997.0 Collecting yarl<2.0,>=1.17.0 (from aiohttp==3.14.1->hermes-agent==0.18.2)
#16 1997.0   Downloading yarl-1.24.2-cp312-cp312-manylinux2014_aarch64.manylinux_2_17_aarch64.manylinux_2_28_aarch64.whl.metadata (94 kB)
#16 1997.1 Collecting mcp==1.26.0 (from hermes-agent==0.18.2)
#16 1997.1   Downloading mcp-1.26.0-py3-none-any.whl.metadata (89 kB)
#16 1997.2 Collecting starlette>=0.46.0 (from fastapi<1,>=0.104.0->hermes-agent==0.18.2)
#16 1997.2   Downloading starlette-1.0.1-py3-none-any.whl.metadata (6.3 kB)
#16 1997.2 Collecting httpx-sse>=0.4 (from mcp==1.26.0->hermes-agent==0.18.2)
#16 1997.3   Downloading httpx_sse-0.4.3-py3-none-any.whl.metadata (9.7 kB)
#16 1997.3 Collecting jsonschema>=4.20.0 (from mcp==1.26.0->hermes-agent==0.18.2)
#16 1997.3   Downloading jsonschema-4.26.0-py3-none-any.whl.metadata (7.6 kB)
#16 1997.4 Collecting pydantic-settings>=2.5.2 (from mcp==1.26.0->hermes-agent==0.18.2)
#16 1997.4   Downloading pydantic_settings-2.14.2-py3-none-any.whl.metadata (3.4 kB)
#16 1997.4 Collecting sse-starlette>=1.6.1 (from mcp==1.26.0->hermes-agent==0.18.2)
#16 1997.4   Downloading sse_starlette-3.4.5-py3-none-any.whl.metadata (15 kB)
#16 1997.5 Collecting jsonschema-specifications>=2023.03.6 (from jsonschema>=4.20.0->mcp==1.26.0->hermes-agent==0.18.2)
#16 1997.5   Downloading jsonschema_specifications-2025.9.1-py3-none-any.whl.metadata (2.9 kB)
#16 1997.6 Collecting referencing>=0.28.4 (from jsonschema>=4.20.0->mcp==1.26.0->hermes-agent==0.18.2)
#16 1997.6   Downloading referencing-0.37.0-py3-none-any.whl.metadata (2.8 kB)
#16 1998.9 Collecting rpds-py>=0.25.0 (from jsonschema>=4.20.0->mcp==1.26.0->hermes-agent==0.18.2)
#16 1998.9   Downloading rpds_py-2026.6.3-cp312-cp312-manylinux_2_17_aarch64.manylinux2014_aarch64.whl.metadata (4.1 kB)
#16 1999.0 Collecting fastapi<1,>=0.104.0 (from hermes-agent==0.18.2)
#16 1999.0   Downloading fastapi-0.133.1-py3-none-any.whl.metadata (30 kB)
#16 1999.0 INFO: pip is looking at multiple versions of hermes-agent[web] to determine which version is compatible with other requirements. This could take a while.
#16 1999.0 Collecting uvicorn[standard]<1,>=0.24.0 (from hermes-agent==0.18.2)
#16 1999.1   Downloading uvicorn-0.50.2-py3-none-any.whl.metadata (6.7 kB)
#16 1999.1   Downloading uvicorn-0.50.1-py3-none-any.whl.metadata (6.7 kB)
#16 1999.1 Collecting uvicorn<1,>=0.24.0 (from uvicorn[standard]<1,>=0.24.0->hermes-agent==0.18.2)
#16 1999.1   Downloading uvicorn-0.41.0-py3-none-any.whl.metadata (6.7 kB)
#16 1999.2 Collecting python-multipart<1,>=0.0.9 (from hermes-agent==0.18.2)
#16 1999.2   Downloading python_multipart-0.0.27-py3-none-any.whl.metadata (2.1 kB)
#16 1999.3 Collecting youtube-transcript-api==1.2.4 (from hermes-agent==0.18.2)
#16 1999.3   Downloading youtube_transcript_api-1.2.4-py3-none-any.whl.metadata (24 kB)
#16 1999.4 Collecting defusedxml<0.8.0,>=0.7.1 (from youtube-transcript-api==1.2.4->hermes-agent==0.18.2)
#16 1999.4   Downloading defusedxml-0.7.1-py2.py3-none-any.whl.metadata (32 kB)
#16 1999.5 Collecting six>=1.5 (from python-dateutil->croniter==6.0.0->hermes-agent==0.18.2)
#16 1999.5   Downloading six-1.17.0-py2.py3-none-any.whl.metadata (1.7 kB)
#16 1999.5 Downloading certifi-2026.5.20-py3-none-any.whl (134 kB)
#16 1999.7 Downloading croniter-6.0.0-py2.py3-none-any.whl (25 kB)
#16 1999.7 Downloading cryptography-46.0.7-cp311-abi3-manylinux_2_34_aarch64.whl (4.3 MB)
#16 2006.6    ━━━━━━━━━━━━━━━━━━━━━━━━━━━━━━━━━━━━━━━━ 4.3/4.3 MB 619.6 kB/s  0:00:06
#16 2006.6 Downloading fire-0.7.1-py3-none-any.whl (115 kB)
#16 2006.8 Downloading httpx-0.28.1-py3-none-any.whl (73 kB)
#16 2006.9 Downloading jinja2-3.1.6-py3-none-any.whl (134 kB)
#16 2007.1 Downloading markdown-3.10.2-py3-none-any.whl (108 kB)
#16 2007.3 Downloading openai-2.24.0-py3-none-any.whl (1.1 MB)
#16 2008.7    ━━━━━━━━━━━━━━━━━━━━━━━━━━━━━━━━━━━━━━━━ 1.1/1.1 MB 743.3 kB/s  0:00:01
#16 2008.7 Downloading pydantic-2.13.4-py3-none-any.whl (472 kB)
#16 2009.4 Downloading packaging-26.0-py3-none-any.whl (74 kB)
#16 2009.5 Downloading pathspec-1.1.1-py3-none-any.whl (57 kB)
#16 2009.6 Downloading pillow-12.2.0-cp312-cp312-manylinux_2_27_aarch64.manylinux_2_28_aarch64.whl (6.4 MB)
#16 2023.0    ━━━━━━━━━━━━━━━━━━━━━━━━━━━━━━━━━━━━━━━━ 6.4/6.4 MB 466.5 kB/s  0:00:13
#16 2023.1 Downloading prompt_toolkit-3.0.52-py3-none-any.whl (391 kB)
#16 2023.4 Downloading psutil-7.2.2-cp36-abi3-manylinux2014_aarch64.manylinux_2_17_aarch64.manylinux_2_28_aarch64.whl (156 kB)
#16 2023.6 Downloading pydantic_core-2.46.4-cp312-cp312-manylinux_2_17_aarch64.manylinux2014_aarch64.whl (2.0 MB)
#16 2026.6    ━━━━━━━━━━━━━━━━━━━━━━━━━━━━━━━━━━━━━━━━ 2.0/2.0 MB 736.9 kB/s  0:00:02
#16 2026.6 Downloading pyjwt-2.13.0-py3-none-any.whl (31 kB)
#16 2026.6 Downloading python_dotenv-1.2.2-py3-none-any.whl (22 kB)
#16 2026.7 Downloading pyyaml-6.0.3-cp312-cp312-manylinux2014_aarch64.manylinux_2_17_aarch64.manylinux_2_28_aarch64.whl (775 kB)
#16 2027.6    ━━━━━━━━━━━━━━━━━━━━━━━━━━━━━━━━━━━━━━━━ 775.1/775.1 kB 755.7 kB/s  0:00:00
#16 2027.6 Downloading requests-2.33.0-py3-none-any.whl (65 kB)
#16 2027.7 Downloading rich-14.3.3-py3-none-any.whl (310 kB)
#16 2028.0 Downloading ruamel_yaml-0.18.17-py3-none-any.whl (121 kB)
#16 2028.2 Downloading tenacity-9.1.4-py3-none-any.whl (28 kB)
#16 2028.3 Downloading websockets-15.0.1-cp312-cp312-manylinux_2_17_aarch64.manylinux2014_aarch64.whl (183 kB)
#16 2028.5 Downloading anyio-4.14.1-py3-none-any.whl (124 kB)
#16 2028.6 Downloading charset_normalizer-3.4.9-cp312-cp312-manylinux2014_aarch64.manylinux_2_17_aarch64.manylinux_2_28_aarch64.whl (215 kB)
#16 2028.8 Downloading distro-1.9.0-py3-none-any.whl (20 kB)
#16 2028.9 Downloading httpcore-1.0.9-py3-none-any.whl (78 kB)
#16 2029.0 Downloading idna-3.18-py3-none-any.whl (65 kB)
#16 2029.1 Downloading jiter-0.16.0-cp312-cp312-manylinux_2_17_aarch64.manylinux2014_aarch64.whl (335 kB)
#16 2031.3 Downloading ptyprocess-0.7.0-py2.py3-none-any.whl (13 kB)
#16 2031.8 Downloading pygments-2.20.0-py3-none-any.whl (1.2 MB)
#16 2033.2    ━━━━━━━━━━━━━━━━━━━━━━━━━━━━━━━━━━━━━━━━ 1.2/1.2 MB 1.7 MB/s  0:00:01
#16 2033.2 Downloading socksio-1.0.0-py3-none-any.whl (12 kB)
#16 2033.2 Downloading typing_extensions-4.16.0-py3-none-any.whl (45 kB)
#16 2033.3 Downloading urllib3-2.7.0-py3-none-any.whl (131 kB)
#16 2033.4 Downloading uvicorn-0.41.0-py3-none-any.whl (68 kB)
#16 2033.5 Downloading fastapi-0.133.1-py3-none-any.whl (109 kB)
#16 2033.7 Downloading python_multipart-0.0.27-py3-none-any.whl (29 kB)
#16 2033.8 Downloading starlette-1.0.1-py3-none-any.whl (72 kB)
#16 2033.8 Downloading annotated_doc-0.0.4-py3-none-any.whl (5.3 kB)
#16 2033.9 Downloading annotated_types-0.7.0-py3-none-any.whl (13 kB)
#16 2033.9 Downloading cffi-2.1.0-cp312-cp312-manylinux2014_aarch64.manylinux_2_17_aarch64.whl (222 kB)
#16 2034.1 Downloading click-8.4.2-py3-none-any.whl (119 kB)
#16 2034.2 Downloading h11-0.16.0-py3-none-any.whl (37 kB)
#16 2034.3 Downloading httptools-0.8.0-cp312-cp312-manylinux2014_aarch64.manylinux_2_17_aarch64.manylinux_2_28_aarch64.whl (518 kB)
#16 2034.6 Downloading markdown_it_py-4.2.0-py3-none-any.whl (91 kB)
#16 2034.7 Downloading mdurl-0.1.2-py3-none-any.whl (10.0 kB)
#16 2034.8 Downloading markupsafe-3.0.3-cp312-cp312-manylinux2014_aarch64.manylinux_2_17_aarch64.manylinux_2_28_aarch64.whl (24 kB)
#16 2034.8 Downloading pytz-2026.2-py2.py3-none-any.whl (510 kB)
#16 2035.3 Downloading ruamel_yaml_clib-0.2.15-cp312-cp312-manylinux2014_aarch64.manylinux_2_17_aarch64.manylinux_2_28_aarch64.whl (753 kB)
#16 2036.0    ━━━━━━━━━━━━━━━━━━━━━━━━━━━━━━━━━━━━━━━━ 753.3/753.3 kB 1.1 MB/s  0:00:00
#16 2036.1 Downloading tqdm-4.68.4-py3-none-any.whl (676 kB)
#16 2036.5    ━━━━━━━━━━━━━━━━━━━━━━━━━━━━━━━━━━━━━━━━ 676.6/676.6 kB 1.6 MB/s  0:00:00
#16 2036.6 Downloading typing_inspection-0.4.2-py3-none-any.whl (14 kB)
#16 2036.6 Downloading uvloop-0.22.1-cp312-cp312-manylinux2014_aarch64.manylinux_2_17_aarch64.manylinux_2_28_aarch64.whl (4.3 MB)
#16 2049.4    ━━━━━━━━━━━━━━━━━━━━━━━━━━━━━━━━━━━━━━━━ 4.3/4.3 MB 323.8 kB/s  0:00:12
#16 2049.5 Downloading watchfiles-1.2.0-cp312-cp312-manylinux_2_17_aarch64.manylinux2014_aarch64.whl (453 kB)
#16 2050.3 Downloading agent_client_protocol-0.9.0-py3-none-any.whl (56 kB)
#16 2050.3 Downloading simple_term_menu-1.6.6-py3-none-any.whl (27 kB)
#16 2050.4 Downloading google_api_python_client-2.194.0-py3-none-any.whl (15.0 MB)
#16 2063.9    ━━━━━━━━━━━━━━━━━━━━━━━━━━━━━━━━━━━━━━━━ 15.0/15.0 MB 1.1 MB/s  0:00:13
#16 2063.9 Downloading google_auth_httplib2-0.3.1-py3-none-any.whl (9.5 kB)
#16 2063.9 Downloading google_auth_oauthlib-1.3.1-py3-none-any.whl (19 kB)
#16 2063.9 Downloading google_api_core-2.31.0-py3-none-any.whl (173 kB)
#16 2064.1 Downloading google_auth-2.55.2-py3-none-any.whl (256 kB)
#16 2064.4 Downloading googleapis_common_protos-1.75.0-py3-none-any.whl (300 kB)
#16 2064.6 Downloading httplib2-0.32.0-py3-none-any.whl (93 kB)
#16 2064.7 Downloading proto_plus-1.28.1-py3-none-any.whl (50 kB)
#16 2064.8 Downloading protobuf-7.35.1-cp310-abi3-manylinux2014_aarch64.whl (328 kB)
#16 2066.0 Downloading pyparsing-3.3.2-py3-none-any.whl (122 kB)
#16 2066.1 Downloading uritemplate-4.2.0-py3-none-any.whl (11 kB)
#16 2066.1 Downloading pyasn1_modules-0.4.2-py3-none-any.whl (181 kB)
#16 2066.2 Downloading pyasn1-0.6.4-py3-none-any.whl (84 kB)
#16 2066.3 Downloading requests_oauthlib-2.0.0-py2.py3-none-any.whl (24 kB)
#16 2066.3 Downloading oauthlib-3.3.1-py3-none-any.whl (160 kB)
#16 2066.4 Downloading aiohttp-3.14.1-cp312-cp312-manylinux2014_aarch64.manylinux_2_17_aarch64.manylinux_2_28_aarch64.whl (1.8 MB)
#16 2067.9    ━━━━━━━━━━━━━━━━━━━━━━━━━━━━━━━━━━━━━━━━ 1.8/1.8 MB 1.0 MB/s  0:00:01
#16 2067.9 Downloading multidict-6.7.1-cp312-cp312-manylinux2014_aarch64.manylinux_2_17_aarch64.manylinux_2_28_aarch64.whl (258 kB)
#16 2068.1 Downloading yarl-1.24.2-cp312-cp312-manylinux2014_aarch64.manylinux_2_17_aarch64.manylinux_2_28_aarch64.whl (102 kB)
#16 2068.3 Downloading aiohappyeyeballs-2.7.1-py3-none-any.whl (15 kB)
#16 2068.3 Downloading aiosignal-1.4.0-py3-none-any.whl (7.5 kB)
#16 2068.4 Downloading attrs-26.1.0-py3-none-any.whl (67 kB)
#16 2068.5 Downloading frozenlist-1.8.0-cp312-cp312-manylinux2014_aarch64.manylinux_2_17_aarch64.manylinux_2_28_aarch64.whl (243 kB)
#16 2068.8 Downloading propcache-0.5.2-cp312-cp312-manylinux2014_aarch64.manylinux_2_17_aarch64.manylinux_2_28_aarch64.whl (59 kB)
#16 2068.8 Downloading mcp-1.26.0-py3-none-any.whl (233 kB)
#16 2069.0 Downloading httpx_sse-0.4.3-py3-none-any.whl (9.0 kB)
#16 2069.0 Downloading jsonschema-4.26.0-py3-none-any.whl (90 kB)
#16 2069.1 Downloading jsonschema_specifications-2025.9.1-py3-none-any.whl (18 kB)
#16 2069.1 Downloading pydantic_settings-2.14.2-py3-none-any.whl (61 kB)
#16 2069.1 Downloading referencing-0.37.0-py3-none-any.whl (26 kB)
#16 2069.2 Downloading rpds_py-2026.6.3-cp312-cp312-manylinux_2_17_aarch64.manylinux2014_aarch64.whl (368 kB)
#16 2069.3 Downloading sse_starlette-3.4.5-py3-none-any.whl (16 kB)
#16 2069.3 Downloading youtube_transcript_api-1.2.4-py3-none-any.whl (485 kB)
#16 2069.8 Downloading defusedxml-0.7.1-py2.py3-none-any.whl (25 kB)
#16 2069.9 Downloading pycparser-3.0-py3-none-any.whl (48 kB)
#16 2069.9 Downloading python_dateutil-2.9.0.post0-py2.py3-none-any.whl (229 kB)
#16 2070.0 Downloading six-1.17.0-py2.py3-none-any.whl (11 kB)
#16 2070.1 Downloading sniffio-1.3.1-py3-none-any.whl (10 kB)
#16 2070.1 Downloading termcolor-3.3.0-py3-none-any.whl (7.7 kB)
#16 2070.1 Downloading wcwidth-0.8.2-py3-none-any.whl (323 kB)
#16 2070.3 Building wheels for collected packages: hermes-agent
#16 2070.3   Building editable for hermes-agent (pyproject.toml): started
#16 2070.6   Building editable for hermes-agent (pyproject.toml): finished with status 'done'
#16 2070.6   Created wheel for hermes-agent: filename=hermes_agent-0.18.2-0.editable-py3-none-any.whl size=12347 sha256=ab87565077a0e821eb1cfd1e600cca2d391922c82cda86a3f0c6f2a4c3216f27
#16 2070.6   Stored in directory: /tmp/pip-ephem-wheel-cache-_5eg1w67/wheels/2f/49/29/28f3fdd29023e42c7dc2bef9d38d4d7621c78f3cb03410ae67
#16 2070.6 Successfully built hermes-agent
#16 2070.7 Installing collected packages: pytz, ptyprocess, websockets, wcwidth, uvloop, urllib3, uritemplate, typing-extensions, tqdm, termcolor, tenacity, socksio, sniffio, six, simple-term-menu, ruamel.yaml.clib, rpds-py, pyyaml, python-multipart, python-dotenv, pyparsing, PyJWT, pygments, pycparser, pyasn1, psutil, protobuf, propcache, Pillow, pathspec, packaging, oauthlib, multidict, mdurl, MarkupSafe, Markdown, jiter, idna, httpx-sse, httptools, h11, frozenlist, distro, defusedxml, click, charset_normalizer, certifi, attrs, annotated-types, annotated-doc, aiohappyeyeballs, yarl, uvicorn, typing-inspection, ruamel.yaml, requests, referencing, python-dateutil, pydantic-core, pyasn1-modules, proto-plus, prompt_toolkit, markdown-it-py, jinja2, httplib2, httpcore, googleapis-common-protos, fire, cffi, anyio, aiosignal, youtube-transcript-api, watchfiles, starlette, rich, requests-oauthlib, pydantic, jsonschema-specifications, httpx, cryptography, croniter, aiohttp, sse-starlette, pydantic-settings, openai, jsonschema, google-auth, fastapi, agent-client-protocol, mcp, hermes-agent, google-auth-oauthlib, google-auth-httplib2, google-api-core, google-api-python-client
#16 2076.5 
#16 2076.5 Successfully installed Markdown-3.10.2 MarkupSafe-3.0.3 Pillow-12.2.0 PyJWT-2.13.0 agent-client-protocol-0.9.0 aiohappyeyeballs-2.7.1 aiohttp-3.14.1 aiosignal-1.4.0 annotated-doc-0.0.4 annotated-types-0.7.0 anyio-4.14.1 attrs-26.1.0 certifi-2026.5.20 cffi-2.1.0 charset_normalizer-3.4.9 click-8.4.2 croniter-6.0.0 cryptography-46.0.7 defusedxml-0.7.1 distro-1.9.0 fastapi-0.133.1 fire-0.7.1 frozenlist-1.8.0 google-api-core-2.31.0 google-api-python-client-2.194.0 google-auth-2.55.2 google-auth-httplib2-0.3.1 google-auth-oauthlib-1.3.1 googleapis-common-protos-1.75.0 h11-0.16.0 hermes-agent-0.18.2 httpcore-1.0.9 httplib2-0.32.0 httptools-0.8.0 httpx-0.28.1 httpx-sse-0.4.3 idna-3.18 jinja2-3.1.6 jiter-0.16.0 jsonschema-4.26.0 jsonschema-specifications-2025.9.1 markdown-it-py-4.2.0 mcp-1.26.0 mdurl-0.1.2 multidict-6.7.1 oauthlib-3.3.1 openai-2.24.0 packaging-26.0 pathspec-1.1.1 prompt_toolkit-3.0.52 propcache-0.5.2 proto-plus-1.28.1 protobuf-7.35.1 psutil-7.2.2 ptyprocess-0.7.0 pyasn1-0.6.4 pyasn1-modules-0.4.2 pycparser-3.0 pydantic-2.13.4 pydantic-core-2.46.4 pydantic-settings-2.14.2 pygments-2.20.0 pyparsing-3.3.2 python-dateutil-2.9.0.post0 python-dotenv-1.2.2 python-multipart-0.0.27 pytz-2026.2 pyyaml-6.0.3 referencing-0.37.0 requests-2.33.0 requests-oauthlib-2.0.0 rich-14.3.3 rpds-py-2026.6.3 ruamel.yaml-0.18.17 ruamel.yaml.clib-0.2.15 simple-term-menu-1.6.6 six-1.17.0 sniffio-1.3.1 socksio-1.0.0 sse-starlette-3.4.5 starlette-1.0.1 tenacity-9.1.4 termcolor-3.3.0 tqdm-4.68.4 typing-extensions-4.16.0 typing-inspection-0.4.2 uritemplate-4.2.0 urllib3-2.7.0 uvicorn-0.41.0 uvloop-0.22.1 watchfiles-1.2.0 wcwidth-0.8.2 websockets-15.0.1 yarl-1.24.2 youtube-transcript-api-1.2.4
#16 DONE 2077.5s

#21 [runtime  6/29] COPY pyproject.toml ./
#21 DONE 0.1s

#22 [runtime  7/29] COPY src ./src
#22 DONE 0.2s

#23 [runtime  8/29] COPY scripts ./scripts
#23 DONE 0.0s

#24 [runtime  9/29] COPY config ./config
#24 DONE 0.0s

#25 [runtime 10/29] COPY generated ./generated
#25 DONE 0.2s

#26 [runtime 11/29] COPY docs ./docs
#26 DONE 0.0s

#27 [runtime 12/29] RUN mkdir -p     /app/delivery/n1d     /app/delivery/packets/r2-2-flagship     /app/delivery/packets/scp2-3-evidence/witness-plan
#27 DONE 0.2s

#28 [runtime 13/29] COPY delivery/n1d/n1e-origin-bundle.json ./delivery/n1d/n1e-origin-bundle.json
#28 DONE 0.0s

#29 [runtime 14/29] COPY delivery/n1d/n1f-origin-bundle.json ./delivery/n1d/n1f-origin-bundle.json
#29 DONE 0.1s

#30 [runtime 15/29] COPY delivery/n1d/n1d1-attestation.json ./delivery/n1d/n1d1-attestation.json
#30 DONE 0.0s

#31 [runtime 16/29] COPY delivery/n1d/n1d-canonical-freeze-manifest.json ./delivery/n1d/n1d-canonical-freeze-manifest.json
#31 DONE 0.0s

#32 [runtime 17/29] COPY delivery/packets/r2-2-flagship/fragile_retention_rate_v0.json ./delivery/packets/r2-2-flagship/fragile_retention_rate_v0.json
#32 DONE 0.0s

#33 [runtime 18/29] COPY delivery/packets/r2-2-flagship/fragile_retention_rate_table.json ./delivery/packets/r2-2-flagship/fragile_retention_rate_table.json
#33 DONE 0.0s

#34 [runtime 19/29] COPY delivery/packets/scp2-3-evidence/witness-plan/counterattack_initiation_v0.json ./delivery/packets/scp2-3-evidence/witness-plan/counterattack_initiation_v0.json
#34 DONE 0.0s

#35 [runtime 20/29] COPY delivery/packets/scp2-3-evidence/witness-plan/counterattack_initiation_table.json ./delivery/packets/scp2-3-evidence/witness-plan/counterattack_initiation_table.json
#35 DONE 0.0s

#36 [runtime 21/29] COPY --from=frontend /app/apps/workbench-alpha/dist ./apps/workbench-alpha/dist
#36 DONE 0.0s

#37 [runtime 22/29] RUN mkdir -p ./apps/workbench-alpha/src/generated
#37 DONE 0.1s

#38 [runtime 23/29] COPY --from=frontend /app/apps/workbench-alpha/src/generated/moment-zero.json ./apps/workbench-alpha/src/generated/moment-zero.json
#38 DONE 0.0s

#39 [runtime 24/29] COPY --from=frontend /app/apps/workbench-alpha/src/generated/moment-line-break-supported.json ./apps/workbench-alpha/src/generated/moment-line-break-supported.json
#39 DONE 0.0s

#40 [runtime 25/29] COPY --from=frontend /app/apps/workbench-alpha/src/generated/moment-high-bypass.json ./apps/workbench-alpha/src/generated/moment-high-bypass.json
#40 DONE 0.0s

#41 [runtime 26/29] COPY --from=frontend /app/apps/workbench-alpha/src/generated/moment-zero-catalog.json ./apps/workbench-alpha/src/generated/moment-zero-catalog.json
#41 DONE 0.1s

#42 [runtime 27/29] COPY --from=frontend /app/apps/workbench-alpha/src/generated/moment-line-break-supported-catalog.json ./apps/workbench-alpha/src/generated/moment-line-break-supported-catalog.json
#42 DONE 0.1s

#43 [runtime 28/29] COPY --from=frontend /app/apps/workbench-alpha/src/generated/moment-high-bypass-catalog.json ./apps/workbench-alpha/src/generated/moment-high-bypass-catalog.json
#43 DONE 0.1s

#44 [runtime 29/29] RUN python -m pip install --upgrade pip     && python -m pip install -e .     && chmod +x /app/scripts/render-start.sh /app/scripts/provision-demo-data.py /app/scripts/bootstrap-hermes.sh
#44 0.254 Requirement already satisfied: pip in /usr/local/lib/python3.12/site-packages (26.1.2)
#44 0.328 WARNING: Running pip as the 'root' user can result in broken permissions and conflicting behaviour with the system package manager, possibly rendering your system unusable. It is recommended to use a virtual environment instead: https://pip.pypa.io/warnings/venv. Use the --root-user-action option if you know what you are doing and want to suppress this warning.
#44 0.490 Obtaining file:///app
#44 0.491   Installing build dependencies: started
#44 1.065   Installing build dependencies: finished with status 'done'
#44 1.066   Checking if build backend supports build_editable: started
#44 1.231   Checking if build backend supports build_editable: finished with status 'done'
#44 1.232   Getting requirements to build editable: started
#44 1.410   Getting requirements to build editable: finished with status 'done'
#44 1.411   Preparing editable metadata (pyproject.toml): started
#44 1.492   Preparing editable metadata (pyproject.toml): finished with status 'done'
#44 1.631 Collecting floodlight==1.2.0 (from entrelineas-tactical-evidence==0.1.0)
#44 1.673   Downloading floodlight-1.2.0-py3-none-any.whl.metadata (9.9 kB)
#44 1.909 Collecting lxml<6,>=5.3 (from entrelineas-tactical-evidence==0.1.0)
#44 1.919   Downloading lxml-5.4.0-cp312-cp312-manylinux_2_28_aarch64.whl.metadata (3.5 kB)
#44 1.938 Collecting mcp<2,>=1.24 (from entrelineas-tactical-evidence==0.1.0)
#44 1.949   Downloading mcp-1.28.1-py3-none-any.whl.metadata (9.4 kB)
#44 2.072 Collecting pandas<3,>=2.3 (from entrelineas-tactical-evidence==0.1.0)
#44 2.080   Downloading pandas-2.3.3-cp312-cp312-manylinux_2_24_aarch64.manylinux_2_28_aarch64.whl.metadata (91 kB)
#44 2.193 Collecting pillow<13,>=12 (from entrelineas-tactical-evidence==0.1.0)
#44 2.201   Downloading pillow-12.3.0-cp312-cp312-manylinux_2_27_aarch64.manylinux_2_28_aarch64.whl.metadata (9.1 kB)
#44 2.269 Collecting pyarrow==24.0.0 (from entrelineas-tactical-evidence==0.1.0)
#44 2.276   Downloading pyarrow-24.0.0-cp312-cp312-manylinux_2_28_aarch64.whl.metadata (3.0 kB)
#44 2.329 Collecting pydantic==2.12.5 (from entrelineas-tactical-evidence==0.1.0)
#44 2.337   Downloading pydantic-2.12.5-py3-none-any.whl.metadata (90 kB)
#44 2.370 Collecting PyYAML<7,>=6.0 (from entrelineas-tactical-evidence==0.1.0)
#44 2.371   Using cached pyyaml-6.0.3-cp312-cp312-manylinux2014_aarch64.manylinux_2_17_aarch64.manylinux_2_28_aarch64.whl.metadata (2.4 kB)
#44 2.416 Collecting h5py<4.0.0,>=3.11.0 (from floodlight==1.2.0->entrelineas-tactical-evidence==0.1.0)
#44 2.423   Downloading h5py-3.16.0-cp312-cp312-manylinux_2_28_aarch64.whl.metadata (3.0 kB)
#44 2.460 Collecting iso8601<3.0.0,>=2.1.0 (from floodlight==1.2.0->entrelineas-tactical-evidence==0.1.0)
#44 2.468   Downloading iso8601-2.1.0-py3-none-any.whl.metadata (3.7 kB)
#44 2.742 Collecting matplotlib<4.0.0,>=3.9.2 (from floodlight==1.2.0->entrelineas-tactical-evidence==0.1.0)
#44 2.749   Downloading matplotlib-3.11.0-cp312-cp312-manylinux_2_26_aarch64.manylinux_2_28_aarch64.whl.metadata (80 kB)
#44 3.192 Collecting numpy<3.0.0,>=2.1.1 (from floodlight==1.2.0->entrelineas-tactical-evidence==0.1.0)
#44 3.199   Downloading numpy-2.5.1-cp312-cp312-manylinux_2_27_aarch64.manylinux_2_28_aarch64.whl.metadata (6.6 kB)
#44 3.231 Collecting pytz<2026.0,>=2025.1 (from floodlight==1.2.0->entrelineas-tactical-evidence==0.1.0)
#44 3.238   Downloading pytz-2025.2-py2.py3-none-any.whl.metadata (22 kB)
#44 3.872 Collecting scipy<2.0.0,>=1.14.1 (from floodlight==1.2.0->entrelineas-tactical-evidence==0.1.0)
#44 3.883   Downloading scipy-1.18.0-cp312-cp312-manylinux_2_27_aarch64.manylinux_2_28_aarch64.whl.metadata (62 kB)
#44 3.995 Collecting annotated-types>=0.6.0 (from pydantic==2.12.5->entrelineas-tactical-evidence==0.1.0)
#44 3.997   Using cached annotated_types-0.7.0-py3-none-any.whl.metadata (15 kB)
#44 4.307 Collecting pydantic-core==2.41.5 (from pydantic==2.12.5->entrelineas-tactical-evidence==0.1.0)
#44 4.318   Downloading pydantic_core-2.41.5-cp312-cp312-manylinux_2_17_aarch64.manylinux2014_aarch64.whl.metadata (7.3 kB)
#44 4.385 Collecting typing-extensions>=4.14.1 (from pydantic==2.12.5->entrelineas-tactical-evidence==0.1.0)
#44 4.386   Using cached typing_extensions-4.16.0-py3-none-any.whl.metadata (3.3 kB)
#44 4.402 Collecting typing-inspection>=0.4.2 (from pydantic==2.12.5->entrelineas-tactical-evidence==0.1.0)
#44 4.402   Using cached typing_inspection-0.4.2-py3-none-any.whl.metadata (2.6 kB)
#44 4.601 Collecting contourpy>=1.0.1 (from matplotlib<4.0.0,>=3.9.2->floodlight==1.2.0->entrelineas-tactical-evidence==0.1.0)
#44 4.609   Downloading contourpy-1.3.3-cp312-cp312-manylinux_2_26_aarch64.manylinux_2_28_aarch64.whl.metadata (5.5 kB)
#44 4.650 Collecting cycler>=0.10 (from matplotlib<4.0.0,>=3.9.2->floodlight==1.2.0->entrelineas-tactical-evidence==0.1.0)
#44 4.675   Downloading cycler-0.12.1-py3-none-any.whl.metadata (3.8 kB)
#44 5.265 Collecting fonttools>=4.22.0 (from matplotlib<4.0.0,>=3.9.2->floodlight==1.2.0->entrelineas-tactical-evidence==0.1.0)
#44 5.273   Downloading fonttools-4.63.0-cp312-cp312-manylinux2014_aarch64.manylinux_2_17_aarch64.manylinux_2_28_aarch64.whl.metadata (118 kB)
#44 8.111 Collecting kiwisolver>=1.3.1 (from matplotlib<4.0.0,>=3.9.2->floodlight==1.2.0->entrelineas-tactical-evidence==0.1.0)
#44 8.414   Downloading kiwisolver-1.5.0-cp312-cp312-manylinux_2_24_aarch64.manylinux_2_28_aarch64.whl.metadata (5.1 kB)
#44 8.484 Collecting packaging>=20.0 (from matplotlib<4.0.0,>=3.9.2->floodlight==1.2.0->entrelineas-tactical-evidence==0.1.0)
#44 8.543   Downloading packaging-26.2-py3-none-any.whl.metadata (3.5 kB)
#44 8.658 Collecting pyparsing>=3 (from matplotlib<4.0.0,>=3.9.2->floodlight==1.2.0->entrelineas-tactical-evidence==0.1.0)
#44 8.660   Using cached pyparsing-3.3.2-py3-none-any.whl.metadata (5.8 kB)
#44 8.803 Collecting python-dateutil>=2.7 (from matplotlib<4.0.0,>=3.9.2->floodlight==1.2.0->entrelineas-tactical-evidence==0.1.0)
#44 8.805   Using cached python_dateutil-2.9.0.post0-py2.py3-none-any.whl.metadata (8.4 kB)
#44 9.060 Collecting anyio>=4.5 (from mcp<2,>=1.24->entrelineas-tactical-evidence==0.1.0)
#44 9.062   Using cached anyio-4.14.1-py3-none-any.whl.metadata (4.6 kB)
#44 10.85 Collecting httpx-sse>=0.4 (from mcp<2,>=1.24->entrelineas-tactical-evidence==0.1.0)
#44 10.86   Using cached httpx_sse-0.4.3-py3-none-any.whl.metadata (9.7 kB)
#44 11.75 Collecting httpx<1.0.0,>=0.27.1 (from mcp<2,>=1.24->entrelineas-tactical-evidence==0.1.0)
#44 11.75   Using cached httpx-0.28.1-py3-none-any.whl.metadata (7.1 kB)
#44 12.53 Collecting jsonschema>=4.20.0 (from mcp<2,>=1.24->entrelineas-tactical-evidence==0.1.0)
#44 12.53   Using cached jsonschema-4.26.0-py3-none-any.whl.metadata (7.6 kB)
#44 14.93 Collecting pydantic-settings>=2.5.2 (from mcp<2,>=1.24->entrelineas-tactical-evidence==0.1.0)
#44 14.93   Using cached pydantic_settings-2.14.2-py3-none-any.whl.metadata (3.4 kB)
#44 15.47 Collecting pyjwt>=2.10.1 (from pyjwt[crypto]>=2.10.1->mcp<2,>=1.24->entrelineas-tactical-evidence==0.1.0)
#44 15.47   Using cached pyjwt-2.13.0-py3-none-any.whl.metadata (3.4 kB)
#44 16.40 Collecting python-multipart>=0.0.9 (from mcp<2,>=1.24->entrelineas-tactical-evidence==0.1.0)
#44 16.41   Using cached python_multipart-0.0.32-py3-none-any.whl.metadata (2.1 kB)
#44 16.98 Collecting sse-starlette>=1.6.1 (from mcp<2,>=1.24->entrelineas-tactical-evidence==0.1.0)
#44 16.98   Using cached sse_starlette-3.4.5-py3-none-any.whl.metadata (15 kB)
#44 18.00 Collecting starlette>=0.27 (from mcp<2,>=1.24->entrelineas-tactical-evidence==0.1.0)
#44 18.00   Using cached starlette-1.3.1-py3-none-any.whl.metadata (6.4 kB)
#44 18.75 Collecting uvicorn>=0.31.1 (from mcp<2,>=1.24->entrelineas-tactical-evidence==0.1.0)
#44 18.75   Using cached uvicorn-0.51.0-py3-none-any.whl.metadata (6.6 kB)
#44 19.41 Collecting certifi (from httpx<1.0.0,>=0.27.1->mcp<2,>=1.24->entrelineas-tactical-evidence==0.1.0)
#44 20.28   Downloading certifi-2026.6.17-py3-none-any.whl.metadata (2.5 kB)
#44 21.53 Collecting httpcore==1.* (from httpx<1.0.0,>=0.27.1->mcp<2,>=1.24->entrelineas-tactical-evidence==0.1.0)
#44 21.53   Using cached httpcore-1.0.9-py3-none-any.whl.metadata (21 kB)
#44 22.15 Collecting idna (from httpx<1.0.0,>=0.27.1->mcp<2,>=1.24->entrelineas-tactical-evidence==0.1.0)
#44 22.15   Using cached idna-3.18-py3-none-any.whl.metadata (6.1 kB)
#44 23.07 Collecting h11>=0.16 (from httpcore==1.*->httpx<1.0.0,>=0.27.1->mcp<2,>=1.24->entrelineas-tactical-evidence==0.1.0)
#44 23.08   Using cached h11-0.16.0-py3-none-any.whl.metadata (8.3 kB)
#44 24.59 Collecting tzdata>=2022.7 (from pandas<3,>=2.3->entrelineas-tactical-evidence==0.1.0)
#44 24.89   Downloading tzdata-2026.3-py2.py3-none-any.whl.metadata (1.4 kB)
#44 25.38 Collecting attrs>=22.2.0 (from jsonschema>=4.20.0->mcp<2,>=1.24->entrelineas-tactical-evidence==0.1.0)
#44 25.38   Using cached attrs-26.1.0-py3-none-any.whl.metadata (8.8 kB)
#44 25.50 Collecting jsonschema-specifications>=2023.03.6 (from jsonschema>=4.20.0->mcp<2,>=1.24->entrelineas-tactical-evidence==0.1.0)
#44 25.50   Using cached jsonschema_specifications-2025.9.1-py3-none-any.whl.metadata (2.9 kB)
#44 25.53 Collecting referencing>=0.28.4 (from jsonschema>=4.20.0->mcp<2,>=1.24->entrelineas-tactical-evidence==0.1.0)
#44 25.53   Using cached referencing-0.37.0-py3-none-any.whl.metadata (2.8 kB)
#44 25.71 Collecting rpds-py>=0.25.0 (from jsonschema>=4.20.0->mcp<2,>=1.24->entrelineas-tactical-evidence==0.1.0)
#44 25.71   Using cached rpds_py-2026.6.3-cp312-cp312-manylinux_2_17_aarch64.manylinux2014_aarch64.whl.metadata (4.1 kB)
#44 25.74 Collecting python-dotenv>=0.21.0 (from pydantic-settings>=2.5.2->mcp<2,>=1.24->entrelineas-tactical-evidence==0.1.0)
#44 25.74   Using cached python_dotenv-1.2.2-py3-none-any.whl.metadata (27 kB)
#44 25.85 Collecting cryptography>=3.4.0 (from pyjwt[crypto]>=2.10.1->mcp<2,>=1.24->entrelineas-tactical-evidence==0.1.0)
#44 25.86   Downloading cryptography-49.0.0-cp311-abi3-manylinux_2_34_aarch64.whl.metadata (4.3 kB)
#44 26.17 Collecting cffi>=2.0.0 (from cryptography>=3.4.0->pyjwt[crypto]>=2.10.1->mcp<2,>=1.24->entrelineas-tactical-evidence==0.1.0)
#44 26.17   Using cached cffi-2.1.0-cp312-cp312-manylinux2014_aarch64.manylinux_2_17_aarch64.whl.metadata (2.5 kB)
#44 26.65 Collecting pycparser (from cffi>=2.0.0->cryptography>=3.4.0->pyjwt[crypto]>=2.10.1->mcp<2,>=1.24->entrelineas-tactical-evidence==0.1.0)
#44 26.65   Using cached pycparser-3.0-py3-none-any.whl.metadata (8.2 kB)
#44 26.67 Collecting six>=1.5 (from python-dateutil>=2.7->matplotlib<4.0.0,>=3.9.2->floodlight==1.2.0->entrelineas-tactical-evidence==0.1.0)
#44 26.67   Using cached six-1.17.0-py2.py3-none-any.whl.metadata (1.7 kB)
#44 27.07 Collecting click>=7.0 (from uvicorn>=0.31.1->mcp<2,>=1.24->entrelineas-tactical-evidence==0.1.0)
#44 27.07   Using cached click-8.4.2-py3-none-any.whl.metadata (2.6 kB)
#44 27.08 Downloading floodlight-1.2.0-py3-none-any.whl (142 kB)
#44 32.06 Downloading pyarrow-24.0.0-cp312-cp312-manylinux_2_28_aarch64.whl (45.7 MB)
#44 95.35    ━━━━━━━━━━━━━━━━━━━━━━━━━━━━━━━━━━━━━━━━ 45.7/45.7 MB 781.5 kB/s  0:01:03
#44 95.53 Downloading pydantic-2.12.5-py3-none-any.whl (463 kB)
#44 118.0 Downloading pydantic_core-2.41.5-cp312-cp312-manylinux_2_17_aarch64.manylinux2014_aarch64.whl (1.9 MB)
#44 189.2    ━━━━━━━━━━━━━━━━━━━━━━━━━━━━━━━━━━━━━━━━ 1.9/1.9 MB 49.1 kB/s  0:01:11
#44 189.8 Downloading h5py-3.16.0-cp312-cp312-manylinux_2_28_aarch64.whl (5.2 MB)
#44 263.6    ━━━━━━━━━━━━━━━━━━━━━━━━━━━━━━━━━━━━━━━━ 5.2/5.2 MB 80.7 kB/s  0:01:13
#44 263.6 Downloading iso8601-2.1.0-py3-none-any.whl (7.5 kB)
#44 263.7 Downloading lxml-5.4.0-cp312-cp312-manylinux_2_28_aarch64.whl (4.8 MB)
#44 268.5    ━━━━━━━━━━━━━━━━━━━━━━━━━━━━━━━━━━━━━━━━ 4.8/4.8 MB 1.1 MB/s  0:00:04
#44 268.5 Downloading matplotlib-3.11.0-cp312-cp312-manylinux_2_26_aarch64.manylinux_2_28_aarch64.whl (10.8 MB)
#44 323.8    ━━━━━━━━━━━━━━━━━━━━━━━━━━━━━━━━━━━━━━━━ 10.8/10.8 MB 196.5 kB/s  0:00:55
#44 323.8 Downloading mcp-1.28.1-py3-none-any.whl (222 kB)
#44 324.0 Using cached httpx-0.28.1-py3-none-any.whl (73 kB)
#44 324.0 Using cached httpcore-1.0.9-py3-none-any.whl (78 kB)
#44 324.0 Downloading numpy-2.5.1-cp312-cp312-manylinux_2_27_aarch64.manylinux_2_28_aarch64.whl (15.2 MB)
#44 358.0    ━━━━━━━━━━━━━━━━━━━━━━━━━━━━━━━━━━━━━━━━ 15.2/15.2 MB 359.0 kB/s  0:00:34
#44 358.0 Downloading pandas-2.3.3-cp312-cp312-manylinux_2_24_aarch64.manylinux_2_28_aarch64.whl (11.7 MB)
#44 398.1    ━━━━━━━━━━━━━━━━━━━━━━━━━━━━━━━━━━━━━━━━ 11.7/11.7 MB 1.0 MB/s  0:00:40
#44 398.1 Downloading pillow-12.3.0-cp312-cp312-manylinux_2_27_aarch64.manylinux_2_28_aarch64.whl (6.3 MB)
#44 405.6    ━━━━━━━━━━━━━━━━━━━━━━━━━━━━━━━━━━━━━━━━ 6.3/6.3 MB 834.4 kB/s  0:00:07
#44 405.6 Downloading pytz-2025.2-py2.py3-none-any.whl (509 kB)
#44 406.6 Using cached pyyaml-6.0.3-cp312-cp312-manylinux2014_aarch64.manylinux_2_17_aarch64.manylinux_2_28_aarch64.whl (775 kB)
#44 406.7 Downloading scipy-1.18.0-cp312-cp312-manylinux_2_27_aarch64.manylinux_2_28_aarch64.whl (34.0 MB)
#44 501.3    ━━━━━━━━━━━━━━━━━━━━━━━━━━━━━━━━━━━━━━━━ 34.0/34.0 MB 326.1 kB/s  0:01:34
#44 501.3 Using cached annotated_types-0.7.0-py3-none-any.whl (13 kB)
#44 501.3 Using cached anyio-4.14.1-py3-none-any.whl (124 kB)
#44 501.3 Downloading contourpy-1.3.3-cp312-cp312-manylinux_2_26_aarch64.manylinux_2_28_aarch64.whl (332 kB)
#44 501.8 Downloading cycler-0.12.1-py3-none-any.whl (8.3 kB)
#44 501.8 Downloading fonttools-4.63.0-cp312-cp312-manylinux2014_aarch64.manylinux_2_17_aarch64.manylinux_2_28_aarch64.whl (5.0 MB)
#44 512.0    ━━━━━━━━━━━━━━━━━━━━━━━━━━━━━━━━━━━━━━━━ 5.0/5.0 MB 497.2 kB/s  0:00:10
#44 512.0 Using cached h11-0.16.0-py3-none-any.whl (37 kB)
#44 512.0 Using cached httpx_sse-0.4.3-py3-none-any.whl (9.0 kB)
#44 512.0 Using cached idna-3.18-py3-none-any.whl (65 kB)
#44 512.0 Using cached jsonschema-4.26.0-py3-none-any.whl (90 kB)
#44 512.0 Using cached attrs-26.1.0-py3-none-any.whl (67 kB)
#44 512.0 Using cached jsonschema_specifications-2025.9.1-py3-none-any.whl (18 kB)
#44 512.0 Downloading kiwisolver-1.5.0-cp312-cp312-manylinux_2_24_aarch64.manylinux_2_28_aarch64.whl (1.3 MB)
#44 513.7    ━━━━━━━━━━━━━━━━━━━━━━━━━━━━━━━━━━━━━━━━ 1.3/1.3 MB 816.6 kB/s  0:00:01
#44 513.7 Downloading packaging-26.2-py3-none-any.whl (100 kB)
#44 513.8 Using cached pydantic_settings-2.14.2-py3-none-any.whl (61 kB)
#44 513.8 Using cached pyjwt-2.13.0-py3-none-any.whl (31 kB)
#44 513.9 Downloading cryptography-49.0.0-cp311-abi3-manylinux_2_34_aarch64.whl (4.7 MB)
#44 532.4    ━━━━━━━━━━━━━━━━━━━━━━━━━━━━━━━━━━━━━━━━ 4.7/4.7 MB 246.7 kB/s  0:00:18
#44 532.4 Using cached cffi-2.1.0-cp312-cp312-manylinux2014_aarch64.manylinux_2_17_aarch64.whl (222 kB)
#44 532.4 Using cached pyparsing-3.3.2-py3-none-any.whl (122 kB)
#44 532.4 Using cached python_dateutil-2.9.0.post0-py2.py3-none-any.whl (229 kB)
#44 532.4 Using cached python_dotenv-1.2.2-py3-none-any.whl (22 kB)
#44 532.4 Downloading python_multipart-0.0.32-py3-none-any.whl (30 kB)
#44 532.5 Using cached referencing-0.37.0-py3-none-any.whl (26 kB)
#44 532.5 Using cached rpds_py-2026.6.3-cp312-cp312-manylinux_2_17_aarch64.manylinux2014_aarch64.whl (368 kB)
#44 532.5 Using cached six-1.17.0-py2.py3-none-any.whl (11 kB)
#44 532.5 Using cached sse_starlette-3.4.5-py3-none-any.whl (16 kB)
#44 532.5 Downloading starlette-1.3.1-py3-none-any.whl (73 kB)
#44 532.5 Using cached typing_extensions-4.16.0-py3-none-any.whl (45 kB)
#44 532.5 Using cached typing_inspection-0.4.2-py3-none-any.whl (14 kB)
#44 532.5 Downloading tzdata-2026.3-py2.py3-none-any.whl (348 kB)
#44 532.8 Downloading uvicorn-0.51.0-py3-none-any.whl (73 kB)
#44 532.8 Using cached click-8.4.2-py3-none-any.whl (119 kB)
#44 532.8 Downloading certifi-2026.6.17-py3-none-any.whl (133 kB)
#44 532.9 Using cached pycparser-3.0-py3-none-any.whl (48 kB)
#44 533.2 Building wheels for collected packages: entrelineas-tactical-evidence
#44 533.2   Building editable for entrelineas-tactical-evidence (pyproject.toml): started
#44 533.4   Building editable for entrelineas-tactical-evidence (pyproject.toml): finished with status 'done'
#44 533.4   Created wheel for entrelineas-tactical-evidence: filename=entrelineas_tactical_evidence-0.1.0-0.editable-py3-none-any.whl size=1556 sha256=5905dfec6a8b8973f3a3012576f9db35a7ffeaeb68a884e37e2215a867f57089
#44 533.4   Stored in directory: /tmp/pip-ephem-wheel-cache-qrvnuzxd/wheels/54/1b/b7/aa63e25c8f14f4f2ae7b04e6097bdecb770e455c5c1ee0a600
#44 533.4 Successfully built entrelineas-tactical-evidence
#44 533.5 Installing collected packages: pytz, tzdata, typing-extensions, six, rpds-py, PyYAML, python-multipart, python-dotenv, pyparsing, pyjwt, pycparser, pyarrow, pillow, packaging, numpy, lxml, kiwisolver, iso8601, idna, httpx-sse, h11, fonttools, cycler, click, certifi, attrs, annotated-types, uvicorn, typing-inspection, scipy, referencing, python-dateutil, pydantic-core, httpcore, h5py, contourpy, cffi, anyio, starlette, pydantic, pandas, matplotlib, jsonschema-specifications, httpx, cryptography, sse-starlette, pydantic-settings, jsonschema, floodlight, mcp, entrelineas-tactical-evidence
#44 547.3 
#44 547.3 Successfully installed PyYAML-6.0.3 annotated-types-0.7.0 anyio-4.14.1 attrs-26.1.0 certifi-2026.6.17 cffi-2.1.0 click-8.4.2 contourpy-1.3.3 cryptography-49.0.0 cycler-0.12.1 entrelineas-tactical-evidence-0.1.0 floodlight-1.2.0 fonttools-4.63.0 h11-0.16.0 h5py-3.16.0 httpcore-1.0.9 httpx-0.28.1 httpx-sse-0.4.3 idna-3.18 iso8601-2.1.0 jsonschema-4.26.0 jsonschema-specifications-2025.9.1 kiwisolver-1.5.0 lxml-5.4.0 matplotlib-3.11.0 mcp-1.28.1 numpy-2.5.1 packaging-26.2 pandas-2.3.3 pillow-12.3.0 pyarrow-24.0.0 pycparser-3.0 pydantic-2.12.5 pydantic-core-2.41.5 pydantic-settings-2.14.2 pyjwt-2.13.0 pyparsing-3.3.2 python-dateutil-2.9.0.post0 python-dotenv-1.2.2 python-multipart-0.0.32 pytz-2025.2 referencing-0.37.0 rpds-py-2026.6.3 scipy-1.18.0 six-1.17.0 sse-starlette-3.4.5 starlette-1.3.1 typing-extensions-4.16.0 typing-inspection-0.4.2 tzdata-2026.3 uvicorn-0.51.0
#44 547.3 WARNING: Running pip as the 'root' user can result in broken permissions and conflicting behaviour with the system package manager, possibly rendering your system unusable. It is recommended to use a virtual environment instead: https://pip.pypa.io/warnings/venv. Use the --root-user-action option if you know what you are doing and want to suppress this warning.
#44 DONE 548.7s

#45 exporting to image
#45 exporting layers
#45 exporting layers 34.1s done
#45 exporting manifest sha256:e7bf5528ff335167cf059241f7a17eccfb0d700d46de03457f472384ce02fad0 done
#45 exporting config sha256:786902035f62d951673fa36c689b28c2c24b06ff2d25e827f48c4488474b248c done
#45 exporting attestation manifest sha256:9f2c0cc7450f30f78c1a117fc7d05b9679fddc2c20f9591d631f0b2e46b507e4 done
#45 exporting manifest list sha256:f54d2b6e3a6bcae1bd7592e08e2a137cb02daf5389afc46adb175b7466af3570 done
#45 naming to docker.io/library/priori-deploy2:local done
#45 unpacking to docker.io/library/priori-deploy2:local
#45 unpacking to docker.io/library/priori-deploy2:local 48.3s done
#45 DONE 82.6s

 [33m1 warning found (use docker --debug to expand):
[0m - SecretsUsedInArgOrEnv: Do not use ARG or ENV instructions for sensitive data (ENV "CODEX_AUTH_FILE") (line 31)
